Metric,Dataset,harmonypy_scale_ilisi,harmonypy_scale_pcr,harmonypy_sel50_ilisi,harmonypy_sel50_pcr,harmonypy,liger,liger_scale_ilisi,liger_scale_pcr,liger_sel50_ilisi,liger_sel50_pcr,nmf,nmf_scale_ilisi,nmf_scale_pcr,nmf_sel50_ilisi,nmf_sel50_pcr,pca,pca_scale_ilisi,pca_scale_pcr,pca_sel50_ilisi,pca_sel50_pcr,sca,sca_scale_ilisi,sca_scale_pcr,sca_sel50_ilisi,sca_sel50_pcr,scanorama,scanorama_scale_ilisi,scanorama_scale_pcr,scanorama_sel50_ilisi,scanorama_sel50_pcr,scvi,scvi_scale_ilisi,scvi_scale_pcr,scvi_sel50_ilisi,scvi_sel50_pcr,seurat,seurat_scale_ilisi,seurat_scale_pcr,seurat_sel50_ilisi,seurat_sel50_pcr,harmonypy_sel80_pcr,harmonypy_seliqr_pcr,liger_sel80_pcr,liger_seliqr_pcr,nmf_sel80_pcr,nmf_seliqr_pcr,pca_sel80_pcr,pca_seliqr_pcr,sca_sel80_pcr,sca_seliqr_pcr,scanorama_sel80_pcr,scanorama_seliqr_pcr,scvi_sel80_pcr,scvi_seliqr_pcr,seurat_sel80_pcr,seurat_seliqr_pcr,harmonypy_subbm_pcr,liger_subbm_pcr,nmf_subbm_pcr,pca_subbm_pcr,sca_subbm_pcr,scanorama_subbm_pcr,scvi_subbm_pcr,seurat_subbm_pcr,harmonypy_sel67_pcr,liger_sel67_pcr,nmf_sel67_pcr,pca_sel67_pcr,sca_sel67_pcr,scanorama_sel67_pcr,scvi_sel67_pcr,seurat_sel67_pcr,harmonypy_sel67_ilisi,harmonypy_subbm_ilisi,liger_sel67_ilisi,liger_subbm_ilisi,nmf_sel67_ilisi,nmf_subbm_ilisi,pca_sel67_ilisi,pca_subbm_ilisi,sca_sel67_ilisi,sca_subbm_ilisi,scanorama_sel67_ilisi,scanorama_subbm_ilisi,scvi_sel67_ilisi,scvi_subbm_ilisi,seurat_sel67_ilisi,seurat_subbm_ilisi,harmonypy_sel80_ilisi,liger_sel80_ilisi,nmf_sel80_ilisi,pca_sel80_ilisi,sca_sel80_ilisi,scanorama_sel80_ilisi,scvi_sel80_ilisi,seurat_sel80_ilisi,harmonypy_selfix10_pcr,liger_selfix10_pcr,nmf_selfix10_pcr,pca_selfix10_pcr,sca_selfix10_pcr,scanorama_selfix10_pcr,scvi_selfix10_pcr,seurat_selfix10_pcr,harmonypy_selfix01_pcr,seurat_selfix01_pcr,nmf_selfix01_pcr,pca_selfix01_pcr,sca_selfix01_pcr,scanorama_selfix01_pcr,scvi_selfix01_pcr,liger_selfix01_pcr,concord,concord_scale_ilisi,concord_scale_pcr,concord_sel50_ilisi,concord_sel50_pcr,concord_sel67_ilisi,concord_sel67_pcr,concord_sel80_ilisi,concord_sel80_pcr,concord_selfix01_pcr,concord_selfix10_pcr,concord_seliqr_pcr,concord_subbm_ilisi,concord_subbm_pcr
ari,dkd,0.763059985615529,0.765560753061985,0.0349242236309456,0.0207083948759746,0.7808155355516573,0.7539659965762511,0.7424246080561132,0.7284910418798988,0.7063328711695699,0.041988512620584,0.6536992917067178,0.6524316161758615,0.6497627393816512,0.5101098829099099,0.7453687774619674,0.6463346766624268,0.7586316149348724,0.7307372068959361,0.0347540063046485,0.5867420499339107,0.6220944983955375,0.6685996843980585,0.6283133606901254,0.6328438928342245,0.7078335421554957,0.7633618420856821,0.7632913903699037,0.7662149087790503,0.6934312349759978,0.783870121054256,0.7609128576181754,0.4945005334507147,0.8087733780851235,0.0601389615641819,0.2150825475585271,0.703814966609102,0.6930596632769858,0.705548934125148,0.6630284591424903,0.5862465013677551,0.0845634415225709,0.0904022612116387,0.3019151921869746,0.6696787170657384,0.7545289900885901,0.7540411599712916,0.8011428816871567,0.7235314565679378,0.7609439735152497,0.6499769465813818,0.758521180459646,0.7562435083163394,0.7478898808972445,0.7980775578023764,0.6658887541259311,0.7117986048866385,0.765868394749863,0.7512769964091023,0.6483352786609422,0.7611564220859913,0.648686715189881,0.7664665252695563,0.7518208086833946,0.691309123672147,0.0665998298791315,0.0966114558422503,0.7524991008822421,0.6815694134641969,0.8026847382033585,0.8106232640279744,0.6577864755308361,0.6561702187028532,0.0518376320693448,0.7672937307229378,0.7230978396455827,0.7528384619065014,0.5664350589506462,0.6527762645880252,0.0545142353059063,0.7634973807712352,0.7206914374162378,0.6296909844641431,0.7557314908837529,0.764804542797284,0.1509852563998828,0.7593907582226734,0.6733870639388571,0.761578524842983,0.073512119624343,0.7440006057841362,0.648080732667656,0.2047492384175646,0.7529527899681102,0.7702780509351387,0.3374786507850346,0.6790240561936082,0.7894142586535688,0.7486297722306118,0.7565019537630301,0.755912134365196,0.7626714099615182,0.7736289565452826,0.8175412909898955,0.703814966609102,0.7385397653836007,0.6680899585763487,0.7453687774619674,0.5867420499339107,0.7078335421554957,0.783870121054256,0.2150825475585271,0.4651028823612956,0.7527376269213761,0.7419358565376363,0.74353735371015,0.6632571829694633,0.689092710886202,0.7289904791405271,0.7336993501963366,0.754236127680133,0.750598591652354,0.689092710886202,0.7527376269213761,0.7527724555870323,0.6915691079960585,0.7518050330818353
ari,gtex_v9,0.4999989717275344,0.5467863949751485,0.0913267049063081,0.0909702115029644,0.6317573347724867,0.5607380254648946,0.5540427410412511,0.5724969642981044,0.4506279155848611,0.1970841472850401,0.7128183353088913,0.68061244152501,0.697974242976702,0.5548717532631786,0.4719602582910716,0.6811013500931966,0.6902293699111123,0.7163974117970819,0.1681520599869834,0.1967423177709396,0.7067689639819431,0.7117271281925508,0.7092715485503711,0.5412983139317908,0.5374546603090021,0.6874612088281196,0.704484725909176,0.6839477655141033,0.2662032889864608,0.2749198968698038,0.710462958289241,0.6923913634115253,0.7056265326952627,0.1243850807531951,0.096984390062083,0.5224865545132481,0.5175760829999633,0.4977146574973312,0.3813557763986474,0.3467837792470428,0.3278427535673218,0.3999693088190219,0.3560635507059296,0.5605487698485886,0.6540665324611403,0.6928700291635665,0.670725288406262,0.7286729121567047,0.6510739720161709,0.7145407396466491,0.7204159946324575,0.6807646576684684,0.69196484357849,0.6916790273862814,0.5027341918368473,0.5155060880708047,0.6606296683878512,0.5266574121801011,0.7132200291001152,0.6235365692791415,0.6727964117777109,0.6883933862560656,0.7111958121766886,0.4927795214310743,0.175032699936157,0.2099125544844047,0.5240909422481085,0.2405095614317677,0.6753652363080458,0.6094736215238742,0.4982581249621151,0.4926251163256686,0.1927410395878511,0.6602091539946245,0.5043052581566133,0.5597095804564814,0.5749532219765929,0.6983216254890775,0.2579871120687917,0.6284627084349378,0.6037726010157064,0.6385924522514264,0.5371792924326572,0.6817415047722566,0.4312921077847966,0.7042568116113863,0.4713701067888627,0.5044668313148281,0.3342855958629007,0.5245159297802025,0.6369293815868365,0.3808324967849924,0.6185139785728311,0.6374075728249659,0.5691466736125278,0.5243213168746331,0.6552341573230146,0.5276650908702816,0.6396199635666598,0.6846774448897848,0.689721509392322,0.698077722438214,0.7103054394581858,0.5224865545132481,0.394254117892878,0.4679732636824157,0.4719602582910716,0.1967423177709396,0.5374546603090021,0.2749198968698038,0.096984390062083,0.1970841472850401,0.6638733567659537,0.6643368027820694,0.6369067883548295,0.6518318272290544,0.6105603475690714,0.6402358891900792,0.6312453238935736,0.6582850227568156,0.6409735711571288,0.6105603475690714,0.6638733567659537,0.6435497191847025,0.6479429244451447,0.6652412190709067
ari,hypomap,0.5924774748537703,0.5874665987142381,0.3927578695838049,0.7171673090509,0.4935078977070634,0.2676650157720328,0.3018011676326561,0.2455801573967169,0.3058915327618077,0.1507570737838907,0.3023369758056601,0.3081539197353833,0.302863662117689,0.3074818367718746,0.7175679983170709,0.2879380253086659,0.3040687498956061,0.2789005426505882,0.1242261913703001,0.1842394221117056,0.2612526685726463,0.2688005415733858,0.2881563386853036,0.4060035678606444,0.4718708401781276,0.2652055222322986,0.252033515595379,0.2642003172572443,0.8413468082168638,0.3316712132563865,0.2355020069845093,0.2572115082256384,0.251524239591576,0.6649089503873432,0.4220455488372652,0.3389773232445607,0.4255832998627167,0.411559058832805,0.5279158408015789,0.226713857913165,0.6339095167541859,0.5858229235483332,0.1380611183293058,0.2504270258498979,0.3226942581015811,0.3093896788118361,0.4065366708158548,0.2972589745598296,0.3260954629705119,0.2852605667999365,0.2596253322566039,0.2747030212340239,0.2889780257709688,0.25251649652271,0.4448252793513224,0.4291524156516809,0.5126480559959028,0.2672979924970826,0.2959338942554165,0.2743880078576769,0.2627822835976308,0.2212050078415573,0.2486496385123886,0.4080070691387797,0.6062150563255192,0.1704147916541353,0.3693672018679639,0.3789530944534487,0.3103436007182762,0.277321077914336,0.3370660421100694,0.5229676658823209,0.6986320015156731,0.4738251498581363,0.28245849430804,0.2620775088554258,0.2536125274362261,0.3176654440582268,0.497981986215184,0.27687699202048,0.4179239933473678,0.2769680708314315,0.6624775318401808,0.2459300199447704,0.5284784626756241,0.2641792073959623,0.5368059260332908,0.4253457755768527,0.7259247320997422,0.2991701451244706,0.2874182134597768,0.3659325621782354,0.3514336013093599,0.7578692197838451,0.4085763637634581,0.5294727503513093,0.4871321534599363,0.2676650157720328,0.2986513410049359,0.2645989140584547,0.2612526685726463,0.2652055222322986,0.2355020069845093,0.3389773232445607,0.473116819236385,0.424942481271613,0.5746643120188313,0.4237431735516566,0.434771723977244,0.2864525036297777,0.2956574168053929,0.2544108332642543,0.195103208422513,0.1902151560870958,0.2035089903907745,0.2250590820316604,0.2040997552306219,0.2122026464215196,0.2000249905797642,0.2012858300906068,0.1949944074955839,0.210098784351234,0.195103208422513,0.2068413802685789,0.1945918049162463,0.1900564670938393
ari,immune_cell_atlas,0.6107301559140764,0.588700505219754,0.1902253787410361,0.0592068357007979,0.6042189150807789,0.4703123375593408,0.4711802633009462,0.4645743552569684,0.3686822448912384,0.0997995867181796,0.4282754444267216,0.4265246585694527,0.4337845827892652,0.4173179598045141,0.5209917296882007,0.407337437003117,0.3594763193792732,0.3991936580335063,0.0781505877102959,0.0599161269560097,0.3908394234140656,0.3874711401593588,0.4016443943605305,0.3056503690911814,0.4339019039167368,0.5211084337076342,0.6010226499695909,0.5634364150021081,0.3118676650589521,0.4239366686423567,0.6896667065384658,0.6886752301875464,0.666785651949235,0.3854995513534985,0.2004930414088381,0.6862152468590149,0.6617631714652733,0.6834374801580541,0.622731138172541,0.4990723853875187,0.2381230555519725,0.2776139060997336,0.2940964894360487,0.3612694501013511,0.5697478560861674,0.5146730301447957,0.3408612090784467,0.5086629484530014,0.4061978212880124,0.4097629214873783,0.5626407689260636,0.5896900321763798,0.5337963233811962,0.6900952721552516,0.6724768981899473,0.6521165525808856,0.5499921672980378,0.4861709752876567,0.4901679811429572,0.4020399170179209,0.4006775561777965,0.520265451807908,0.6660265711359271,0.6322174443615117,0.1812952821171155,0.1450669823001971,0.6538899072580466,0.2862363803332308,0.4295018277374214,0.523768853733953,0.4929944063503947,0.6673282395867459,0.1581301440452234,0.5450569082034266,0.4063049071110886,0.4911385616945742,0.4744166552198112,0.4232768773258243,0.1536208680930958,0.3974558841293185,0.3305006377474265,0.3773033338273997,0.4929860542910969,0.4731540564867754,0.4211518345105248,0.6956430504196319,0.637498597108821,0.6130749311194683,0.2303018261934464,0.4655640356094301,0.4536798474446067,0.2657842234525296,0.3829639221564485,0.5135498357986304,0.5652723453752366,0.6678353227803309,0.6024649024460818,0.4703123375593408,0.5626083781575973,0.4711438782114464,0.4066716435161285,0.6595492402268835,0.6965695589254786,0.6862152468590149,0.5029262509482432,0.6566562727105693,0.5209917296882007,0.0599161269560097,0.4339019039167368,0.4239366686423567,0.2004930414088381,0.3248019284521504,0.6922581572049682,0.7052642058657543,0.7365616928825027,0.6834525572669333,0.699791648504587,0.7095698514868216,0.7035193275774881,0.6939882711791698,0.699071405861033,0.706762288374842,0.6922581572049682,0.6930828354256451,0.6728953383458879,0.6968632297786772
ari,mouse_pancreas_atlas,0.779439040212524,0.8026630856798657,0.1920287724213068,0.1912070642037966,0.822923410514835,0.5944910531478974,0.5909623424334215,0.5210304090896197,0.4836108809451784,0.0917056135659015,0.377276052985031,0.4697357017274974,0.4632994298470804,0.5299280527591655,0.7982980687855818,0.3585183467761348,0.3607366295175612,0.3657577428009717,0.1571549898252921,0.2045963538625954,0.3342602684892268,0.3534243256630592,0.3304415547768508,0.3695804833512284,0.4220936301286492,0.4415020932503367,0.4277274781990308,0.5380012774210072,0.2960555207156284,0.5644195001609916,0.8576045044066792,0.8515032633398874,0.8521542783466806,0.0767906908299167,0.4912201526858931,0.6437218772623696,0.6424748309179069,0.6303358900055733,0.5479652835492861,0.6066662967440177,0.6610694044144151,0.7779946623391037,0.4758479851802755,0.4671445898149208,0.6399441273535991,0.4702134736567601,0.4803538016213961,0.4009051229455456,0.410715325741236,0.360263404337537,0.5311699207319319,0.4291682161062048,0.8217925338811571,0.8510548563387547,0.6327472907659343,0.6345675716583129,0.5482940412626273,0.6028160767938132,0.5346261545621518,0.4010939772399565,0.3740610957654492,0.3980646607553525,0.8270125326326973,0.3483658077069134,0.2407169607254985,0.2944894685264268,0.8364020929235738,0.5242229750984432,0.4109295513228387,0.5645542594334234,0.5385694042525695,0.6204691707675878,0.252627641267669,0.569500421780499,0.5872478778983917,0.5945816757050818,0.5365474535200655,0.4756579633617741,0.2467048286618611,0.3425044418055721,0.3220081017796431,0.2977782597660854,0.3822675910627906,0.3873576540159454,0.4703223218200161,0.826259389767279,0.6187679858849533,0.3090570928701787,0.294493754684586,0.5951049439805558,0.3541925610037327,0.218305799302609,0.2553453541909791,0.3532412480020395,0.5657676662780852,0.616890399042421,0.7951145146873421,0.4577646730021317,0.4321669045854777,0.5263271443676061,0.5454190788039156,0.5717433774589836,0.5578896090222286,0.6437218772623696,0.2159514175977596,0.6116935263838981,0.7982980687855818,0.2045963538625954,0.4220936301286492,0.5644195001609916,0.4912201526858931,0.0917056135659015,0.8356170593831781,0.8323495096154635,0.8388041131730827,0.8310494866282918,0.8228076868955103,0.8529865983362007,0.8287069148067604,0.8237268508116756,0.838601651097981,0.8228076868955103,0.8388093066220972,0.8388255746200572,0.8211655537640642,0.8382623868222732
ari,tabula_sapiens,0.3846419084718545,0.3931159506340905,0.2567697380103159,0.2888933462003714,0.3890515251210439,0.3687433415266322,0.3837617927384215,0.3762303041221599,0.2611367342885758,0.2119718011011797,0.4238971251400298,0.4526206928686888,0.4439742079671355,0.3202146702780132,0.2948288698154439,0.4308678700911632,0.4028416228658786,0.4047060607576445,0.3017492288040476,0.2801650542463136,0.4513159136559758,0.4065756599442139,0.4325123268481781,0.3398814016852247,0.3944581184124244,0.4623877643239594,0.4628783383865425,0.4688812231930772,0.4611402787981084,0.4670822527801861,0.4419684523884518,0.4232751654163396,0.4441752918896955,0.3569615847151048,0.4506597795649078,0.3934781289041867,0.3994848774901838,0.4180075435410459,0.3289491565379416,0.3537788714190856,0.3867233631660003,0.413278857929122,0.3484981511265827,0.3816556563395868,0.4191982731044283,0.4273787860358232,0.411276601031444,0.4038175464136903,0.4200331603143059,0.4275358685854656,0.4209892122937744,0.4625793322476479,0.4609863527559973,0.4457731847069932,0.3661770454680116,0.3754504637257331,0.4683941314855891,0.4007113507255201,0.4438206756978329,0.4149786139765601,0.4030483333984496,0.4367823986797326,0.4227463409176967,0.4377306250093766,0.382846859492493,0.328935606196634,0.3710577480186007,0.4162322955888193,0.4198567008532723,0.4656964007970056,0.4636971850893147,0.364852458842873,0.3328309023760871,0.4780272527273722,0.2965263699807786,0.3455523241662657,0.380336819917387,0.4386418330905452,0.3814959324743922,0.3670169359693352,0.3805032597101861,0.3869027363259117,0.4693367966970375,0.3395938727346023,0.450926167532351,0.4182223654594346,0.3874837438144011,0.422133343900602,0.3837471789192592,0.3302207300422139,0.3955503451106478,0.4195336195923024,0.3810691037388192,0.4619622767055146,0.4723611958108398,0.3750360231236086,0.4029152338926086,0.3864996764272352,0.42624747402855,0.4451731243093315,0.4387752382152022,0.4529751769891299,0.448516045467772,0.3934781289041867,0.3966969893141606,0.3857671402134174,0.2948288698154439,0.2801650542463136,0.3944581184124244,0.4670822527801861,0.4506597795649078,0.2119718011011797,0.4486295800102011,0.451983404883204,0.4460761754917124,0.4484316089372893,0.4327297226958649,0.4593260178070485,0.4287496480940002,0.4632430218011383,0.4435404468477352,0.4327297226958649,0.4486295800102011,0.4498585722582018,0.4520046147763867,0.4629663011277883
ari,celegans_embryo,0.7106186623561105,0.708697405640551,0.5994214454449556,0.5583098811974468,0.7355259728696472,0.3818245266379124,0.5386120843575403,0.445274022300711,0.3148214859561873,0.1004365605698689,0.7238787336578387,0.5280380668005867,0.6593035048243072,0.3928500398880334,0.3818155221801366,0.5401499179599059,0.7030156004075653,0.7067015326929931,0.5583887139825054,0.4285000630320115,0.714208617517692,0.6932593905171668,0.6998113373552873,0.5558103846714151,0.6014232125147555,0.5996337233579709,0.5878591120393934,0.5962000766045457,0.632280838820167,0.6660742348043557,0.748487445632555,0.7458143988277867,0.7414284990673796,0.4461147550404993,0.7160317071261421,0.6075422793059501,0.5886177768921232,0.5817893673215526,0.7088281913003376,0.7346027656352759,0.5190280698409202,0.7060533981384524,0.3008022742418991,0.3820360038772932,0.4408522427550673,0.4681371503036164,0.6873447176624343,0.7143401846679029,0.6517903359722736,0.7213128709373348,0.5810838352831433,0.7622787537412489,0.7484659239178216,0.7488720235251883,0.620688560675888,0.6239799568633695,0.7029093615839952,0.4695255164881653,0.6641027004368342,0.7316283097663393,0.7383770210308553,0.5679846186190879,0.7481897228238533,0.5979458875318465,0.6306356698199396,0.2705567710205451,0.413300738118428,0.669340055833775,0.7729808356946235,0.6865618744045731,0.7454312936103087,0.7224591716361946,0.7053417552711366,0.6958516750713865,0.3104247031160275,0.3886083599436907,0.3980760521111349,0.6005885830253136,0.6750620552482637,0.7315005079872217,0.7111091243946445,0.5821653049448791,0.6657023516089223,0.588492601455973,0.6800258900124945,0.7616811181786468,0.605804288734498,0.5768794911496118,0.6900010131493939,0.4375280366754246,0.471247599747062,0.6808308207553426,0.7274546608554397,0.6951933946326377,0.6968129844255674,0.5958367505346659,0.7311599285406268,0.3818245266379124,0.4681371503036164,0.7399676293841617,0.7471812810143887,0.7046582563036173,0.7483018527920922,0.6419213930239612,0.7004733031370354,0.5733803839317937,0.3818155221801366,0.4285000630320115,0.6014232125147555,0.5982895030055522,0.7160317071261421,0.2915013764337931,0.4392042339015006,0.4179064394367326,0.4131733503936124,0.4020033522116148,0.382571079033203,0.4063302880400282,0.4109725284350841,0.4305642843865124,0.4189120835352262,0.4036615626404463,0.4392042339015006,0.4036615626404463,0.4135144241603635,0.4377048053575277
ari,ocular_atlas,0.5974304107601287,0.5905182560879775,0.1881990477494343,0.1379569998474709,0.6034122297528904,0.5291008535241788,0.5450169396276764,0.5311720477224839,0.3725520333040588,0.0695649719136241,0.6934816856253234,0.6762549590139876,0.6802348647103329,0.3218485916100955,0.2404307931271206,0.6650210004740317,0.6420429532619094,0.6406202988462553,0.3778777757985999,0.4687534486037187,0.6820084126086006,0.6572021070492218,0.6729246064974633,0.6312687586830649,0.6423499474414915,0.6661469114969367,0.6804745172419201,0.6627456817770441,0.5933959881764511,0.6446498011425978,0.6776000731391904,0.6747647436509607,0.678460768339341,0.3675377627791307,0.6409985165867866,0.3647481850390293,0.3806583859685049,0.3910900646279271,0.3696601983160997,0.2233407738570587,0.5910751222123269,0.6187914127715353,0.3424115751159806,0.3838281545428251,0.5401220241843858,0.5528250040726337,0.6441354400963808,0.6673772960579146,0.6517168069433995,0.6572302891284747,0.6777323739050134,0.6715222686256973,0.6605957020689661,0.6574742641627028,0.3516533099913004,0.3506950229686308,0.5934814318964784,0.5434264535865846,0.6803519579487638,0.6396931000944075,0.6006499772728957,0.667673450816762,0.6669477616999049,0.388289256806258,0.2934656635505531,0.2129263081761667,0.4396144380583785,0.652579061952365,0.662669038340199,0.6584500500764814,0.6567987301309456,0.2792789938867187,0.3349114043349365,0.5939863007971622,0.4096833914632089,0.5327576797754896,0.4556015264759708,0.6876135904757968,0.5705418848456594,0.6393419862163341,0.6412645761520815,0.5763902710990111,0.6509271149524338,0.5665391502734761,0.5437774596140322,0.657177357691622,0.3781004672697056,0.3849502307750803,0.6077007406634802,0.4952854399169786,0.5508649595886744,0.6610320036978682,0.6254242439332334,0.656723611238121,0.681245615756797,0.3742992318392875,0.6033163662878626,0.5203919319181752,0.5191479276584857,0.6768905523339946,0.6598639022891979,0.6829640224969407,0.6659664619783469,0.3647481850390293,0.3326000265010391,0.3506950229686308,0.2404307931271206,0.4687534486037187,0.6423499474414915,0.6446498011425978,0.6409985165867866,0.0695649719136241,0.6342244732386771,0.6305011945041018,0.6312868793802409,0.6043672209488625,0.5743879176814818,0.6048918429085005,0.5950443413632361,0.6435317932192214,0.600532520911793,0.5743879176814818,0.6474797860259021,0.615563570011645,0.6415419955255467,0.6520944977621602
ari,tabula_muris,0.6779517428538095,0.6688328713390008,0.4541995731809957,0.4280589727316664,0.6605881422160448,0.5450106340765963,0.5572297829634291,0.5442408778867374,0.360066499310844,0.1522422557696728,0.7370148989845097,0.7402897277031657,0.7394053301199806,0.3869317150073186,0.2509975336871284,0.7080967613511099,0.7452160456002093,0.7324192424165499,0.4600006615873847,0.5406418786916092,0.6715559626148886,0.7346887063368757,0.7049847883239556,0.712189364288812,0.7033044540578077,0.6742259955605454,0.676984608987182,0.678783018208459,0.6307141891356337,0.7271978947826774,0.6722480346180654,0.6642584602235432,0.6946049281916556,0.6385508640508178,0.3088774387265935,0.6045261792795183,0.5862004510134349,0.5705475426086942,0.527949243512559,0.5749819007417947,0.6562207796390054,0.6611414790459306,0.331804225524566,0.3161593315350134,0.6598635277681759,0.7861873199202087,0.6788180146326525,0.7256014377108728,0.7190687973044426,0.7089293973356998,0.6970802531347486,0.6775666199038708,0.6553007474120541,0.6540712528648805,0.5842893131165732,0.5699720734727618,0.5923104198973262,0.5659166080973144,0.7529127725735726,0.5563263587205439,0.6524302069004563,0.6137220977862378,0.6279122993999496,0.5134590950792802,0.6095891266014182,0.2252346266103372,0.4930323797380886,0.6670339225618612,0.6801967866871227,0.7112597911184978,0.6491906698162436,0.5794896589540702,0.5713950644829565,0.5346445418088083,0.432285384633224,0.5696974171075061,0.6504433079623924,0.7624861313046025,0.5676469820015253,0.6028962653289444,0.7329849775700307,0.5337327721280957,0.693567312038486,0.5266321968234645,0.6264642678712202,0.665528898949831,0.5510884288680131,0.5028125705114731,0.6570787009638872,0.4606753930799624,0.7206406831246343,0.7345564954130508,0.7179688685463065,0.6659602446442219,0.6284031438775146,0.541371376006816,0.6766573474902859,0.5689705161204294,0.6753866444177465,0.6993440693345203,0.6506195440796909,0.6784773270876309,0.6722480346180654,0.6073153935379114,0.6500686503707144,0.5631411487126422,0.2509975336871284,0.5406418786916092,0.7033044540578077,0.7271978947826774,0.3088774387265935,0.1522422557696728,0.6817395931609546,0.6880989530470856,0.666321503022878,0.6809482711764244,0.6679553515275124,0.6712170805636712,0.675156492228083,0.6686779264655353,0.6938398916656817,0.6679553515275124,0.6678029650748573,0.661050387141089,0.6591053223888436,0.6611130459604015
ari_batch,dkd,0.830167676379871,0.8311301088045624,0.9794775739260316,0.9861265498144208,0.8293185772501556,0.8468804520016556,0.8479137152839001,0.8655002392923377,0.8496645045230309,0.9946773225570638,0.6757307911344561,0.6812829701742192,0.6904679679778654,0.5831903766175587,0.8463731834200103,0.685976372159946,0.8330462119353693,0.7934932445720911,0.9812917838152072,0.8447650503539418,0.6461188037444986,0.6477601340987144,0.6557047623690206,0.8538008589589092,0.8147811068624214,0.8299321000449505,0.8175017857476784,0.8364350707445349,0.8848978162519636,0.8826159017876601,0.8411736486426955,0.8797233899731038,0.8487062389887868,0.970883088276454,0.9689059437492225,0.8526256265994538,0.8525948861890574,0.8519682891890107,0.8628400277399552,0.8943661950002281,0.9187902824871792,0.952016373558117,0.9505301949919932,0.87803694349391,0.8418276088229812,0.8396615587607568,0.8214755530844408,0.8019180009463284,0.8352650765634418,0.6949163964777755,0.8314533711156731,0.8310372989970445,0.8472781665158144,0.8523970067459856,0.8718334493043486,0.8475073136884187,0.8418186522576143,0.8509045783620678,0.6869131857208417,0.8332771053982535,0.6969149883558095,0.8434869357276591,0.8513312878666074,0.8623515981525828,0.9514144164056696,1.0,0.8450557249400128,0.8238327734310947,0.8380057462282222,0.8364453499485516,0.8602022797121256,0.8787099383927356,0.9976039671293478,0.8365592079786232,0.8553664396704964,0.8510641718922412,0.6732126109866026,0.6913538328852862,0.9211794236881342,0.8467778119653211,0.843444659365882,0.6669602877054525,0.8492765129296914,0.8442341814030173,0.9820364484574046,0.8511558552178131,0.8622656867558831,0.8495553183267416,0.9654791650376168,0.8484022148667864,0.6723738946850002,0.6563390740789473,0.8424716553020436,0.8430588069124941,0.9254711707959726,0.861175981773865,0.8201915865601914,0.8473804164049866,0.8434245896721403,0.8287964932249501,0.8378812874782711,0.827968234200479,0.841638179596075,0.8526256265994538,0.8409181296986232,0.8700218140822475,0.8463731834200103,0.8447650503539418,0.8147811068624214,0.8826159017876601,0.9689059437492225,0.9314873181188964,0.8531640904310368,0.8676731810245913,0.8576696682615759,0.8724405527742395,0.8569416765134444,0.8683560902177074,0.8692663201303429,0.8553963011954356,0.8542388354325101,0.8569416765134444,0.8531640904310368,0.8537884125611105,0.8647581796745043,0.8551553589899586
ari_batch,gtex_v9,0.6198830510534742,0.63629533353886,0.9200796029823364,0.93675443481065,0.6716050841974411,0.755218871661084,0.75892617372209,0.7368288449596099,0.7935271850637248,0.9549913031737808,0.4497155278537555,0.5119787360539446,0.517202378178648,0.573344073820467,0.8053615085092238,0.4464733835650839,0.4511602499470805,0.4693276848229917,0.7500889770810151,0.7118202963840986,0.4506422623958711,0.4455292695184503,0.4739992651855784,0.5672729541530852,0.574468355854938,0.4347132088482756,0.4466406229366182,0.4404801148947037,0.8527593787813833,0.8698969393881533,0.4746161011929058,0.4785791171280963,0.4854476034354855,0.9345073946394028,0.9170007793304772,0.8027641406692595,0.8149952363356998,0.8069887322771642,0.924676032744909,0.9060163443259648,0.698013407917905,0.6562245619071081,0.7880613965517885,0.7572074290245547,0.5545203305325062,0.5487648440553075,0.4095811428331268,0.4644844736097454,0.4343888576073293,0.4729766489985897,0.5077390626995733,0.4613095962433673,0.5981435333415867,0.4757470433164683,0.8342210018183744,0.8003905583519976,0.6389326581246488,0.7363081017370591,0.4636857711325208,0.3817736162057215,0.3998181505612238,0.4263105569300267,0.4867091005423904,0.8184926672389286,0.845789192674233,0.8995862205238377,0.6525805375744356,0.5399966018082105,0.4871242248883589,0.6008244551533057,0.6619958739422439,0.8150001334434629,0.8050851226458259,0.6414349154633165,0.7725967109244183,0.7580104849168611,0.6453541671429446,0.500158914442853,0.5638378831300768,0.3642251055410227,0.5250543697454186,0.3391814648545367,0.6454575358752948,0.4236892441101539,0.6850923634886973,0.4669672967604431,0.8557664871916436,0.770092959791193,0.69409556017104,0.757095940732594,0.6113761244267564,0.4265895156087437,0.4370687489516706,0.4504657059801022,0.6245632191407309,0.7934002395157647,0.6442789247021697,0.7790066705889095,0.5642831839241995,0.429892291973157,0.4681337300092562,0.4496076393227808,0.4845459686991188,0.8027641406692595,0.653074916363722,0.8560823748454567,0.8053615085092238,0.7118202963840986,0.574468355854938,0.8698969393881533,0.9170007793304772,0.9549913031737808,0.6397542809102588,0.624722036784884,0.6327018477995586,0.6621065317417255,0.6592924011601278,0.6586479082912067,0.6205132169473317,0.632847310211096,0.6661056272540588,0.6592924011601278,0.6397542809102588,0.6390343361682128,0.6238699036686853,0.6367061020832171
ari_batch,hypomap,1.0,1.0,0.4278303125138964,1.0,1.0,0.7895138133694639,0.8250295196304879,0.7968312643464096,0.7892591659638922,0.6780858930000929,0.962545197554637,0.9503863878598676,0.9664502199589354,0.9469826494629,1.0,0.959330708986779,1.0,0.9026152666462636,0.6177508837200577,1.0,0.8264730681845572,0.8286340411573403,0.918125539198694,0.9014018165130168,1.0,0.8922157289273166,0.7803604758707429,0.8289733969605834,0.9845060389347924,0.7335420238848983,0.7418865836495685,0.821996681779795,0.8023662451616451,1.0,1.0,0.8333702146389115,1.0,1.0,1.0,0.8842661804931387,1.0,1.0,0.5958722104767172,0.8338793848830839,1.0,0.9771895716676164,1.0,0.97157811873598,0.9339899217546784,0.9278994835478228,0.8157829356622472,0.9120868416165832,0.7904877697756661,0.8434561291123972,1.0,1.0,1.0,0.8061948275213797,0.8959252780479529,0.8942505613212832,0.8335521270388097,0.5931729916446111,0.8272001545277137,0.9660149508795964,1.0,0.8211555934469817,0.8038288952849415,1.0,1.0,0.8692950589538367,0.7853374922425636,1.0,0.807567849092295,1.0,0.7933230256913671,0.7792708130527992,0.8270905956528202,1.0,0.7961550404882957,0.9038983219388106,0.8104574267974496,0.894035054721689,1.0,0.834782297877059,1.0,0.8552581235297241,1.0,1.0,0.8589918279798987,0.8446476877973347,0.9237176896236656,1.0,0.7460406603431687,1.0,1.0,1.0,1.0,0.7895138133694639,0.9049658600546469,0.8342437495233693,0.8264730681845572,0.8922157289273166,0.7418865836495685,0.8333702146389115,1.0,1.0,1.0,1.0,1.0,0.8270524052693464,0.8799364473199702,0.8032914082799032,0.8213805756703183,0.7903550828755058,0.843667605388305,0.8520639614389016,0.8060913142497002,0.8839143737072476,0.814361092209264,0.8450359672353195,0.8261802641096789,0.8395075264404007,0.8213805756703183,0.8432555200287094,0.8054185624290774,0.8123031845984313
ari_batch,immune_cell_atlas,0.864585163746557,0.8564221260299842,0.966444738592947,0.9833929854596868,0.8284997145437751,0.9263416401708556,0.9075854047009444,0.906901069592306,0.9419582688886746,0.9637847598170228,0.4176629723540905,0.8214256879130687,0.8790079339107586,0.8902740504147959,0.9145353278091368,0.3330668510637845,0.7652318692337852,0.8254212426992326,0.844663131634196,0.941644569863874,0.3383253425480842,0.8303913815819576,0.8252604293270924,0.7506747590952104,0.8952348857094434,0.8594163309751193,0.8356952409200338,0.8491437170281366,0.8494722574850602,0.8906860084563626,0.825865317664317,0.828890491004336,0.8355741071037862,0.8864537389701015,0.9934328555673788,0.9012332676301263,0.8749212713852289,0.8969488134239952,0.8982934686340479,0.9101244339462404,0.9131518959915376,0.887868292238703,0.9071280697336852,0.895346624828171,0.8587897520001655,0.6296775117425057,0.8342947320115554,0.7467970252360057,0.8309875832091571,0.8260336920577883,0.8518841023214121,0.8349840992188844,0.8660932989510921,0.832236746365526,0.8983304495460386,0.8807169749205431,0.7208358020435187,0.9070656866358556,0.5831921316795329,0.8268108829039041,0.8263619391139401,0.7176835167831421,0.8308433863929063,0.8111947041897719,0.9079848677611922,0.9567240414892976,0.8342327899272319,0.92090965575894,0.8276416079078481,0.8519788978716656,0.8856244308775595,0.9000121860743762,0.941815855526622,0.7210733161106235,0.9162562761838368,0.9078450972167746,0.8489710928868256,0.8841478135779823,0.7123901018347308,0.5408016691714401,0.8892001149703436,0.4242166449452946,0.8944571067271496,0.8372708416499638,0.8891085541065752,0.8276033969546843,0.8898119213004831,0.785271245616677,0.912598479350677,0.9161050243616062,0.8559211375738209,0.686614268173714,0.533682624126101,0.8643460798108301,0.8324218221081411,0.8985030420234335,0.8396699830642926,0.9263416401708556,0.7793149903328712,0.7664005844803875,0.8266988742181537,0.8113594020018813,0.8281990568326653,0.9012332676301263,0.8963372125043834,0.8884377290873453,0.9145353278091368,0.941644569863874,0.8952348857094434,0.8906860084563626,0.9934328555673788,0.902798224408372,0.8621996442503801,0.8574979493720136,0.8495321691724071,0.8762169569577716,0.858834506046952,0.8507073303785254,0.8498237059953878,0.8633626569288411,0.8399714616723192,0.8829197781455289,0.8621996442503801,0.842208580171062,0.8340349224594538,0.8637363121805269
ari_batch,mouse_pancreas_atlas,0.8851935607342508,0.8795054451898653,0.9690601124223802,0.9816940236177008,0.8738320556501766,0.9061076506115692,0.905954727893987,0.9027735477341532,0.9159454603770812,0.9742444486751326,0.3815731984489884,0.4782581958029082,0.4781931517311786,0.7782784057440891,0.8344562392247274,0.2538646640984294,0.287270703428291,0.2852698216726615,0.9829122375114702,0.9745825541604806,0.2413951447739624,0.2524321463087243,0.2171629632644446,0.3915368509194309,0.4342014384002217,0.3849790501189898,0.3883959647791751,0.527394785564781,0.8719836058745777,0.6781189604167454,0.8179526111271528,0.8171217891781917,0.8161417788900417,0.9520647538420526,0.943887099164618,0.9493440368875188,0.946498685325014,0.9470547030838814,0.9657010242299884,0.9574853773946388,0.8937294749189434,0.8773246131007104,0.9528612121150652,0.9479637232854492,0.6788292609253935,0.4905848184767699,0.500481286520038,0.3751249639175005,0.3930096563418077,0.2572885379183668,0.5440496125519985,0.3937517947462225,0.8263027726486882,0.8175398882612218,0.9435634260389336,0.948056760180772,0.6593961202777282,0.8999105316092555,0.5803105928348287,0.3487120067654382,0.3156474822065763,0.3178311698069109,0.8032932882315149,0.7341489472449249,0.9673855097485344,0.973669397222204,0.8119032874603209,0.6150954947038892,0.3984349934426272,0.5346336122622612,0.9126844844603152,0.9529307516199262,0.9638369249988588,0.6712716377009197,0.9049870248674016,0.906711264625006,0.7412643502665679,0.5008310880711814,0.9003936675905152,0.2417260842174699,0.2779057270321943,0.1818151620791889,0.550091487065582,0.2990351755646138,0.9294557952839324,0.8067186706653395,0.9521608724667822,0.6073659097122277,0.96194038474787,0.9087619174873756,0.3413467762235365,0.2405383184570491,0.0634744041046421,0.3986664694714724,0.9032529775577626,0.9576916413483674,0.8748596932202994,0.947993059960138,0.9527344314321458,0.5708183393312735,0.8484740851385549,0.5592932370235267,0.9104115868796698,0.9493440368875188,0.9823490018470508,0.9563819945695916,0.8344562392247274,0.9745825541604806,0.4342014384002217,0.6781189604167454,0.943887099164618,0.9742444486751326,0.8035556690828994,0.8017435721776472,0.8067727337798825,0.8304334686410839,0.8340465962028671,0.8262072077035211,0.8023745503262912,0.8044675798912598,0.792976095606087,0.8340465962028671,0.8000823538358874,0.8062050757729213,0.8024175747762465,0.8065417971460429
ari_batch,tabula_sapiens,0.7124991406281019,0.7121277561132688,0.7907480623443465,0.7823130498531728,0.6950133765242502,0.7994626991072568,0.837092640852502,0.8112506613473196,0.8822974440243595,0.8891762542930062,0.5379507491461203,0.5468311426005251,0.5290796777828719,0.7136405503239546,0.6974559065776635,0.3867856630887023,0.376314171640764,0.4925861179042214,0.5341878529154841,0.4999128145184364,0.4849745210637551,0.3858463781288763,0.496913929934704,0.5414964993910205,0.5346895101585956,0.5408808959717715,0.5580933492812242,0.5628103383470086,0.5709097044153817,0.587458590157186,0.594305205433993,0.5736505146905765,0.6096199927742114,0.6069498234081258,0.617379884460652,0.7678148893116405,0.7571594002532199,0.7843754023743749,0.7932503063305326,0.7820372300522634,0.7470636842328581,0.6910106489201014,0.8568198719198488,0.8107782089453395,0.6294183033899882,0.6245397893286181,0.5142234073815571,0.5419123723909214,0.5340056399228099,0.4164963697056253,0.5565278508512302,0.5350107217026229,0.5957685364904307,0.5858295903424141,0.7710713161938233,0.7666953383000441,0.4730360747912343,0.787513742561455,0.544222096774493,0.4768100374963549,0.4121268034911405,0.5185358886620369,0.596039998087012,0.4966272663561605,0.7405418099957404,0.8734348724307028,0.6447693349812652,0.4884478371671041,0.5334679230352226,0.5620262445628986,0.6112405086885196,0.7772571347917945,0.7067778908959004,0.4816960723018167,0.8676323422554165,0.7468321685637608,0.5971294211196024,0.5464627911204684,0.5176676737060001,0.2967440592813212,0.4119472956872061,0.2953521340627945,0.5786971060405821,0.3134047100944917,0.6330352516684454,0.5943379748373154,0.7736212290695326,0.4304065768870225,0.7020419700035383,0.8299425021661941,0.5859760750934713,0.3735721161809335,0.4493951713480832,0.5678384172931138,0.6160439314687555,0.7642977129697228,0.6942076351668759,0.8088086160091296,0.5944736875281559,0.5126305887843314,0.511433407299363,0.579985541305754,0.5968317232192553,0.7678148893116405,0.7039537929385828,0.768596388390411,0.6974559065776635,0.4999128145184364,0.5346895101585956,0.587458590157186,0.617379884460652,0.8891762542930062,0.66580318190382,0.7033440285813424,0.6722824425352683,0.7344055096678859,0.7100399977007239,0.7193822454716006,0.692428728635585,0.7075702493623566,0.7167589127077854,0.7100399977007239,0.66580318190382,0.7049464777536174,0.6948141459701545,0.6914025779061245
ari_batch,celegans_embryo,0.9271002099743764,0.9345652571711284,0.96476161503316,0.9539908996849494,0.9317608730211372,0.8996141935859474,0.8623451586709977,0.851793188624406,0.9058282551853468,0.928193468947088,0.8621891210381569,0.8659430395695173,0.8717959013264506,0.868627648638748,0.9308965863819378,0.8208491624819504,0.874616225893744,0.875941432097699,0.9229158682438794,0.8879667059289549,0.8513202547706071,0.8979395711142983,0.8779812880874598,0.9140754025751152,0.9373207861128094,0.8352947729394055,0.8745148110837443,0.80207681939819,0.9231508216098564,0.9243409990363474,0.8930086720687027,0.8996982070062616,0.8973432429968325,0.9508112669075112,0.9234745569591856,0.8730288981382553,0.8614204471973221,0.858826755231799,0.9049459899030202,0.9160300823402864,0.9240338770701586,0.9202949800111838,0.9106328798789282,0.9111912098986384,0.8696020555322683,0.8424572537460034,0.8913606867347966,0.8701102166090239,0.926813426071088,0.9331177743753702,0.910764035969134,0.8809015803407547,0.897326303953554,0.8875327679213906,0.8697795527060078,0.8620926892702543,0.911064237602496,0.8700482773629854,0.8804724819263089,0.8670533287827358,0.8602354348639956,0.7658309458816857,0.8978194888551961,0.857263708304771,0.9080425418745216,0.9226318194423092,0.8730680876394497,0.8932118067243018,0.9174338354247988,0.8943490854129733,0.901525137258724,0.91563604880343,0.9361298923922372,0.9400991219441996,0.9137485353004908,0.8982909233551792,0.8440612618452268,0.8107092839881553,0.8940793331191629,0.8718876258689615,0.8962159672757993,0.8529799096203482,0.9113324618668394,0.7885114625136871,0.9089492157271872,0.8905544540158729,0.8666235967239513,0.8474387097509587,0.927321953630496,0.8955580808702609,0.800350708291888,0.892472603296566,0.891198159549222,0.9026963433628328,0.8849921733094032,0.879297322560031,0.9316119548265148,0.8996141935859474,0.8424572537460034,0.8656201502002578,0.8774946959555353,0.88524685703833,0.8960089130850968,0.8607846393264458,0.909611597753794,0.871943268276729,0.9308965863819378,0.8879667059289549,0.9373207861128094,0.8231772109581704,0.9234745569591856,0.9076025784460412,0.8756567682852751,0.8718280517657204,0.8769567725457214,0.8795328145153822,0.8912635509597169,0.8676102866056254,0.8728049915242108,0.8904569331941501,0.8691405809876562,0.871731919994966,0.8756567682852751,0.871731919994966,0.8864111142323121,0.9049619864100584
ari_batch,ocular_atlas,0.605390510471638,0.6120049026702247,0.9084281268709636,0.928317054285246,0.6114901776734786,0.7502319964463323,0.748321244453255,0.7515091189763318,0.8811150245566665,1.0,0.6336391133349476,0.6140174530477638,0.6168328568442586,0.8325310353617905,0.9591660549867012,0.5900843217400323,0.5942804829109584,0.565936819828708,0.7113838336978479,0.7153472488670654,0.6122014641496794,0.6015367585797695,0.6075459398104933,0.6318664193607261,0.6011467228622566,0.610761018311106,0.60683438359675,0.6231431041021608,0.6294479353906393,0.6318881575348966,0.6219814680500598,0.6122294040352535,0.6237708168726236,0.7675020064149464,0.6319567512671713,0.8235924437681809,0.817792934582928,0.822334078802998,0.8219356487806095,1.0,0.6526943961679496,0.6379808291284201,0.9019704265763088,0.8830564921662816,0.6055807016952537,0.6008311714052452,0.5990873666655432,0.6014617279030463,0.5855378508262221,0.5998005452047069,0.6094342362155859,0.6098007931069127,0.6016512402733764,0.6034952604765218,0.852996010165309,0.8708291156056489,0.5826702372192376,0.7516439064980138,0.5972126766534436,0.5555658559165211,0.5001787864423284,0.5936210517967028,0.6301118142232428,0.7894377169615341,0.8035721374825796,1.0,0.7118533726523478,0.601431251402088,0.5972556384297103,0.6177644493308577,0.618028503750386,0.92371666631115,0.7994915831136208,0.5643155237873555,0.8658390540395743,0.7573281785525654,0.7096937428667845,0.6375281736638131,0.6400089830180647,0.535692000012497,0.6175694304773527,0.4827559304340127,0.6233197398328176,0.4652209940426269,0.6940828101793277,0.587082732683919,0.8248675394162688,0.7804384323251263,0.6443742616094561,0.7824030957770102,0.647353393436543,0.604438921925303,0.6082044124896943,0.6153535666319498,0.6140621425531816,0.818954645353981,0.6070766542022916,0.756053333649834,0.6308893213205334,0.6107769456471368,0.597906621352014,0.6081572923111516,0.6025210386762397,0.8235924437681809,0.7517190877113963,0.8708291156056489,0.9591660549867012,0.7153472488670654,0.6011467228622566,0.6318881575348966,0.6319567512671713,1.0,0.6685518036727398,0.6866270479528954,0.6609453989621742,0.7034720025982553,0.7196682210439568,0.7072581381458848,0.698040891166975,0.658573258115439,0.6722873168306124,0.7196682210439568,0.6577433293540684,0.6884101520565582,0.6749500904851609,0.6585935178675574
ari_batch,tabula_muris,0.5842035746024471,0.5912318183909595,0.6992741661028269,0.6246135741683811,0.6111414967490368,0.6845292829107069,0.7018695750973213,0.6863843001071392,0.8015528779268608,0.8772025856933295,0.5356642876518843,0.558448169106315,0.5487897530423488,0.7490345608659942,0.8590191445975647,0.437888287153781,0.4412029451421609,0.4359268675246319,0.6962680212858727,0.6013640075031054,0.4955535072551309,0.4338798092290148,0.4047687445000767,0.4845791661875145,0.5151459988976196,0.5173269496900038,0.4969411159707743,0.5212883592517723,0.5591155371168156,0.475987389323233,0.5636664689669983,0.537387464551968,0.5739762146386788,0.5706535981587384,0.7874064715146118,0.6801245188721691,0.6986124336348236,0.7060839568398172,0.728607679409972,0.6830019168163288,0.5994327470972451,0.5953640265362865,0.7912565643925107,0.7489231432189887,0.5929970309171906,0.5007949967648252,0.5423862212257515,0.4376627150078113,0.4201987207772834,0.3826082833917782,0.5396393316813154,0.5184345430461329,0.5538247554550646,0.5768671669965046,0.6848798968297978,0.7052580214520205,0.4520675918239706,0.6865367952876498,0.4467342102802689,0.3691158207611492,0.3472247626754894,0.211218555509697,0.5011259985730211,0.4367864227120675,0.6193305532166117,0.8400835410984572,0.7257213584443434,0.518471295388335,0.5359789466689335,0.5425460489912686,0.5976265038265931,0.686698461168612,0.6452883496372934,0.3784566132214257,0.756735643342279,0.6857430587983243,0.6083532571130671,0.4550043190749946,0.5346847207974895,0.2564946465546945,0.4370117171712462,0.3235574609560886,0.5353843571448264,0.3062574304717526,0.5664355656827048,0.5811703168657217,0.7167922476210533,0.4528667456953658,0.6015808246587014,0.7283836896246957,0.5596966060481573,0.4518852571592305,0.421224207760399,0.5127688937486017,0.56205590554532,0.7275694576958892,0.5802309880402515,0.6926644941784235,0.5925804109846619,0.3959145600372287,0.4995350599378679,0.4935318499870643,0.5636664689669983,0.6793879000571631,0.5992103352624941,0.6937652144544604,0.8590191445975647,0.6013640075031054,0.5151459988976196,0.475987389323233,0.7874064715146118,0.8772025856933295,0.5599301675650595,0.5700571506553829,0.5870504314479977,0.5927612201768955,0.6044503303412115,0.5891367704792007,0.5745055431820497,0.5811481755113261,0.574688650146335,0.6044503303412115,0.5599244707578725,0.5886624431512054,0.5871034764267756,0.6099089400016287
asw_batch,dkd,0.8824413396204407,0.8664318147254215,0.8941092488353382,0.8865753051411125,0.8304433032057291,0.7906228718648449,0.8201550623729675,0.7837005766231379,0.7279263628855033,0.67332458744357,0.7583067932481976,0.7700874689668445,0.7487586469105014,0.776842791134967,0.6753921984777166,0.8118842254039227,0.8945550556907184,0.8456563820901307,0.9329348471330168,0.9052431882566654,0.7429394179909983,0.8246939796955136,0.7628668240791426,0.8610095047899339,0.822860448147361,0.8356182391861857,0.8983054975630259,0.861820637338638,0.8879432631827469,0.8717247231299051,0.8304880499797805,0.8284588328608374,0.8298073683098395,0.7945731115794754,0.8010241833416581,0.5697346836471272,0.5796101906058567,0.5831886843238879,0.560616762977106,0.5744554680290378,0.8925633655465327,0.8967344714161306,0.7565462498233235,0.776020289377669,0.756652340154983,0.7621345265042861,0.8678958820680412,0.8399821378867927,0.7764957437936166,0.7557035161361697,0.8771948962653867,0.8805263713984439,0.8151742908433831,0.823259090877115,0.5922449515526371,0.5808530194668229,0.8684398520720618,0.7936561517587114,0.7751782567305062,0.835347199957242,0.7695785549379867,0.8618828604351201,0.8441966219909396,0.6245356576534116,0.8884139265359491,0.7591709869559079,0.7208224206253749,0.8939116565015013,0.8083531882492795,0.8802210675446488,0.8070598166331754,0.5830344299428009,0.899339440193931,0.8702354932764628,0.7553294496887577,0.7975217543463566,0.7591828879822559,0.7807868324028482,0.9332304113510924,0.8554155939480863,0.8480248782112233,0.7970128846052523,0.8947932699665102,0.8817405058077826,0.7955045510077541,0.8482339901537511,0.5781074604209903,0.6142010729746461,0.8987311195761696,0.7320126838452744,0.7351107721079849,0.8985382374290741,0.8262473155630292,0.9021009801863232,0.8075218859525896,0.589908055355014,0.8304433032057291,0.786125667723323,0.7602754157971203,0.8512543212890045,0.7760206920511983,0.8529094086886888,0.8284381767095541,0.5697346836471272,0.8663563575313373,0.5928350648435745,0.6753921984777166,0.9052431882566654,0.822860448147361,0.8717247231299051,0.8010241833416581,0.767582486052568,0.5441671023666925,0.5295147342303133,0.5441464134936395,0.5026859007837351,0.507030812544122,0.5054974112501831,0.5243584120221676,0.5273314818938747,0.5392051561430712,0.507030812544122,0.5441671023666925,0.5457445439066715,0.57745041774833,0.5679177013959108
asw_batch,gtex_v9,0.8025323188994766,0.7614988654796988,0.8656073842603174,0.8683934998711315,0.7216261669708078,0.4245973704199203,0.3964041583739674,0.4781789592278757,0.283065338637953,0.4797519705600965,0.6675214199916626,0.6563390647815824,0.694982281020372,0.6167901519454073,0.7043459915630136,0.6594449169685165,0.714764214705088,0.6885564054209793,0.8405010506592554,0.8246630344071364,0.6145339667627124,0.6607113927105494,0.6336288405942804,0.7806827149727681,0.7608428757454607,0.7282388738716589,0.8097605663765644,0.7842506064306901,0.8644329050798479,0.8612217430659885,0.7340038247520362,0.7452054485052184,0.7426576598144646,0.7283047741100093,0.7259917608175019,0.5120544046235481,0.5287445393585339,0.5237195635377969,0.5088013322605348,0.5239832395035456,0.8138514729424282,0.8055546829390433,0.4726547741189859,0.4190215444175022,0.7009469840454978,0.691303561203102,0.6728713054762273,0.664607455582037,0.6227130204905713,0.6199697346209804,0.8033533440460539,0.7627851892579338,0.7347602120094168,0.736199900656902,0.5553001954009562,0.5600821248898434,0.7172911571704902,0.433765482001261,0.6907873900665416,0.6621328397887969,0.6232856397315742,0.7262630257857372,0.7278627359666388,0.5185301957564395,0.8555937969408475,0.4675756707380638,0.7005195861286981,0.6854610152103958,0.6204580747062922,0.8159096424564592,0.7312815306027867,0.553609688337873,0.8598912459366458,0.7143499200113408,0.3710217118808304,0.4260158160645955,0.6532892340627794,0.6913380961316662,0.8098126038038077,0.6486457552736774,0.6299033106385544,0.6098333186405264,0.858372337160653,0.7222995157426392,0.7429227710678333,0.7309646086098189,0.5308552425458676,0.5217843416725841,0.8422794048043986,0.3997403752394907,0.6716731090042745,0.6804423836989191,0.6267555696140822,0.8303434776797493,0.7446716849903838,0.5568484357979296,0.7216261669708078,0.4505883232068275,0.7034819313237032,0.6656675094710551,0.6236369816773377,0.7949165013743084,0.7334345784900177,0.5120544046235481,0.8055546829390433,0.5551166125693342,0.7043459915630136,0.8246630344071364,0.7608428757454607,0.8612217430659885,0.7259917608175019,0.4797519705600965,0.5722810646503258,0.5694576368020406,0.5738856553949432,0.5380727612517544,0.5393961301386466,0.5599799926229748,0.5551141208678879,0.5650486519252909,0.5668107418915184,0.5393961301386466,0.5722810646503258,0.5645728732231117,0.5763247937237606,0.5757634290118132
asw_batch,hypomap,0.9399798025726606,0.8930520165907994,0.9301259082887476,0.9689617952756956,0.8305039600713162,0.7118211051420569,0.5405082368676644,0.6440318470516171,0.3863735844911868,0.2899673732147317,0.9101814814788636,0.9677492135086926,0.8306869954997872,0.9140115587585136,0.5030868456306814,1.0,1.0,1.0,1.0,1.0,0.9904661286906364,1.0,0.9653182316260488,1.0,1.0,0.6087708845128862,0.7047670496513865,0.6893465152582386,0.7536486904598547,0.6710973264192179,0.979571001031318,0.9658408440164348,0.9367548029965986,0.8319346543679829,0.7962756059588711,0.3958634541861131,0.4093813240496609,0.4009901625921915,0.3356474804985117,0.1598861359067133,0.9249961229184424,0.9198128599756572,0.6148091837380624,0.6697667756129589,0.7188969432366702,0.7508609621599267,1.0,1.0,0.8980102289766119,0.9569906697936692,0.6896770293654066,0.6488412762859387,0.8702892432026099,0.9329314500500606,0.3172178656762289,0.3254041789954929,0.9383984745788398,0.7146746848219997,0.9176690295917324,1.0,0.969217123103272,0.8940441742268833,0.9159463366025482,0.5018898781746409,0.9556262487205344,0.5017419809190905,0.6294425031034275,1.0,0.9991624889315774,0.7100004170308777,0.8502608769118711,0.3388208688553337,0.9530038168751184,0.9321112205385722,0.5712514756981417,0.7336596602040946,0.864909670183632,0.905068741350039,1.0,1.0,1.0,1.0,0.7879644208085305,0.7118563605858532,0.9259417959406536,0.940939255742866,0.3483276553225893,0.4704433428440498,0.9625526097536516,0.6340908807608501,0.9613777954873326,1.0,1.0,0.7548733476423547,0.9520645747002308,0.3520894162130399,0.8305039600713162,0.7118211051420569,0.8737131617039299,1.0,0.9904661286906364,0.6087708845128862,0.979571001031318,0.3958634541861131,0.8546514533056161,0.4003988451736199,0.6018524757571342,1.0,1.0,0.7099220396866345,0.8502026608203106,0.669231228884965,0.4382595045558164,0.3904930413471061,0.382289093641164,0.2414126218443965,0.1052177679666113,0.3016567995714584,0.2988891659627896,0.3574142766605708,0.3679540969582286,0.3099085920845252,0.4382595045558164,0.397470332310751,0.4847247358242854,0.4992887145238437
asw_batch,immune_cell_atlas,0.8511870896536933,0.8361409835307696,0.8567495196874181,0.8542987235804271,0.8188970243815821,0.6299370357652186,0.6217226366107446,0.605223301299675,0.5579037083778933,0.5005131534712913,0.7215367531361955,0.7276620181928537,0.7223311215990886,0.7078979692595945,0.6701815222737093,0.7377007383071573,0.8335934486235645,0.8183645944180263,0.8662081286360015,0.8660971228386622,0.6893251787830914,0.7733523476828422,0.7583124182079911,0.8150403535728243,0.8189663809525921,0.7940805564490193,0.8283020269838978,0.8300365495527811,0.8328213670610324,0.8272646117933584,0.7940531563978197,0.8004909963426522,0.8006093485378186,0.7555854337336273,0.761653670390364,0.4803656162820748,0.4579290450341103,0.4724663286869927,0.4425364687238062,0.4362694371348605,0.8602410252436532,0.858483714378177,0.5808245338285407,0.5894326381728948,0.7109054799076895,0.7262399315171876,0.846714451131825,0.8341960793485446,0.7613374935105403,0.7502471546018054,0.8345618104001356,0.8360990320356294,0.7949024350251881,0.7950177751052871,0.4602245546919676,0.4715639374468597,0.8125325776205155,0.6398551536539717,0.7295562448106901,0.7818295198337801,0.7370271363703453,0.8113456036620568,0.8023416358688703,0.5947162144213427,0.8609547371380445,0.5286875249797318,0.6928767899762109,0.8605049349050063,0.7833630027677532,0.8349912238379146,0.7830493756454864,0.4636510744497079,0.8628952918468513,0.8122763693897143,0.6182163316790047,0.6409850422927346,0.7254578342725905,0.7385690001836721,0.8577608523312926,0.7620975154300694,0.8047547888151391,0.7310029684768068,0.8389391369025688,0.8108079754846051,0.7745257678055126,0.8020269004262456,0.4436577057844202,0.6107821218807387,0.8571752425717917,0.618510882823595,0.7078064677346725,0.8461141529696382,0.7997681044871066,0.8425296267748211,0.7914025016969202,0.4529485052159562,0.8274122044495235,0.6299370357652186,0.7080922896033105,0.825526791449156,0.7591470203518252,0.8168600627621827,0.7969614601294203,0.4803656162820748,0.8489044678927867,0.4559597556221018,0.6701815222737093,0.8660971228386622,0.8189663809525921,0.8272646117933584,0.761653670390364,0.584710443281552,0.5717651307959327,0.5519721219623233,0.5594694494172414,0.5032353044990692,0.4998916461436291,0.5393254322762088,0.552433507308262,0.5461150862189096,0.5635779114567913,0.5341738964230988,0.5717651307959327,0.5652911571142128,0.6042825970138179,0.5912848963989048
asw_batch,mouse_pancreas_atlas,0.8357477200618451,0.842862734063807,0.7620400841211579,0.742619013426282,0.7614571264446154,0.4561318166193179,0.4432910862872812,0.3958903853768384,0.0656360831214743,0.0,0.9768773306136757,0.9341746868497204,0.9244507763448028,0.7315768944298942,0.6398085245694145,1.0,1.0,1.0,0.9873769582022996,1.0,1.0,1.0,1.0,1.0,1.0,1.0,1.0,1.0,1.0,0.9846928041320416,1.0,1.0,1.0,0.796710548734775,0.8607573946781684,0.0,0.0565813524286833,0.013603329618782,0.1500276871614385,0.0811190231504627,0.8191112146939411,0.834074910669951,0.2824405076829459,0.3723518459164602,0.8772472470766924,0.9604258146803104,1.0,1.0,1.0,1.0,1.0,1.0,0.9337335944269732,1.0,0.0334826384848597,0.0,1.0,0.4538760209444296,0.938008453238878,1.0,1.0,1.0,1.0,0.2988234757791864,0.7810370196380064,0.0977605396964051,0.8068079476968912,1.0,1.0,1.0,0.8635562608924242,0.0868182946536888,0.8046328096856167,0.9986833020128733,0.290973272548986,0.4701351885350405,0.8186444834435151,0.9583322573206188,1.0,1.0,1.0,1.0,1.0,1.0,0.8879136078629916,1.0,0.1483780962061557,0.3225970762682574,0.8279182569200362,0.3646044583792341,0.8938225958776738,1.0,1.0,1.0,0.9606041096690652,0.082279358672518,0.8213140401522748,0.3778495548449434,0.3286986778179127,1.0,0.8626731069862871,1.0,0.8634701559746468,0.0,0.7477098525932488,0.092256426858831,0.6398085245694145,1.0,1.0,0.9846928041320416,0.8607573946781684,0.0,0.5520125427177754,0.5258063961348124,0.529579239316221,0.3983195240923385,0.3868602678441032,0.4831133956128479,0.4475566284356775,0.5391333159703628,0.5187958212035946,0.3868602678441032,0.525166063830823,0.5397454823822645,0.7478432724270458,0.7178813702803186
asw_batch,tabula_sapiens,0.760575111833822,0.7554776696516632,0.7931537016885828,0.7827699103461699,0.742641700737511,0.5896514222254626,0.5927868726463792,0.5948219902814155,0.5361626955778344,0.5227495505246225,0.656742241706496,0.662374072789494,0.6725889354427442,0.6743259468853499,0.659242687772091,0.6751461969335386,0.7325881211641836,0.7070612685617813,0.7778419263899358,0.7810318906037986,0.657391178136278,0.6860185640453896,0.6775247242599781,0.7119089727235957,0.6996453663903017,0.7309638261468395,0.7698756188289569,0.7476583508951423,0.7888074139435153,0.7644218929752372,0.636761035217248,0.6397730127871626,0.641746624137689,0.6364787972187342,0.6465763809705305,0.6110508541458478,0.6111262934637371,0.6116703205528309,0.5968931459660344,0.5975697080806673,0.7621960437559642,0.75851490867924,0.5621124205269991,0.5848330830927343,0.6722534228484437,0.6791061296956207,0.7048132081537789,0.685630418956154,0.6717109324845913,0.6632139358115876,0.7518796624012629,0.7325925217481019,0.6408883524463342,0.6357891467507297,0.6049206826129371,0.606842526472311,0.7081375827351337,0.5959511143694731,0.6560012655183856,0.6935466359617425,0.6726037108803105,0.7252760972120395,0.6371899483383984,0.633964261440261,0.7734740518794159,0.5599973741613739,0.6644910178110266,0.7332645979523849,0.6793647801359317,0.7572268892038815,0.6471956373385775,0.5987574340421723,0.7871261407198548,0.7053833665239194,0.5572593049593879,0.5999552769916571,0.6672350645120009,0.6725081911453529,0.749716440102975,0.6446913865705372,0.6964848726637867,0.6224461997395959,0.7843153802177617,0.6873754172396171,0.6429176079293192,0.6397688283808066,0.6028940487058563,0.6364116638585184,0.775766358999084,0.5715411534318222,0.6719042310631282,0.7116323057878183,0.6777433729074448,0.7788412261081157,0.6439634631286876,0.6070840297967073,0.7426415684177742,0.593944991165698,0.6767909312614927,0.7189042015610579,0.681580202996761,0.7612616340462389,0.6351333701353363,0.6110508541458478,0.7588491483343013,0.6049206826129371,0.659242687772091,0.7810318906037986,0.6996453663903017,0.7644218929752372,0.6465763809705305,0.5227495505246225,0.6496323052910532,0.6426163917388121,0.64380143937953,0.6184093462862265,0.6141851710098303,0.6283675973552121,0.6256026441358293,0.6358836230427779,0.6334447056547773,0.6141851710098303,0.6496323052910532,0.641669700491915,0.6564150351087091,0.6545475722216846
asw_batch,celegans_embryo,0.7932983419852847,0.7832816191403055,0.8103961161058213,0.8030941906748695,0.767558416189529,0.4947217366492231,0.5224555830677491,0.4670654069985495,0.5279857832458001,0.3663617738426945,0.6367393646254531,0.6359121410063324,0.6230177852204418,0.6204620190752304,0.5224265686997368,0.6858565540914582,0.7333214613803785,0.7235878985804597,0.7740206398918181,0.7543247432070005,0.6515577259730505,0.6984696475205247,0.682507294551994,0.7307819711707553,0.6861351372545833,0.6787186632700949,0.7307252824570035,0.7080669849667656,0.8255348141730837,0.7826334727282243,0.7364524677118998,0.7529481745714557,0.7491125808073665,0.7397399317118927,0.7429606485064537,0.5526758915545538,0.5892845109900846,0.5687968419625606,0.6040006297036469,0.5851867487816861,0.7955964004935528,0.7949339618350532,0.4533163645773189,0.497570325037837,0.5984069916541647,0.6284581154426733,0.7356186747522433,0.7248498338181706,0.6812549199812974,0.6822106406006528,0.7625797830208472,0.7477211539408425,0.7499017013414792,0.7460408679046627,0.5707464413050946,0.5708331966955672,0.7859290435837861,0.4991558356029737,0.6326486614342829,0.7251415530415105,0.6835911503523171,0.7257291872855959,0.7565469230282775,0.5875768341855332,0.7992747186210908,0.3771098646539757,0.5756050520621513,0.7444958342313867,0.6791893027621597,0.7739026882032829,0.7490615619262239,0.5736103095826072,0.8053513404349505,0.7842051202386707,0.5356677375814349,0.4988003568020793,0.6400434607159795,0.6372555621012806,0.7631305597714851,0.7257821853007267,0.7194218792096438,0.6872087907246966,0.8028490393090285,0.7282623082373699,0.7443577441112964,0.7630569181566892,0.5978786303323508,0.5973370825224696,0.7975985978132124,0.496181939034977,0.63863301567005,0.7515439014384003,0.715437518100872,0.7784283580197635,0.7489436053894118,0.5935362116039284,0.767558416189529,0.4947217366492231,0.6284581154426733,0.7213076362210544,0.678010383357377,0.7007253150129279,0.7420478531167599,0.5575155187846403,0.7837296227409499,0.5727174758861477,0.5224265686997368,0.7543247432070005,0.6861351372545833,0.7582528202127188,0.7429606485064537,0.452102244216819,0.5607576286112463,0.5484893465650926,0.5530409544735434,0.5118816044579819,0.4988103132014545,0.532348923762955,0.5413322222409002,0.5502857580305218,0.5438563608227078,0.5502247007507989,0.5607576286112463,0.5502247007507989,0.5629788666556959,0.5626439953964533
asw_batch,ocular_atlas,0.902488457498522,0.8979660632550739,0.9095208779865184,0.9022949729766752,0.8933631258077089,0.7026861424421106,0.6833413220948344,0.6868786349011151,0.5756964787326143,0.6410886678458465,0.7292646127320067,0.7310961767003734,0.7296800666768777,0.7687451832858626,0.7342351165217195,0.8554685931144103,0.8676520947514075,0.8633332270298807,0.8825617810143385,0.8861389941265133,0.8262890001431399,0.8300821011097542,0.8277653749217033,0.8287259733936131,0.8251794115026847,0.8709548683784027,0.8811776572776524,0.873095321722204,0.884730423748596,0.879488239741939,0.7805339993162308,0.7784451017162503,0.7812245098588291,0.7384550930637512,0.7658189181973035,0.6898330111789132,0.6932062251504892,0.6965837726111198,0.6774972083672036,0.6742760315640204,0.9016234270587666,0.901189643589551,0.6523552038134657,0.6645982949235841,0.7387508297182355,0.7416532230749981,0.8631300549221169,0.8585356332156208,0.8289740101559996,0.8262884393864289,0.8765007741813057,0.8741926489689201,0.7765410088411094,0.7818399876603416,0.6873831416486013,0.6877481031212666,0.92879130784061,0.7249402230778355,0.7393594649334314,0.8549965023614035,0.8263749187920428,0.8900862029938431,0.8028878786029723,0.7136329730158374,0.9047989130272812,0.649888687251604,0.7490919275225698,0.8770950180230511,0.8253488678446452,0.8802361769797479,0.7727760957120663,0.6756414710397521,0.9057992067945012,0.9303015818880668,0.6594783616472604,0.723625315524125,0.7759454432352615,0.741888823101895,0.8738597845200975,0.8497820574753729,0.8290357786738126,0.8165014435280546,0.887990906658005,0.8748285096553404,0.7547990447505736,0.8036789035582814,0.6849264375778438,0.7203489069823908,0.9035163871852788,0.6854081296443141,0.7399864305560206,0.8632299069659741,0.8249734315793079,0.8793388286269492,0.7750376353775158,0.6899933987264831,0.8953586661759978,0.6810822471703949,0.7417452997547845,0.8607551586331083,0.8291080754668858,0.873640279109885,0.7809269962265486,0.6898330111789132,0.9052299682985774,0.6877481031212666,0.7342351165217195,0.8861389941265133,0.8251794115026847,0.879488239741939,0.7658189181973035,0.6410886678458465,0.6863377825661165,0.6808353325362445,0.6799453729998988,0.6444023795242078,0.6365478977136897,0.6644565439717853,0.6569587740392544,0.6754735528106997,0.6738674626954332,0.6365478977136897,0.6852481403170297,0.6777558267803381,0.7053798350631636,0.6968949248481253
asw_batch,tabula_muris,0.8731257468337904,0.8661728534158949,0.8842059425519581,0.8909881313630376,0.8613938651054052,0.701200228881816,0.6953167153980624,0.6976843397651482,0.673560292416788,0.6712228505949701,0.7831719832802212,0.7533549055504752,0.7737654808800173,0.719966745305815,0.7311105692933687,0.8622114518605112,0.8764619394192404,0.8708021285796429,0.8885511996124722,0.8826219918742112,0.8461582470124334,0.8578910802708599,0.850722791807569,0.8630153272160427,0.8522135378679832,0.8677281569294097,0.8794709999193701,0.8716377084009432,0.8967951972839663,0.8709166302610127,0.8307018253974839,0.8303833099088265,0.8248821895288779,0.821463468793604,0.7777442316829651,0.7836345538786573,0.7966169908829314,0.7888948346824782,0.8105247107436249,0.7869954353516878,0.8764958070634643,0.876231998484242,0.6865286337822333,0.6900076274194175,0.7688791642186847,0.7777210385120419,0.8743050966535063,0.8741321921138744,0.8543126284355769,0.8495590033319261,0.8717119893740555,0.8730459022273592,0.8214629191923973,0.8305273819744732,0.7922239676901338,0.7918360435508572,0.8392430226933574,0.7001520280842013,0.7771945668467208,0.8447448498113102,0.8349232249081259,0.8253153271962632,0.8150418185936231,0.7874233960946042,0.8824619480028166,0.6637267251102582,0.7560804909977182,0.8794172672378681,0.8553177124919707,0.870146762220575,0.8093620196634735,0.7914830213559915,0.879843757774277,0.8266022460908143,0.6838526655272682,0.7065223164172869,0.7424901721986022,0.7814833371300571,0.8814423278441222,0.8183531761073721,0.8610430686540537,0.7970784745280496,0.8874507915140891,0.8289512549984606,0.8230503873178671,0.8284569508461118,0.8029215589835268,0.7843769741755726,0.8774140807596403,0.6840365635020818,0.7658975776722668,0.8762935538193937,0.8569817354484792,0.8813061858730927,0.8279844871112536,0.7968689530760567,0.8624992230523462,0.6992171012519635,0.7688791642186847,0.866518016996073,0.8517589095954079,0.8711064337713164,0.8307018253974839,0.7852780776299815,0.8782662923907695,0.7882583352960347,0.7311105692933687,0.8826219918742112,0.8522135378679832,0.8709166302610127,0.7777442316829651,0.6712228505949701,0.7488874203245001,0.7488942075034168,0.7487607611479193,0.732948765489341,0.7224005992896226,0.742799707598223,0.7348100449359951,0.7436697263084497,0.7440456535338413,0.7224005992896226,0.7495257271659765,0.7474248215931955,0.763771993673419,0.7518719722470874
asw_label,dkd,0.1238721915162245,0.1599754860119621,0.0,0.0,0.2601472453624414,0.1506199245991687,0.130458611175571,0.1063118699904154,0.0648422044164817,0.0,0.2176185922042163,0.1969357359898945,0.2266893055125501,0.0218020875931145,0.1731268572090751,0.2363704437257066,0.1102739136527889,0.2286784389095542,0.0,0.0692774715547404,0.259086575877665,0.0869827271620751,0.2658608810132003,0.0,0.0498993880385618,0.2688139545054339,0.1734428023490613,0.2397142524019651,0.0914558222873283,0.1404986724550617,0.1741255543807496,0.0871095654135754,0.1205482181592536,0.0,0.0326021205183507,0.317254397256225,0.1984636278448413,0.1792087213984258,0.0289875660362204,0.0061048321370452,0.0,0.0,0.0243233539586763,0.0435594591974683,0.202622113225316,0.2232719373789085,0.1710585978232571,0.2318727461412195,0.2453961968378522,0.2830268685765632,0.1625973754327124,0.1763400156132088,0.0979125969987292,0.120551819628413,0.0609380032910029,0.1357476650252979,0.2453843463297648,0.1453483201226423,0.2232722959282447,0.2420163415681195,0.2648299740334365,0.2646447324694448,0.1677221822531137,0.301232623596401,0.0,0.0012299033464148,0.1828770385117767,0.0740015641841046,0.0620402633646704,0.1484745046126683,0.0629491171946433,0.0591745632947718,0.0,0.2449118982443301,0.1763430009722887,0.1457109190611446,0.0470607763632228,0.2206020373281612,0.0,0.2308984756035506,0.0012172779313207,0.2471158564242982,0.1027740749435545,0.2551930894999096,0.0,0.1658251045625942,0.0479555560476906,0.304951983290756,0.0,0.1642314647000286,0.1916085552266088,0.0,0.0,0.107335077676137,0.0664329751556869,0.0483505262226644,0.2601472453624414,0.1330411625225405,0.192207103004196,0.2153821080786878,0.2430645217618024,0.2495245019799843,0.1467740660329657,0.317254397256225,0.1000836158882487,0.060604231250544,0.1731268572090751,0.0692774715547404,0.0498993880385618,0.1404986724550617,0.0326021205183507,0.0371835425342596,0.060086188763924,0.0701155859004251,0.0634344396411862,0.0920120845841176,0.0220342417207226,0.0765789333443603,0.0532155135944661,0.0609907490624047,0.0606567213368424,0.0220342417207226,0.060086188763924,0.0544830328617737,0.0596817277644581,0.0594982452378503
asw_label,gtex_v9,0.0682130101140417,0.083500854892059,0.0,0.0,0.1086621263945791,0.0651705989722441,0.0233291401425841,0.0392990597698422,0.0,0.0,0.1376661378099005,0.114706197244865,0.1262792442143395,0.0646564397986916,0.0446155873149606,0.1371601828382763,0.047466478152989,0.1096862765586386,0.0141292923395867,0.0188455454417948,0.1401948925050234,0.0826056058792711,0.1189047078981914,0.0543719075166441,0.0600558287789792,0.1525163049353902,0.1344025895832647,0.1406456997228357,0.0311972179790803,0.0338424752912949,0.1811678594773789,0.1580294888881937,0.1625416892743492,0.0586944247927075,0.0566053308022371,0.0773147130921187,0.050156006214138,0.0660934744694073,0.0,0.0,0.0498452664177843,0.0536385582439852,0.0,0.0647769935570141,0.1181318464178448,0.1194138149975343,0.0737973235771897,0.1168756722662104,0.0743349184124177,0.1187266688797398,0.1205508074964284,0.1336137637457082,0.1442578886471182,0.1703310160756836,0.0389724581689678,0.0460680439370889,0.1040161770748797,0.054385118489807,0.1311758983562609,0.1300450139306705,0.1329621975673966,0.1483850224789554,0.1760515246040673,0.0695630663244799,0.0207157501252514,0.0,0.0702122113817089,0.0,0.0631307514567751,0.1034931692115566,0.116835189255384,0.0170669157915652,0.0117349039229812,0.1022593033551715,0.0113107868670503,0.0622733198352646,0.091905807198722,0.1283675724087729,0.0226494439666326,0.1252494244422719,0.0262848989266685,0.1284421280217021,0.0572776182323288,0.1476902320392719,0.1131630240396916,0.176089176062176,0.0001087330644503,0.0716257293131425,0.0346261642129293,0.023662865991525,0.1074166356652991,0.019520941565995,0.0493621507998385,0.10131599918123,0.1299251734872104,0.0260355250032448,0.1086621263945791,0.0492799861200826,0.1170577774715544,0.0823947805310963,0.0762415985582129,0.1287715132150313,0.1737487483880162,0.0773147130921187,0.0536385582439852,0.0393493654031468,0.0446155873149606,0.0188455454417948,0.0600558287789792,0.0338424752912949,0.0566053308022371,0.0,0.1137787868755992,0.1149048201750109,0.1096562168276025,0.0654383903368347,0.0404051330015974,0.0953051150919824,0.0720310748381393,0.1096529937118346,0.0938777246299641,0.0404051330015974,0.1137787868755992,0.1014073873826427,0.1122338842381055,0.1123168067814659
asw_label,hypomap,0.2222214212917631,0.2438387362587155,0.0777579529418857,0.1454829074156564,0.3003358507888395,0.2015915518978564,0.1851294878951706,0.2227100281496443,0.1956950493082895,0.1185443714756001,0.1940064202964852,0.15297425668656,0.2086530856895715,0.0194182543539974,0.2293097677627294,0.2639563467009337,0.2373019002473423,0.2607889642630404,0.0495925715142302,0.1283959329771678,0.2849999148449418,0.2414423768157124,0.3042225571084184,0.0540950415006965,0.1478197422818224,0.368007691627392,0.3548809498587256,0.3234490491590279,0.2282644040496041,0.2399961346854553,0.1700639251590366,0.1624383462959827,0.1691924342264489,0.1207422378538301,0.1569381432324799,0.3653278283039222,0.2985598479947847,0.3071429750785082,0.095112859891624,0.0700111897743461,0.1599923172684482,0.161294896893347,0.2088172114225244,0.1986630524442077,0.2165019630100496,0.2106588510958422,0.2188188564463712,0.2151034476531695,0.3052833547921737,0.2826895952280766,0.3352989903113912,0.3353524042862235,0.1657679418489495,0.1753954809670553,0.1223209945952444,0.1252729499498896,0.2980735728870907,0.2013550556451377,0.1951650865846209,0.2663652989449028,0.2873588880642301,0.3592474949796864,0.1712466366825363,0.3609495483708159,0.1486340966987193,0.143784793606194,0.2283202122423651,0.1146228935446136,0.1505139987333915,0.3267429756456939,0.1626563347867012,0.108944554536466,0.0890962329095312,0.2977018788035048,0.2187845686074395,0.2006753410699687,0.0419557817386772,0.1947630922210039,0.0489197848869382,0.2666481256721499,0.1097548006603036,0.2853757144084562,0.241155667070449,0.3657027004439755,0.1280909805411916,0.170973824322532,0.1060478687220639,0.3631253589226055,0.0990806470238582,0.2118589364808306,0.0631337471520989,0.0767213904474554,0.1262049867682798,0.2642926807392631,0.1605607560598789,0.1126776012147326,0.3003358790114568,0.2015915518978564,0.1987610705278722,0.2626764086707932,0.2849999148449418,0.368007691627392,0.1700639251590366,0.3653278283039222,0.258347440176694,0.3406913212472038,0.2297462305398398,0.220144980789783,0.155367851511662,0.3304936143034085,0.1626659445879043,0.213263103150993,0.011673347259255,0.0,0.0,0.0,0.0,0.0,0.0,0.0,0.0,0.0,0.011673347259255,0.0,0.0140823292128734,0.0136331557778064
asw_label,immune_cell_atlas,0.0936518408733719,0.1168834666315733,0.039732401484704,0.0,0.1283764121064524,0.094333615649847,0.0943369213514536,0.071906976797998,0.0552062654264611,0.0,0.1583110854153817,0.1589550608141499,0.1635647219304431,0.0723062794056635,0.1135895274805683,0.1462960129503449,0.0909181707267727,0.1286933529856296,0.0,0.001474559469415,0.152532338130121,0.1265497382314266,0.1455749026871555,0.0589611793267429,0.0974510893812018,0.161655859059528,0.1556794395826671,0.1576327917058681,0.0477998088275123,0.0871124859401325,0.1484651886412314,0.1386038079321784,0.1350866121276454,0.0858303598138421,0.0753674774846219,0.1745046595830454,0.1407118438806367,0.154643098864648,0.0818857251764501,0.0210818695905,0.0333137627085777,0.0378912750725021,0.0306947116436042,0.0464103838083866,0.1469824665830363,0.16762730333976,0.0545538193124165,0.1070356536878725,0.1413643550444907,0.1463420515850492,0.1118841902280216,0.1136252437288055,0.1286895635847013,0.1337772987157391,0.1034770828239473,0.1448178342016448,0.1254428205287381,0.0901841300864898,0.1601149496563488,0.1475039698246872,0.1552573172819444,0.1576570727341993,0.1464579740322188,0.1672356111838696,0.0198351265989057,0.0,0.1520931150619277,0.0431625375484118,0.1087054656791796,0.1003624179733023,0.113938173309061,0.0900427485593062,0.0408911573517916,0.1249235124122392,0.0869383711743102,0.0904578835018914,0.1305313570625943,0.1595701584298909,0.0190087326260597,0.145696996170935,0.069328216157312,0.1539136540579632,0.0896676881534062,0.1574445674341396,0.0995638688131543,0.1467152049174129,0.0897728758357827,0.1660005719354613,0.0434068413918594,0.083919970705466,0.1513308096046779,0.0369295384918461,0.0753161620763098,0.0930192388996996,0.1238289320441286,0.0911697377803468,0.1252656445015076,0.094333615649847,0.148111744243412,0.1118895858805363,0.1402534770288729,0.162739485833112,0.1493521134459874,0.1745046595830454,0.0751115905475399,0.0967067668771663,0.1135895274805683,0.001474559469415,0.0974510893812018,0.0871124859401325,0.0753674774846219,0.0331860467238986,0.1900996633895106,0.1565991857168252,0.1804205721478291,0.0920703092645446,0.1286193854048924,0.1255563775516093,0.1636694376209208,0.1466576844916884,0.1780661426131012,0.135200874282652,0.1900996633895106,0.1851173927787938,0.1871802644952178,0.1882223243494924
asw_label,mouse_pancreas_atlas,0.0486261202666181,0.1307127652603165,0.0,0.0,0.2148969280710132,0.0106505775184465,0.0096620037122314,0.0059860834215469,0.0,0.0,0.1150024496838256,0.0680613479576384,0.1089262266965772,0.0,0.0773578559892036,0.2274593573415153,0.0263983671361336,0.1481195112653826,0.0,0.0,0.2299715667836962,0.0880781890543647,0.1989936498607407,0.0450211200073368,0.1488819524793714,0.2339381350870187,0.0709741619508949,0.1539330993837712,0.0043313161883117,0.0602743227827792,0.1283394618256376,0.0875505242084217,0.0937310529176673,0.0,0.0276397548624367,0.0883626976323827,0.056423789482586,0.0705299855756964,0.0,0.0065973949104521,0.0652973299255339,0.0886994873973204,0.0130683946731604,0.0061343722989978,0.108678882833802,0.1090560881571619,0.0721812106846428,0.0666651165978975,0.1599468899896968,0.1560170163036557,0.0882977344309779,0.0959480416709271,0.0573094345173521,0.1005971025606504,0.0502726112647032,0.0671062392730545,0.1749066339073187,0.0035607173701549,0.1039788273869178,0.1876172742371945,0.2063835517315465,0.1913746274814809,0.1141202276893539,0.0504477999519386,0.0,0.0,0.1121031052275946,0.0710395667983723,0.1325833303249225,0.0758655182089445,0.0297901700175048,0.0186209614622638,0.0,0.1696761095511628,0.006962855684465,0.0052342219281156,0.0148423915568631,0.1065882197426774,0.0,0.1558648310993472,0.0572722097814111,0.1631441437342597,0.0195689080438779,0.1771857915819936,0.0220143848598105,0.1137132167361569,0.0201742664540746,0.0492935402491187,0.0,0.0032291664499518,0.0230825452528613,0.0,0.0784208554012584,0.0193901971349995,0.0490738569446973,0.0279118488770583,0.0907054561847087,0.007218071398947,0.0546548947010398,0.0721172458917031,0.1480200145399187,0.0767872016167227,0.0297806949643028,0.0883626976323827,0.0,0.0147701384831659,0.0773578559892036,0.0,0.1488819524793714,0.0602743227827792,0.0276397548624367,0.0,0.0295506221225534,0.0,0.0,0.0,0.0,0.0,0.0,0.0,0.0,0.0,0.0,0.0,0.0256076345762488,0.0252624942534219
asw_label,tabula_sapiens,0.1405123254063468,0.1451764206223495,0.0329335178774237,0.0300991563176549,0.148854942032555,0.0797854879447452,0.0653982391842508,0.0806818204784799,0.0111240233763094,0.0,0.1861550016383766,0.1829757639259652,0.1704013605948666,0.0697385953666627,0.0482932805507768,0.1984824199720636,0.1696049447001409,0.1969184683720653,0.0270031004643859,0.0256015037266988,0.1932270061663642,0.186745245034351,0.1916252725777682,0.1256830974146788,0.1684439206260378,0.2078243764619293,0.2094224231596445,0.2039941218397981,0.1870618005054899,0.18247627486585,0.2008479232073694,0.1911553271258411,0.191493305563509,0.1269089972120474,0.1726542117204015,0.0793067320952312,0.0447208448181716,0.0680078017694571,0.0,0.0161351452146112,0.0975567249024884,0.1109714684258387,0.0259961285739052,0.0607185407508736,0.1346524921515796,0.1399622236273707,0.190683896946424,0.1946234827810093,0.1916644349037491,0.1922420953677208,0.2017540543178847,0.2060606303819797,0.1893947870994831,0.197733408268479,0.0239186985836043,0.0319289342912866,0.1635181398011064,0.0805382826071903,0.1950881375157623,0.1991869300318428,0.1962043584022415,0.2106709668836547,0.2026465223279889,0.0935644503010693,0.0570430439558813,0.0,0.1108194962441101,0.1782983303489984,0.184442806325881,0.1953887504205535,0.1776714189626099,0.0173412726227202,0.0388766246866657,0.1643052463628426,0.0237841632821953,0.0823538612738539,0.1102022636260674,0.1880901425601519,0.049324493285149,0.2070796016091751,0.1546709221444399,0.203307622248635,0.1920666397993093,0.2120014313530323,0.1569872898623081,0.2007560947300263,0.0075798025554703,0.100512442296998,0.0604883130381595,0.0467483825204685,0.1392421951385329,0.1248555039804868,0.1611371049979314,0.1926960096606345,0.1825806291191012,0.0247186167690719,0.1488549289641758,0.0851599507307617,0.1382599300184579,0.1852580668065848,0.1832378235687608,0.1967766702950566,0.1992916899721441,0.0793067320952312,0.1100580932667219,0.0239186985836043,0.0482932805507768,0.0256015037266988,0.1684439206260378,0.18247627486585,0.1726542117204015,0.0,0.1355248522025741,0.1089710638921144,0.1088838881324342,0.016628976729734,0.0100298242162223,0.0801708995255175,0.0483647776533855,0.1046678507737682,0.0888055305098613,0.0100298242162223,0.1355248522025741,0.1101791260606921,0.1334144724820057,0.1336529803966474
asw_label,celegans_embryo,0.12380041848522,0.1555877991705242,0.0139369564091515,0.0134297216351794,0.1491365678600434,0.0432516800322787,0.0261505194513656,0.0380870657402754,0.0,0.0,0.074833079154036,0.0585531864379749,0.0724479424999977,0.0,0.0,0.1213287847389776,0.1235913468142349,0.129789557340069,0.0455720459615234,0.0192745089920214,0.1286428302583898,0.1339218175396986,0.133098737721408,0.0387156347524794,0.0872231790338572,0.166798312269082,0.1955235140809908,0.1821980910606666,0.0686446014349898,0.0981164242495809,0.1692732705539752,0.1462321618746543,0.1625184257467631,0.0613493552699493,0.1217118758309454,0.1785957957922438,0.1574291522294947,0.1884507890705717,0.0867266315306716,0.0901233406604513,0.0332342253032364,0.0491737865789059,0.025274694716772,0.052186188323441,0.0045278730530102,0.0223846222183673,0.1113227370855658,0.1227679788572041,0.1236800838528401,0.1293973406077291,0.1306749006798309,0.1689454994212946,0.1406898260134136,0.1499471692005377,0.1066344796050438,0.11880376036325,0.1491022364696994,0.0454502899012944,0.0751890562073502,0.1282813408585388,0.133841218121694,0.170887188950391,0.1700252906558123,0.1835344390239606,0.0302452959757601,0.0,0.0,0.0898060014598827,0.1190928768180178,0.1083944098595842,0.1279156691953311,0.093529581045593,0.0229905555032028,0.1474263272110433,0.0,0.0455770595558041,0.0,0.0776613911187696,0.0612692842585339,0.1290793162041982,0.0702766175635285,0.1361724634062329,0.0949808243538758,0.1715318240211417,0.1156640778625237,0.1700382113953973,0.1071049137479846,0.1776910303269087,0.058042044983929,0.0,0.0261073295344595,0.0546301924684511,0.0900339654009156,0.1190131189015869,0.120598638819706,0.104675997621799,0.1491365678600434,0.0432516800322787,0.0223846222183673,0.1297639374056344,0.1389182286829107,0.178091595762544,0.1714894223974152,0.1899799019481296,0.1369387378763968,0.1281786136595446,0.0,0.0192745089920214,0.0872231790338572,0.1367002778673757,0.1217118758309454,0.0195204144698363,0.1288918218769301,0.1318535748360265,0.1220656548021181,0.0181694980058945,0.0728311176970848,0.008277306331664,0.083304533552219,0.1311419258977831,0.1227079988606013,0.117165733402992,0.1288918218769301,0.117165733402992,0.1286707590390013,0.1287412531933266
asw_label,ocular_atlas,0.1985925821190869,0.2140855387276798,0.0,0.0,0.2248205972435385,0.177165756746238,0.1911969776651017,0.1577687271415856,0.0621022246975108,0.0,0.3178762374508073,0.3154731489249728,0.3122615040834453,0.104994531009454,0.1228627831925901,0.3006898734933172,0.2743314101725198,0.2880064417041168,0.0160351402183097,0.0702651215400712,0.3129718685244278,0.2739711799812082,0.2961790433553633,0.1521624228246693,0.1736365177094768,0.3056804920971639,0.2695996593108458,0.3005048533328937,0.148816883563633,0.1714857009544121,0.3003257386380664,0.2826699444649347,0.2858746007508247,0.1034992713310044,0.2198986983111884,0.1228259039385987,0.1043395249270673,0.1097248765532099,0.080777375988632,0.0,0.1162572338042213,0.155957787662596,0.1033852442926389,0.1261312174712829,0.1944085237697833,0.2234626565977227,0.2591981421238465,0.2801087341610267,0.2465052709167574,0.2874815783443801,0.2602184693044669,0.2761234120332465,0.2580272799357743,0.2836161641465327,0.0630342862641627,0.0802179537207682,0.2153483906697104,0.1665284196091272,0.3137560387638322,0.2863645566537575,0.2940759431076504,0.2956581760689155,0.2855774973998141,0.1211218514432242,0.0406706950090285,0.0237684212310898,0.1621049527676827,0.1603579364756339,0.2214953417656737,0.2060006065765589,0.2316080617966449,0.0259988790738642,0.0196100908890311,0.2113333743781829,0.1173310321079472,0.1684774769684784,0.1390157027597582,0.3141856849545378,0.1023055181612964,0.283008316999844,0.1563868423598533,0.2892294019142258,0.1543445591584393,0.2828381666954516,0.1697700753344251,0.2849112255589194,0.0854030768097805,0.1201086267614832,0.1149231403856314,0.1548581567072733,0.1722525278724417,0.2015991995098224,0.1686371124859548,0.2095946680029194,0.2595237967035568,0.0835423319920641,0.2183347024435026,0.1605706918411388,0.2122260280102847,0.2718574181028582,0.2569532922521967,0.2878579941167924,0.280472231374824,0.1228259039385987,0.0221168812310032,0.0802179537207682,0.1228627831925901,0.0702651215400712,0.1736365177094768,0.1714857009544121,0.2198986983111884,0.0,0.225120510515007,0.2136249789346876,0.2117586918295898,0.1124763312792872,0.0705941306682976,0.1280848440419212,0.1115699721986214,0.1485399175003269,0.2011111820095765,0.0705941306682976,0.2244212326979828,0.2110701503963693,0.216480526117202,0.2183414800765804
asw_label,tabula_muris,0.1432693819240417,0.1671326345081087,0.0296545301336604,0.0305436271640354,0.1794168308463147,0.1557992270880526,0.0903715761281628,0.1371721232632221,0.0,0.0,0.2791401549662716,0.2660681249635844,0.2291668820135698,0.0891572380656447,0.0224756072716994,0.2914520869287057,0.1998019424311169,0.2562376525323818,0.0195294318007443,0.0291747088945755,0.2972706061731271,0.2382332771632364,0.2864242697589633,0.0826822339165891,0.1794346120310236,0.2792575920534959,0.2672404430048026,0.2695899851940575,0.1041104525018481,0.1552204104904012,0.2771229054237774,0.2454414907491225,0.2513628051157333,0.147922374254257,0.0152773035666816,0.1746182279700354,0.1750245219332966,0.1755621632741252,0.0288782007269711,0.115880277315526,0.0763468531217799,0.0785454739707074,0.0350797497602462,0.0519592947211623,0.1836832056760944,0.2173489306794685,0.138818681582119,0.139363443268301,0.2017317389039059,0.2656584777973911,0.2558974741528173,0.2586887065891384,0.2294751061888404,0.2690196196486464,0.1379384778410339,0.1591294887316257,0.1877243824190071,0.1514284989298673,0.2582196725157834,0.2700859600911268,0.2833601448127029,0.2704682743413661,0.265694120492693,0.1870355775384003,0.0548999082102134,0.0,0.1169718212176008,0.1082732124512663,0.1858021528299648,0.2461731307016415,0.1690261232927467,0.1251159722568876,0.0444878461555502,0.1879834846296292,0.0416272528573656,0.1541792276251896,0.230856311078184,0.2624611679630976,0.0536806869431439,0.2632741348203269,0.1196381636126335,0.2702908119493322,0.1252570002686385,0.2705538378520893,0.155342471629426,0.2722985797174282,0.0703665464509891,0.1842491270196222,0.0860075261165286,0.0625273847359221,0.2505208409688291,0.1177334856132976,0.1545836558335883,0.1579237582528935,0.2077672826789211,0.0964064169894522,0.1696051918246832,0.1342942992632481,0.1836832056760944,0.223883127529352,0.2447345953518195,0.2681086510275743,0.2771229054237774,0.1776688315551566,0.0725284918255457,0.1183274407068329,0.0224756072716994,0.0291747088945755,0.1794346120310236,0.1552204104904012,0.0152773035666816,0.0,0.1389759401404894,0.1173942455059688,0.1329201182910786,0.0225559081314956,0.0170430878677049,0.0820400869376699,0.0751836468010395,0.1025926124412059,0.1051085201982024,0.0170430878677049,0.1371631790583099,0.1223895698264081,0.1345971569441924,0.1361747802590485
cell_cycle_conservation,dkd,0.66894944346294,0.5395667939498203,0.0671057265764662,0.0405675491249139,0.9992843997612618,0.4306575603129956,0.4641931255266526,0.3829352170429037,0.5345811737979788,0.0709414930892602,0.8061332306897651,0.707264303013359,0.7327156196866319,0.493575287570591,0.5928196362211873,0.9710984780713268,0.5744877021454308,0.9650621905799572,0.1028021991459575,0.1357544880235458,0.9357748074726476,0.5270005090046229,0.9410400510144392,0.2529858499546944,0.4460111626444467,0.9185459603088192,0.8598110000010756,0.9666403356417594,0.4658885650285469,0.4377409429215442,0.5674363208894144,0.2809680970577961,0.4557093703181463,0.1603897384143038,0.2211462378316956,0.9490890255351836,0.8952007731279374,0.4645434976025224,0.3082464541663463,0.1529811364269978,0.0665675919103426,0.0722592328464673,0.3004651775749347,0.3695693952773718,0.6317053921009115,0.7542421758092057,0.7996897134901212,0.935053080351302,0.8216300983982023,0.9145165327646326,0.6655907034242906,0.6920729478635866,0.46379501855443,0.5097051233576492,0.3512211910893411,0.4165216000001313,0.9992832034968714,0.4306575603130919,0.8061332765918179,0.9710969067117776,0.935774807472886,0.9185459603095064,0.567436332434498,0.949089025541103,0.0538524208179041,0.145399812328006,0.6084337088098918,0.2880174074458663,0.4834490459625962,0.6115773091946226,0.5010454206831971,0.3509642348638979,0.0748587065801809,0.9992832097901744,0.4953163785583852,0.430657560313249,0.5386013134130442,0.8061332765936008,0.1691810617523006,0.9710969067113732,0.2993482602392826,0.9357748074722496,0.5715577403768994,0.918545960309906,0.2230610337270142,0.5674363324344963,0.3712565287766762,0.9490890255394996,0.0807173846294427,0.4642458044065644,0.6944556785678034,0.3179258768635969,0.4183442073519031,0.6562369692366824,0.2595402188869085,0.3677303281460241,0.9992847331160646,0.4239654260898762,0.6776118225942388,0.8989805215941159,0.8220422064206343,0.8872996775662414,0.5057902727423745,0.9490890255351836,0.2997307224985888,0.3468356740020719,0.5928196362211873,0.1357544880235458,0.4460111626444467,0.4377409429215442,0.2211462378316956,0.3408323852941081,0.4573440321149803,0.4058761981715311,0.4286580045945683,0.3744436067173178,0.3731625464632063,0.382775166292442,0.4039625912220723,0.4134942227938277,0.4084805390784405,0.3731625464632063,0.4573440321149803,0.4427922667354025,0.4573443834281712,0.4573443834232867
cell_cycle_conservation,gtex_v9,0.4720957665596009,0.6406630432837804,0.1142626776766666,0.1170201438080284,0.8757573049800478,0.6692458576438792,0.6450673282959696,0.593825124104121,0.5841217799037066,0.4836583602558896,0.9475679317205056,0.9089974659789066,0.8555478198755344,0.8447499808031945,0.7355875840422141,1.0,0.7981999249505902,0.9372112267399016,0.1881763466338195,0.2699417194078151,1.0,0.8775573878037201,0.9317281864164464,0.3585329817256488,0.534211093164393,1.0,0.685938521734452,0.835442745482042,0.271468310127317,0.2731258933463955,0.6812001904459527,0.5506339248278206,0.5964573284890881,0.4852268753511169,0.4083769958639872,0.7108631660954686,0.692342668477217,0.7164736729185044,0.2822864135933763,0.2536122588746333,0.3335954580853658,0.3427148605759524,0.614897238102694,0.667681358035206,0.8088449991955255,0.8246144231029546,0.8678501015150518,0.9669014529251414,0.8386186859596811,0.9595374269795326,0.6725024794624145,0.8153983448551364,0.5989780232931402,0.6357080995152158,0.3248912330073672,0.3421506522740575,0.8757563858199755,0.6692458576435312,0.9475686554699764,1.0,1.0,1.0,0.6811998939906749,0.7108631660962761,0.1818590956338608,0.5404001350146813,0.7636389368631743,0.6445779960668545,0.7689105864520112,0.6420925025564325,0.5966546236192606,0.3109867880877967,0.1394821917182258,0.8757561871965126,0.6426467972397475,0.6692458576437745,0.8977092503014152,0.947568655471006,0.2448821710839123,1.0,0.6719387247549076,1.0,0.3775175398266985,1.0,0.4524141471068089,0.6811998939894642,0.3334349615929123,0.7108631660960459,0.2284767623718049,0.6274220686763953,0.9034601734721772,0.7240278059971441,0.7570641359818423,0.4669959139803946,0.4594846541399607,0.4293582102164188,0.875757895914324,0.6517710240848468,0.8113362055035925,0.9301588958759642,0.8416719330557588,0.7115132693537454,0.6375277591754246,0.7108631660954686,0.3427133473725687,0.3214036183992549,0.7355875840422141,0.2699417194078151,0.534211093164393,0.2731258933463955,0.4083769958639872,0.4836583602558896,0.6162629344625534,0.6093133418973534,0.5686649163784913,0.5544413998041572,0.4958119502201425,0.6281696326286702,0.4721188428942902,0.6246614097393713,0.5140468657851757,0.4958119502201425,0.6162629344625534,0.566492662028949,0.6162624897651019,0.6162624897671308
cell_cycle_conservation,hypomap,0.8773077828924611,1.0,0.1835512309486723,0.2369179031661809,0.874354321139034,0.5300928184292297,0.3737372022921785,0.4844302490229639,0.362088802078963,0.2659154809686729,0.8437522730842045,0.8513773682544447,0.878623794882087,0.7760726766136351,0.5072143831967466,0.8495817265902673,0.8587859856275636,0.8831434568099898,0.2741808007913504,0.382296445577149,0.8090071092090371,0.9361004003147696,0.8774627529157701,0.6722369333075776,0.4596434057761552,1.0,1.0,0.9638499982602668,0.523950469284855,0.6154904211266503,0.7717161355761233,0.749176415758819,0.7897303623849322,0.6282242525282089,0.8588606586270697,0.6951139695334345,0.8851723660683829,0.9827032633483538,0.3594839053966651,0.2167945406541335,0.321914239403373,0.431663603778429,0.4051594844302369,0.4133014409712218,0.5688436368877151,0.6298852993583373,0.9489865857743328,0.9591444770982208,0.7830162373098403,0.7973122010528554,1.0,1.0,0.8214207773771843,0.7945729300152982,0.3395020899229976,0.3786780055678205,0.8743548498742801,0.5300928184299364,0.843751611281952,0.849581979869539,0.8090071092090447,1.0,0.7717166802053782,0.6951139695334543,0.279813976815015,0.3358872423870493,0.5348117268872367,0.520366782163655,0.6961390360992158,1.0,0.8397764251560023,0.2576625623040338,0.2210845313502915,0.8743543144177908,0.3638846502727258,0.5300928184291682,0.8148644373783572,0.8437516112818938,0.3093926794866514,0.8495819798694744,0.7494874191462959,0.8090071092089653,0.5702889940078197,1.0,0.5802898686287824,0.771716680225708,0.3617171487514874,0.6951139695333302,0.304903899338852,0.5495862276225026,0.7711216082346333,0.5389155440859638,0.8114037894817588,0.6632261051585098,0.7313098627232112,0.3702283235503981,0.8743551307046943,0.5300928184292297,0.8468669286135487,0.8451213470218063,0.8090071092090371,1.0,0.7717161355761233,0.6951139695334345,1.0,1.0,0.5117151562583685,0.9564611952669,0.4983364282638229,1.0,0.8398125363236827,0.4979594731948782,0.5438173683177958,0.5308077288643231,0.4451386722998909,0.4054029695799317,0.3845888551819299,0.4724189095541861,0.445305202415637,0.506719082309215,0.4431232230630463,0.4305944237735527,0.5438173683177958,0.4396345203660071,0.5438171615467186,0.543817161546319
cell_cycle_conservation,immune_cell_atlas,0.7057381637779623,0.8269133160268534,0.3881215863241617,0.2709313311240859,0.9352639259757134,0.8850316247033286,0.9622342056829866,0.8914212341502427,0.6841893727722385,0.6427621377907453,1.0,1.0,1.0,0.7505435265843496,1.0,0.9851886468788692,0.7928927604634004,0.9435087069336594,0.2799347902013788,0.2901512426314506,1.0,0.9776013773052584,1.0,0.6988309289090315,0.6077132933903229,0.9537820496312815,0.9856347828259476,0.883340189981037,0.7168023816895616,0.6007685083740645,0.968098805798493,0.9032365596912908,0.929901745342574,0.5611237911051591,0.6285220167424221,0.4500544464472544,0.1590325196835511,0.31030797449419,0.1329114757870922,0.4273536101750338,0.5486088892211551,0.5447682053359887,0.8668099321551433,0.8673580817232174,1.0,1.0,0.6084066199203406,0.8875541240514279,0.9426864194486876,0.9722123841544656,0.7758361877624934,0.8258756663515584,0.9957104159658624,0.9677350390139317,0.3508121087395462,0.2625270933523716,0.9352646278073944,0.8850316247031854,1.0,0.9851879439395158,1.0,0.9537820496325952,0.9680989754135572,0.450054446448439,0.309614803266579,0.8556660400444414,1.0,0.4904590711093785,0.6910647244074412,0.6481101214812635,0.9342533489586384,0.6218739455966853,0.3940036372740783,0.9352647170210836,0.9401265784824058,0.8850316247063912,1.0,1.0,0.3686610479532582,0.9851879439400224,0.6521917831055118,1.0,0.7516848901326515,0.9537820496337772,0.6253070225515026,0.9680989754142278,0.1363396569941279,0.4500544464481775,0.4460483687997509,0.9434025650521166,1.0,0.48949204776119,0.6248769070688147,0.7995618171064744,0.8937943682223582,0.1442923837970619,0.976738799479138,0.8850316247033286,1.0,0.9211361417535004,0.9442917534761908,0.9225504347528672,0.9505872122490884,0.4500544464472544,0.6373959342830732,0.3368454399406002,1.0,0.2901512426314506,0.6077132933903229,0.6007685083740645,0.6285220167424221,0.8691211345899302,0.6145446502122752,0.666332333060688,0.6003671677881585,0.5809541882945266,0.5972249935168826,0.678987460134682,0.587733815292548,0.6435152272367367,0.6180931823188259,0.614336865635266,0.6145446502122752,0.6193498846952319,0.6145441970343088,0.6145441970346978
cell_cycle_conservation,mouse_pancreas_atlas,0.4865903719410874,0.6381263548583017,0.1902976078101058,0.1975413050887421,0.9183214015363184,0.5666209567075248,0.5891196471410794,0.4751969773829634,0.4685763059209706,0.1670544451476526,0.8001268212182201,0.7649508210821582,0.7106649475651698,0.6864918285524579,0.5906562392386983,0.971123668887148,0.604304203543242,0.7225401303116434,0.2528346760428061,0.2908247003009768,0.9947802884306473,0.7059821708052904,0.9173227878890062,0.4984153605772304,0.6041597051252092,1.0,0.5932660795928697,0.7696759967140251,0.2249981624373269,0.3598399501200669,0.7820669106632427,0.6476822528842401,0.6501436378538111,0.4218313816508756,0.5139280835049005,0.7722542948479726,0.6754455886675996,0.7007995454544264,0.4677249297290134,0.4259688957687439,0.4583108061147644,0.6108833615699161,0.3078652362593581,0.3525591645566578,0.6778568893009379,0.7827821990605409,0.5980679802431336,0.6628846393885849,0.8471482816168059,0.9208578601836448,0.6186574424918592,0.6110377299013262,0.5630143482398933,0.666479616364522,0.639088568729303,0.6541174972019117,0.9183212352258956,0.5666209567065722,0.8001270223929745,0.9711236205654364,0.9947802884305724,1.0,0.7820668562255663,0.7722542948479673,0.4114849899384907,0.2423255726032076,0.6451981809877182,0.5370364758862912,0.6147691399331554,0.530208482894036,0.5074736676500547,0.5336145359995459,0.3538199585509957,0.9183212145884544,0.6447708639216398,0.5666209567075111,0.7143662670400153,0.8001270223933391,0.321944834319905,0.971123620565604,0.519071849853714,0.9947802884309332,0.360759900518346,1.0,0.445192711650325,0.7820668562237003,0.6353471251376713,0.7722542948479814,0.4216891885345364,0.6179465162287595,0.7535078748088571,0.5595152942352422,0.574642148045383,0.4522501202942802,0.5854706362340283,0.663551974991465,0.5987831567898466,0.3523532989652494,0.4969475878097658,0.5772864873728624,0.5278116713750365,0.5326422750662897,0.5074784462761087,0.7722542948479726,0.210111018659751,0.4458061853019418,0.5906562392386983,0.2908247003009768,0.6041597051252092,0.3598399501200669,0.5139280835049005,0.1670544451476526,0.6416789985862221,0.5887397506987985,0.6427925205252655,0.6266600196850362,0.6161960324492546,0.6309299801035853,0.6071391999541808,0.6238147228154358,0.6049395972651995,0.6161960324492546,0.6000371506234463,0.6108014010633789,0.641679199751615,0.6416791997516524
cell_cycle_conservation,tabula_sapiens,0.5506571869198861,0.5320059824643832,0.3817401305122817,0.3319310030812588,0.9049064723914696,0.6595607289147032,0.6058430934731728,0.6735201110180217,0.4239454591924206,0.6732359722566365,0.9239023383754944,0.9203267222091172,0.8595639711741091,0.6626663556096128,0.8088856452748179,0.9662010220223278,0.8058434100161936,1.0,0.6557856774070584,0.6689528226002198,0.9933861703053788,0.8770918146371076,0.930557389962514,0.7376281937921855,0.924264220328315,0.8137331370499901,0.9918651308141944,0.8490622819799378,0.8677275236246105,0.7922349700513448,0.9887182507232268,0.8764627728256049,0.8938637994199905,0.6575601939401566,0.8009468364079518,0.8913219440664689,0.6405111361995701,0.7819804198190591,0.459567636552517,0.3502206472584005,0.4100621418352336,0.4152286586780463,0.6566710032915527,0.6617820467448932,0.8440521021953564,0.8462331997808848,0.9226747070676246,0.9639073674301558,0.921165808288547,0.9819445980569688,0.8726032535362191,0.8159547752832457,0.910920016941303,0.9296015003937048,0.5284727359758731,0.5502374598828701,0.9049059720370412,0.6595607289147488,0.9239023712873268,0.9662014805195784,0.9933861703050264,0.8137331370499494,0.9887186057845716,0.8913219440643255,0.3454269859840486,0.6864256359348851,0.8461588966620932,0.9455469500483724,0.8796652330672413,0.838802080840587,0.853905956621733,0.3956812721573996,0.3872429341285981,0.9049063869702908,0.7338859420191597,0.659560728914764,0.7554237737880352,0.9239023712874028,0.6911654681260441,0.9662014805205164,0.7869982349609518,0.993386170304864,0.9555613703153012,0.8137331370499594,0.7306270752715122,0.9887186057867504,0.487922976472355,0.8913219440662725,0.4250820780125049,0.6584033442570917,0.8615019187305469,0.7317585783881527,0.8287134730011714,0.9686881318244406,0.8642952580011792,0.5501823248889443,0.90490576575695,0.6567160362214134,0.8498193466958672,0.9691516189099012,0.8653351081091192,0.8463406419221254,0.9323721385994158,0.8913219440664689,0.4063646429709638,0.528472735975926,0.8088856452748179,0.6689528226002198,0.924264220328315,0.7922349700513448,0.8009468364079518,0.6732359722566365,0.7890093133862915,0.775885279970099,0.7614025758680039,0.7340480757132205,0.5338706387835813,0.7383696154166227,0.5320969737632398,0.7792695845745502,0.7419646329219356,0.5338706387835813,0.7890093133862915,0.7735963592581064,0.7890092553284367,0.7890092553263657
cell_cycle_conservation,celegans_embryo,0.6535418550955687,0.6077598511245216,0.0965054321997482,0.0838081376615063,0.9292909999890756,0.2715952952948073,0.2248071394837873,0.1779716649962725,0.1963055159039995,0.114091244981185,0.6146674387101485,0.5043421429137686,0.5450368767576147,0.3908271898816383,0.2739291451195728,0.9657295898280936,0.7763142825025743,0.8212681671890961,0.1340069590976173,0.5676074892132621,0.9782291881157452,0.704447337882339,0.94860375734332,0.1999939302747782,1.0,0.9699048139662528,0.7901281141499801,0.8483820632176544,0.1407746901315829,0.1471469905067343,0.6327319058456754,0.3911433678607328,0.4501150057027152,0.2758505838271863,0.3234903689091659,0.6716859132588022,0.3995171473696445,0.4407339811402261,0.1316824460587514,0.1385472154437117,0.1066453979612152,0.123677611181982,0.1639236918729115,0.2248725716412459,0.4609015494705452,0.5953803128179092,0.4787499588615195,0.8508727364272006,0.951038136208323,0.9390301608401664,0.2397402776415031,0.3953732388723739,0.4562957405302834,0.4775520432878347,0.1729263625352269,0.1751057980009883,0.9292920047719688,0.271595295296019,0.6146668272968131,0.9657294176691056,0.978229188115175,0.9699048139663556,0.6327323443604451,0.6716859132587902,0.0975285089485823,0.1276442194557655,0.4038135344985151,0.4836546114650231,0.8147623328656977,0.1732763058768286,0.3831425274229641,0.1489053596221177,0.1086487043504916,0.9292919509724422,0.1824932676191334,0.2715952952967412,0.4247887744746934,0.6146668272871814,0.167155176782151,0.9657294176705497,0.2032004295571177,0.9782291881152296,0.2192771823279675,0.9699048139662564,0.3802653200925603,0.6327323443584154,0.1583285305718858,0.6716859132593516,0.3935111507087301,0.1999589615042633,0.5789596475630707,0.4553612264238868,0.3686950436970158,0.2509866288462494,0.3690615258677839,0.2752082340124553,0.929291894626001,0.2715952952948073,0.5953803128179092,0.82648494676528,0.9440574748233236,0.9158115096052634,0.4853297420775221,0.4975703238567286,0.4618402768309544,0.2584926866013515,0.2739291451195728,0.5676074892132621,1.0,0.2345893857616347,0.3234903689091659,0.1631330879671278,0.3138253108559258,0.2933789726573811,0.2773399287137643,0.2771751473830378,0.213407087996849,0.2853155318880678,0.23721757214433,0.3025614368799859,0.2492407622270987,0.2792478087258807,0.3138253108559258,0.2792478087258807,0.3138255780265258,0.313825578026809
cell_cycle_conservation,ocular_atlas,0.6682123101294516,0.8742428045635544,0.1194608011849205,0.1145139732791419,0.8750597718663878,0.6608172566774636,0.6337490065412739,0.5869391304385899,0.4862649790729766,0.2583712156124622,0.7713972360646805,0.7531100328528132,0.7743207446506102,0.4366195591346099,0.4510757701743666,0.8676292435855895,0.8158052438479773,0.8886709691948526,0.2508434527740098,0.3452405628169954,0.8512511182153082,0.7499241455258422,0.8581957524056621,0.6306651756227633,0.615910863788211,0.8893100688677944,0.7862655238604838,0.9014888482718316,0.4748572511553388,0.51759908615634,0.8631182321952507,0.8224475357750116,0.8420157813332332,0.6556943622254818,0.6990823024780995,0.6826830957962667,0.5457720517226938,0.5979729552530928,0.4103838630560062,0.1422059953876541,0.3459165682825818,0.3836701943046861,0.4576460669087828,0.4715460682188932,0.6798850036826928,0.7554354721489205,0.8056375109723597,0.8490999607707118,0.7100942664795241,0.8047660441632599,0.739223757315341,0.8336227090056013,0.8312922763592853,0.829127601818976,0.3131378906104211,0.3386449396577857,0.875059358853062,0.6608172566774991,0.7713974447882717,0.8676296135313075,0.8512511182192974,0.8893100688679315,0.8631182371203566,0.6826830957963432,0.2484962914015617,0.3368811222698337,0.6540893249872586,0.4273037004164358,0.6575212937974396,0.5406632897740723,0.7857239724792088,0.2546456404047406,0.1549877103839822,0.8750593887569164,0.6938257527509964,0.6608172566772543,0.4354899242152101,0.7713974447888033,0.3675066097801014,0.867629613532227,0.5963955999300532,0.8512511182156122,0.4779516519506472,0.8893100688678478,0.6795536821593265,0.8631182371211413,0.4002812242849914,0.6826830957963833,0.3078208004612057,0.684439427518197,0.5585481245658876,0.5107271512575416,0.6054113839995896,0.5225567635527414,0.7693679960133369,0.3802202630643194,0.8450317781144575,0.6567985479323039,0.7653498468260439,0.830915502112683,0.7011341693892456,0.8486193390031699,0.828366638781037,0.6826830957962667,0.2021146076093536,0.3386449396577857,0.4510757701743666,0.3452405628169954,0.615910863788211,0.51759908615634,0.6990823024780995,0.2583712156124622,0.5981957865559412,0.5715055563709985,0.5444731776959879,0.5244452593139384,0.4258927795042635,0.5224054391956098,0.4769105916119331,0.576556435969375,0.5154498967168417,0.4258927795042635,0.5947705799574127,0.5385525669150785,0.5981959215211032,0.5981959215183204
cell_cycle_conservation,tabula_muris,0.80375921602264,0.7972878995414219,0.4579992533976796,0.3731514201475684,1.0,0.7478551386928577,0.9706990802292246,0.7767701077646397,0.9995649299633153,0.1296929866731233,0.7406430398247761,0.6455899822447447,0.755495473804101,0.5884863731415817,0.6921881597576793,1.0,0.8229309643353621,0.912518995461161,0.4666292310982862,0.3908979205602822,1.0,0.7898532638504085,1.0,0.5094007375149264,0.913081232937198,1.0,1.0,1.0,0.52892925124723,0.8144767953857271,1.0,0.8506388029083087,1.0,0.6946298897942432,0.5460965413391115,1.0,0.9462909184071788,0.9199247276783818,0.5625672592218455,0.9054930524888144,0.7607941881283182,0.7655984801627591,0.7784832740196123,0.7590871642793817,0.7764183011446569,0.7671833967904786,0.831566709393396,0.8253960875975963,0.9288549257614732,0.9631244908554776,1.0,1.0,1.0,1.0,0.9730009622386409,0.9922814610371076,1.0,0.7478551386995569,0.7406433219810434,1.0,1.0,1.0,1.0,1.0,0.7821057717540916,0.7233930173845095,0.6947222334031432,0.7902193658856431,0.8592060401094658,0.9957740659562736,1.0,0.943978053391968,0.5778293686990464,1.0,0.9146084760966362,0.7478551386996078,0.6066253861498386,0.7406433219808243,0.6721812177802505,1.0,0.6267509736244509,1.0,0.5762425143978821,1.0,0.6773792730568303,1.0,0.7181882153284526,1.0,0.8432753829564547,0.8478350997640496,0.6856221880800882,0.9013341169021885,0.7169193561925193,0.8412135483357143,0.899735085629598,0.9775943775963214,0.7791900193011503,0.7772299320797755,0.7764180603352022,0.8310199043712738,0.9818933713777588,1.0,1.0,0.834251742690547,0.7180755546018305,0.9517286118629305,0.6921881597576793,0.3908979205602822,0.913081232937198,0.8144767953857271,0.5460965413391115,0.1296929866731233,0.5781896799736627,0.5392582823648504,0.5769720963607243,0.4710273586511184,0.5298397216989232,0.5646447526441747,0.5294164906022814,0.5609774614975125,0.5783889987311925,0.5298397216989232,0.5765883724349344,0.5724571288518598,0.5781896251099985,0.5781896251097746
clisi,dkd,0.9968993383445984,0.9982528514443744,0.1667706686232897,0.0281641672013656,0.9992644274685948,0.9951838034132976,0.9929513287468738,0.9925463098142856,0.987829327029678,0.3552870841382948,0.9983169968005362,0.9984183926746162,0.9990317934230196,0.9508646254952412,0.9967855836400762,0.9989019410906812,0.9976762493600704,0.9989186450585592,0.0940118091756317,0.7740602344758374,0.9993731195179408,0.9966021381429262,0.9992059749994776,0.7171525471419423,0.917105589846298,1.0,0.9978562030987304,0.9989982738054528,0.9306799121167638,0.97641856266501,0.9973021872339198,0.9377703179728394,0.9883638542900738,0.3695915044766438,0.6788658678528096,0.9990011337391952,0.998790965741946,0.9990039112860716,0.993017473797512,0.9568508640107052,0.395127454276405,0.4453318644123575,0.8303968769463037,0.9757030070758131,0.997898547337121,0.9982984765242316,0.9946909845635372,0.9984737075348008,0.999120614594698,0.9995808388003976,0.9966588202798412,0.9969809524781212,0.9445223612995716,0.980745187768978,0.9944983960785356,0.9992058013174446,0.9993892642548116,0.994646752065457,0.9983997798272916,0.9990858598749838,1.0,0.99940710053506,0.9972399702574436,1.0,0.3421823919310762,0.5020472625083005,0.9971477723651327,0.8947505874781674,0.9936624063109624,0.993439396246444,0.9107176728879623,0.9930957016751398,0.3122344742195998,1.0,0.9931727461372734,0.9950463256912052,0.9901090863097688,0.9987402768742984,0.2245921016628702,0.999128031954066,0.8526900979392585,0.9993405466244368,0.9715314116167888,0.999649918765384,0.5257519363599136,0.9972051449172356,0.9975133585907026,1.0,0.4134959499836211,0.9931221875729552,0.9975504821819794,0.5196986272125378,0.949636883626502,0.9783301274938996,0.784524187692224,0.9978284049657096,0.9992567379371986,0.9942711769613682,0.9978169489427762,0.9980012210869031,0.9990447979503452,0.9988986383085376,0.9952765226277708,0.9990011337391952,0.989169771853016,0.9966345519142308,0.9967855836400762,0.7740602344758374,0.917105589846298,0.97641856266501,0.6788658678528096,0.9096027137131668,1.0,0.9993609171026034,1.0,0.9985221850469138,0.9987379844161026,0.9990040594757752,0.9991974261224376,0.9993082604269292,1.0,0.9987379844161026,1.0,0.9992407278359918,1.0,1.0
clisi,gtex_v9,0.921458264411492,0.9585439074851876,0.480066557916938,0.4460083563729411,0.9814918915066084,0.9291102293617725,0.9260904723238116,0.9164836345675456,0.8861587917042643,0.608767698591309,0.9951039983426172,0.993565638051618,0.9933397163253684,0.9601727563406746,0.8989669450434926,0.9965272877338336,0.9886120961773588,0.9956427901551412,0.5415396280065918,0.6046702348505545,0.9967674447791436,0.9945474875525562,0.995911479371144,0.8574602372335821,0.9041173103834448,0.9963170262830968,0.9946462997138183,0.9945324013593116,0.6421970970117593,0.6482043767315376,0.996262591767678,0.9909724789255352,0.9934795898314782,0.6282445997013091,0.609664896086288,0.933893261516683,0.9275516068316118,0.925865345878691,0.8443592487443912,0.850714611845099,0.8373512659322322,0.8747328375337602,0.8465226760935999,0.9292347031219612,0.9772484521586992,0.9898110116840898,0.9855184392418688,0.9963999184435212,0.9920384436083032,0.9958559350452448,0.9869742831142436,0.9954206731624196,0.979392535562771,0.9946110355680364,0.9121219983137804,0.912042142848812,0.9824847738401444,0.9596044024915134,0.9949372300740148,0.996900826025162,0.996866895460806,0.9966270117381364,0.995856797470864,0.9301772204115564,0.575235111005921,0.7724009246703175,0.9415501532261692,0.8224360898705222,0.9767333635939304,0.9450677718071032,0.923552020033878,0.9052946063567122,0.560300402149975,0.9823630398304368,0.9061994426064442,0.9422723248806992,0.9804072170165056,0.9948928719147544,0.741150629862881,0.9965837932530852,0.9408869893250372,0.9968689650169597,0.8451994086922948,0.9967703728210298,0.8653036160350244,0.995702971449262,0.8679840624748388,0.940685498200798,0.7060270801333761,0.9197759401345552,0.9886517888614842,0.9442620997755788,0.9847074683415614,0.9645030974856772,0.945133376892297,0.9148126652301642,0.9823932849055604,0.9230530672194212,0.9773472483431788,0.9934970813416713,0.9923948779209576,0.9927028237568896,0.9953817454248284,0.933893261516683,0.8761064816357766,0.9122201140463088,0.8989669450434926,0.6046702348505545,0.9041173103834448,0.6482043767315376,0.609664896086288,0.608767698591309,0.9959628505874152,0.9952760046414582,0.9958547004001104,0.988098966517044,0.98361204511642,0.9924687970260686,0.9904952421944554,0.9942560032182444,0.9930651408701064,0.98361204511642,0.9959628505874152,0.9948293187616988,0.996049429974602,0.9959835182668484
clisi,hypomap,1.0,1.0,0.8552572513272374,0.934254928969424,1.0,1.0,1.0,1.0,1.0,0.8011115431107474,1.0,1.0,1.0,0.9910230996483514,1.0,1.0,1.0,1.0,0.7911407037199039,0.9297374925558884,1.0,1.0,1.0,0.967797267776188,0.992926766722786,1.0,1.0,1.0,1.0,1.0,1.0,1.0,1.0,1.0,1.0,1.0,1.0,1.0,0.99490518408578,0.8889475710420023,0.9918300717194748,1.0,0.9975646080487376,1.0,1.0,1.0,1.0,1.0,1.0,1.0,1.0,1.0,1.0,1.0,0.9931024152358032,0.9941394105218372,1.0,1.0,1.0,1.0,1.0,1.0,1.0,1.0,0.9802090615281152,0.9857371890687237,1.0,0.9898739428978578,1.0,1.0,1.0,0.9817994818337415,0.942777955859818,1.0,1.0,1.0,0.9970465964168156,1.0,0.888961098085889,1.0,0.9946503565820024,1.0,1.0,1.0,1.0,1.0,0.9979814662291544,1.0,0.96551410560206,1.0,1.0,0.9427719238199164,1.0,1.0,1.0,0.9976981989471532,1.0,1.0,1.0,1.0,1.0,1.0,1.0,1.0,1.0,1.0,1.0,1.0,0.997164159539988,1.0,1.0,1.0,1.0,1.0,1.0,1.0,1.0,1.0,1.0,1.0,1.0,1.0,1.0,1.0,1.0,1.0
clisi,immune_cell_atlas,0.9423484412862576,0.9589426356282102,0.6567420349945923,0.5178152708828855,0.9617229359210244,0.9379639922052896,0.9344597172939014,0.9352015250244856,0.8856445581642075,0.614819757101368,0.972572337991184,0.9713817116972612,0.9739922577390372,0.8757756630470217,0.9356488022435384,0.9759792153653332,0.9609633708143432,0.9687534755659916,0.5763846023868108,0.571992681903034,0.9791091039120609,0.9713306779944116,0.9739069390410974,0.857174985378663,0.9263840290255678,0.9803122539782384,0.9755531799173708,0.9748656329189956,0.7844313517763565,0.8839927090440792,0.9848395198344396,0.9809338590794848,0.9764552797711856,0.8381201962681197,0.7902479398796518,0.9770444233772768,0.9757621445416204,0.9767805146911884,0.9696861669016328,0.8990943867132509,0.6941418834047822,0.7356525631021994,0.8635833434991701,0.8950773093261416,0.9717371456885756,0.9720531003797688,0.9037779338307482,0.9591388722779828,0.971003554978348,0.9738646573670992,0.9577885592579513,0.9661467671335574,0.9631915575025572,0.9729898873454552,0.9720974940669218,0.9756730404516092,0.961860273823508,0.9431931279285506,0.9715301546828058,0.9760003058302616,0.9797231751020992,0.9803054993859271,0.9847978301942713,0.978298900037492,0.6548235642069423,0.7635202284405185,0.9703857139956368,0.8472919008593769,0.9634929551080172,0.9359302980015762,0.9423422697747004,0.9687648154780392,0.6716778920724891,0.9636752386550338,0.9073417827821272,0.9402097363155284,0.940070869831676,0.9726261014610984,0.6939749273733512,0.9753485813697976,0.9245367996635953,0.9794262199624229,0.9065497311354724,0.9798332048939074,0.8852634484411221,0.9845261368821384,0.972671759497196,0.9790469390798806,0.7255597046502613,0.914895531144851,0.95870141131473,0.8157143022287837,0.946296617820951,0.9274894569865756,0.9557717322171208,0.973011718645006,0.960712140121782,0.9379639922052896,0.9695439293958408,0.9658015798608396,0.9702167871701676,0.9788223565671066,0.9844618857992736,0.9770444233772768,0.8997205933752453,0.967967369608052,0.9356488022435384,0.571992681903034,0.9263840290255678,0.8839927090440792,0.7902479398796518,0.8741262996576199,0.9964332276182984,0.9962584725777032,0.9964285483768456,0.9939165796638036,0.9940885611407806,0.9952184673480698,0.9958180363277286,0.9961535389431784,0.996437180345666,0.9951729400463606,0.9964332276182984,0.9963572725805968,0.9964043633097192,0.9964132687801446
clisi,mouse_pancreas_atlas,0.9915178974962212,0.9967470091198348,0.760381646713927,0.7689089096584554,0.9980726796991076,0.9815822679487044,0.9817342539095556,0.9806895115540304,0.9416490098421672,0.5976300624447153,1.0,1.0,1.0,0.9869844148858392,0.9928135652078904,1.0,0.999070714919684,1.0,0.7367655352713072,0.774169520259909,1.0,1.0,1.0,0.9843268854912038,1.0,1.0,1.0,1.0,0.7527779870508189,0.9815877406765248,1.0,1.0,1.0,0.6488045142384312,0.9170780096136256,0.9609812142198568,0.95687822065583,0.9567933358669536,0.90869279278451,0.9263822171082602,0.9755149150997388,0.9931467740127,0.948374521776936,0.9635976489487011,1.0,1.0,0.9983186619227132,0.9990375465924112,1.0,1.0,1.0,1.0,0.9929881783854786,1.0,0.9498592746958946,0.9546265880728726,1.0,0.9867419467339658,1.0,1.0,1.0,1.0,1.0,0.975733210997288,0.8607832551697076,0.8093896198930385,0.9983944764576236,0.9910313659311978,1.0,0.9977845059544536,0.9305060865010768,0.9368728807543214,0.8463023196047956,0.9993996029420488,0.9703205234366804,0.9839325470418075,0.9950772505305124,1.0,0.8650723096913073,1.0,0.9932674387866992,1.0,0.925847443071632,1.0,0.8892269628139498,1.0,0.9317862046004672,0.9768558868512672,0.9012681357696468,0.9757019661958806,0.9961699462863132,0.9374403365493204,0.9978574120170628,0.9881370460714406,0.9742314837765604,0.9396519667999952,0.9944384664779105,0.9649709530587812,0.9223913704188528,0.9943208410283908,0.9873897293500682,0.996236423513065,0.9300982812549136,0.9609812142198568,0.7918284424436961,0.9294283013422616,0.9928135652078904,0.774169520259909,1.0,0.9815877406765248,0.9170780096136256,0.5976300624447153,1.0,1.0,1.0,0.9973525961741592,0.9975030899035352,0.9989121527539702,0.9991835877040876,0.9994273987823148,1.0,0.9975030899035352,1.0,1.0,1.0,1.0
clisi,tabula_sapiens,0.9558871304200568,0.9578510346020882,0.8481195052366313,0.8740203121467883,0.958823183793869,0.8830504146176041,0.8772524849645204,0.8836637839512558,0.8134541701339414,0.7593056235634469,0.9840976816404956,0.982456368946259,0.9819141586517736,0.903549531412884,0.9040561585846004,0.9929314712654396,0.9890318293687472,0.9913638558846076,0.9233107831162785,0.9225885390018106,0.9935249576321163,0.9922879585186426,0.9925441686284978,0.9810035196994046,0.9880046768644548,0.9877529990681544,0.9854950558684542,0.9861631492626288,0.9707125004728056,0.9759429101074272,0.9888069296220644,0.9865403390669532,0.9870116293914244,0.955022563425985,0.9759000250635276,0.8968092892981222,0.8896778977296401,0.8936301968332105,0.8481189258493705,0.8744855402205166,0.9392349403018116,0.9490051028420498,0.8635871742764833,0.8819255689717307,0.9680221483635651,0.9724524870920344,0.9906476996531306,0.992291106018241,0.9924682924242336,0.9932033487941622,0.9849900943722564,0.9880840523315156,0.9861237558714856,0.9883586392681616,0.881120239188861,0.8836169521408302,0.9834890443770428,0.9009442316028092,0.9828113021480422,0.9929854277312388,0.9945690172211796,0.993223473564521,0.9914615997490276,0.9350314565171886,0.9208939102113276,0.834328124635298,0.9502901248634804,0.9859021324765792,0.9912247604914086,0.9824506372102026,0.9813236815339534,0.8784223551472071,0.8957399362372064,0.9837438811816288,0.8410793601921538,0.9124073561956972,0.9497529196775976,0.9830303476812684,0.971528078862794,0.9955386168390656,0.9886085549557242,0.9962737480804604,0.9768856264328378,0.9955275033212811,0.9742693095785244,0.9906611109925566,0.8726710009852148,0.9522272309385316,0.9309994617445334,0.8609386880411846,0.9674679039435556,0.9881891952492952,0.991193823039565,0.9817397156102056,0.9843233783448312,0.8835982912977047,0.9593931432522244,0.8843304414923718,0.9711952839665924,0.9892674027233864,0.99070223182163,0.983547987232284,0.9885937087119446,0.8968092892981222,0.9482358807030892,0.8806622629691574,0.9040561585846004,0.9225885390018106,0.9880046768644548,0.9759429101074272,0.9759000250635276,0.7593056235634469,0.979032049905735,0.9776663148097792,0.9785669509989235,0.966437583935578,0.9674144894417548,0.9729160473478066,0.9731086339928616,0.9753567458799046,0.976109093352712,0.9674144894417548,0.979032049905735,0.9780363974144448,0.979621986575112,0.9795536633060145
clisi,celegans_embryo,0.999502450001971,0.999387790747586,0.9685101705270084,0.962123962264701,0.9996306512677386,0.998729241469826,0.9986149809577064,0.998132716416892,0.9500115373705248,0.5734751447910413,1.0,1.0,1.0,0.9858131607321052,0.990706076774728,1.0,1.0,1.0,0.978280011869364,0.973577861923266,1.0,0.9996820946735292,1.0,0.991612209623345,0.9989423337368508,1.0,1.0,1.0,0.9612866054283616,0.9873484507709368,1.0,0.99879653669796,0.9995726064557188,0.8814538208010539,0.9899121382882504,1.0,1.0,1.0,0.992675996007214,0.9964707264385768,0.99239584166094,0.9947155589109274,0.9771054295140456,0.9973162042611332,0.9993727784316182,1.0,0.9992104006350002,0.9995718744767484,1.0,1.0,0.9984353315228294,1.0,0.9990182777050796,0.9991958028336698,0.9990017564686524,0.9993401066616214,0.999535455048514,0.998905085169544,1.0,0.9996657883494808,1.0,1.0,0.999697105371295,1.0,0.9850900384099556,0.8366317656213047,0.9990518059689648,0.9982989091711822,0.999802052463554,0.9943474249224384,0.995337907461218,0.9984855136692252,0.9877249511863244,1.0,0.9920770054030512,0.9988130942773192,0.9938969676729374,1.0,0.991649314975124,0.999701822205212,0.9974140971057394,1.0,0.9922434379693328,1.0,0.9865625621762264,0.9997353159881986,0.9977180408199136,1.0,0.9932943334550002,0.9953708283309084,0.9988076068751798,0.9963156641377598,0.999110476874548,0.9966451663517693,0.9956826640190664,0.99851487471039,0.9996310294392298,0.998729241469826,1.0,0.9996470147160872,1.0,1.0,1.0,1.0,0.999095230470065,1.0,0.990706076774728,0.973577861923266,0.9989423337368508,0.998326176424669,0.9899121382882504,0.9782120100253712,1.0,1.0,1.0,0.9990186731750482,0.9988277130742842,0.9996312713893946,0.99978572781537,1.0,1.0,1.0,1.0,1.0,1.0,1.0
clisi,ocular_atlas,0.9903676907104114,0.9892554430237844,0.7951603471387814,0.7712768421627065,0.9900651349349974,0.9641573372604554,0.9636690438502714,0.9603889326816234,0.9155540042654812,0.7261040280406208,0.9976730673176668,0.9977740317363004,0.9976540647274106,0.9238487652247568,0.9344572431296648,0.9987482410230027,0.9983226076745928,0.998546224216542,0.9435613294983598,0.9777105546442314,0.9990181265573138,0.9988050056186576,0.9987966178172872,0.9941438523201388,0.9962092071251506,0.9985268508504064,0.9983084089985754,0.9986449575606832,0.9912868387368772,0.9946249435656777,0.998532175449096,0.9983631428508504,0.998334147886891,0.9381303206612236,0.9951215600406748,0.9479296066294952,0.9450874353761854,0.9466237178945373,0.9333325123270102,0.8817592817226274,0.9802849158485752,0.9865245943773252,0.92736983891474,0.9392433973588632,0.9866491067312004,0.9893661497830032,0.9983298359338912,0.998683966012414,0.9986000916989088,0.9988846431835754,0.9978258531618202,0.9980368137619644,0.9979454549985606,0.9983185098474744,0.9335967582789996,0.9369081831442866,0.9933173641065808,0.967730857499334,0.9978550022507612,0.998988013373642,0.9990724078307662,0.9987582272804562,0.9984732451539202,0.9489541117344746,0.9136417346291228,0.8942154542190939,0.9737615851739172,0.9968247767028968,0.9980939391074194,0.9968093830426826,0.9966460164368236,0.9166214216300536,0.8992409563434192,0.994265626702246,0.941587641019771,0.9678098447343618,0.96912682758345,0.9978019439582052,0.9931831637613796,0.9990127707564836,0.9963601717699982,0.9992741670713904,0.9947531881011334,0.99896600240315,0.9855122083858088,0.9985469905887951,0.9380087705178144,0.9479973319769864,0.9804347011375532,0.955302400788408,0.9859191569489923,0.9980529908374416,0.997326552014539,0.9975787973058868,0.9979412607126306,0.9392986372231888,0.9899651913225924,0.956805004646076,0.9881052187822688,0.9985636177996222,0.998561293237852,0.9985681504790552,0.9983605245371674,0.9479296066294952,0.9021336147633982,0.9369081831442866,0.9344572431296648,0.9777105546442314,0.9962092071251506,0.9946249435656777,0.9951215600406748,0.7261040280406208,0.999076830821425,0.9989652893403994,0.9989840479048911,0.9974959300901456,0.9965056737362878,0.9981757458699924,0.9983080050085736,0.9986602097572288,0.9987431627450286,0.9965056737362878,0.9990903839921572,0.9990084713650936,0.9990672780413794,0.9990540501825584
clisi,tabula_muris,0.9914195073998616,0.991962488520056,0.9126040324873328,0.9160154873845584,0.9917244940541388,0.9706257065635744,0.9674764547352278,0.96940304685757,0.91235490520355,0.7274735165946521,0.9986052775739138,0.9985671182972522,0.9981485997616129,0.9670790172513126,0.920247682642048,0.999269204956538,0.9987123870382484,0.9989349020788366,0.9409591885106184,0.9678790581545604,0.9992671054715664,0.998997589033425,0.9991638304735952,0.9924556378513112,0.9983500624268726,0.9990852341945744,0.9987481775560332,0.9989422097110048,0.985771635004768,0.9963045369241904,0.9984643169927216,0.9978018087331092,0.998008985791354,0.9869109474663224,0.8896655248988656,0.9818664034983432,0.979152678954188,0.9802096133503128,0.9532330157437664,0.9751358404764836,0.9809521381659554,0.9828857439658912,0.8928250839508752,0.9156051749597858,0.9937792081173684,0.9976115216367452,0.9974533941856774,0.9976885363722304,0.9989958335523206,0.9991720377985762,0.9988096534120156,0.9987121611135238,0.9957869881839996,0.9983039900796477,0.9768831217373914,0.97818709565834,0.9963575630729552,0.9721052859625878,0.9985403859283376,0.9991690210212568,0.9992630080537822,0.9992939942138234,0.998803495689387,0.993732702182898,0.9663362365355588,0.8383033404596738,0.9746819711042976,0.991677087438034,0.9986389753914922,0.998488492661558,0.9870609496324376,0.9751921414479372,0.9566031700930492,0.996904515359634,0.9390174696155632,0.9796077231087204,0.9956444265753536,0.9988068409446752,0.9863394224579852,0.999328169296649,0.9978343290361738,0.999494430920116,0.9958238857925434,0.9991891071590068,0.9883292184855856,0.998526350312945,0.9691073873258782,0.9942333293390848,0.979775889727985,0.9493151236680972,0.9980829984879948,0.9964343635717096,0.9984748924353156,0.9976805144457228,0.9955043765849776,0.974708187386498,0.9918904020435926,0.9694650520445028,0.9938920041953532,0.999026138184776,0.9991535705547296,0.9989626154200336,0.9984643169927216,0.9820211494517612,0.9802031527178876,0.9750261516005734,0.920247682642048,0.9678790581545604,0.9983500624268726,0.9963045369241904,0.8896655248988656,0.7274735165946521,0.9978261817438768,0.9979134924921274,0.9977636699140244,0.9947062912994898,0.9944299597194368,0.9968180456128616,0.9968289167609392,0.9972469670829004,0.9973542311949422,0.9944299597194368,0.9977587088752498,0.9977859872576722,0.9978909896699014,0.9976434400155872
graph_connectivity,dkd,0.9597682931610504,0.958032961154695,0.7918266206727789,0.7215136446981448,0.9663395988982092,0.9383507662243208,0.9165115018895876,0.9315734119035216,0.8850868883867699,0.6488209801693264,0.9726529225560836,0.9699080050327784,0.9722698736118454,0.9339342776040818,0.959387938029876,0.9579643303504346,0.9528713558458474,0.9623219017054456,0.676122787105352,0.8400443464019051,0.9622270693553772,0.9500200074529188,0.9604111282479076,0.8705471173509755,0.9398623301720878,0.9614308145387412,0.9502828752034976,0.9582774960365325,0.9075846677195812,0.933270820479762,0.9667526830396128,0.9597145971935293,0.976785766906202,0.8703791557129621,0.939486838715588,0.971732023571336,0.969949993088823,0.9683339580841098,0.9557123150532062,0.8734495113390074,0.7526745265336394,0.7877964507246025,0.9098344489630776,0.9270116820790072,0.9618475163643788,0.9681036135639598,0.9435643228495428,0.955850226081538,0.957400224042722,0.967961111647198,0.9404583794530138,0.9419364443453409,0.9689418733885,0.9747440451897512,0.9559029550846796,0.9593389413837984,0.9634456172209872,0.940061028006215,0.9720738284002104,0.9570644788739264,0.961661566560454,0.964593651470322,0.9752651790551612,0.9684192350657151,0.729314594139695,0.7774937274655515,0.9599866284784792,0.9203340276084928,0.942950242978987,0.9423757209047192,0.9515492085326984,0.9329901899354028,0.78411715178158,0.9636587415500087,0.9150930061127732,0.9418779804573528,0.9500332555453918,0.9712162932407554,0.7575930631390935,0.9624338275860984,0.908910262531226,0.965956822852307,0.917946243336724,0.9617073062198496,0.8921666809230554,0.9796936914357014,0.9456604261818224,0.97063168208765,0.7986815596711819,0.9284891871053366,0.9668449013250522,0.907143091129169,0.9164794853495026,0.9271488742613128,0.951296672401476,0.953821462557168,0.9663395988982092,0.9353503356701444,0.9631157426044392,0.9527729797072284,0.9602819141489516,0.9585189242075732,0.9723937586611344,0.971732023571336,0.9573211581888867,0.9606317396034652,0.959387938029876,0.8400443464019051,0.9398623301720878,0.933270820479762,0.939486838715588,0.9226814310470411,0.9644210552028016,0.9663505594021808,0.9644764134325952,0.961623177402546,0.9614072170441944,0.9640359012185687,0.9635099489493664,0.9654127150089358,0.9665775817226612,0.9614072170441944,0.9644210552028016,0.966420035948024,0.9663639462729467,0.965787761763986
graph_connectivity,gtex_v9,0.874881429562112,0.8870773970859146,0.6373923649621209,0.6176029804225986,0.9113909403719916,0.6881946902364188,0.671182362533201,0.6608094934671338,0.538183746260332,0.4055594755837142,0.9450162654696952,0.9174314766099106,0.9358773131226013,0.8048727182230655,0.7956207089453723,0.9615734205233034,0.9387337224164692,0.9591411113374466,0.7230589121099318,0.7547451270250928,0.9559915578494964,0.947124968004598,0.9487569148155782,0.8681263528213341,0.8966854127861694,0.9620467056263958,0.9475963474120392,0.9526018319866012,0.7495616565997091,0.7629831605701448,0.965403737443398,0.958731148915858,0.9612043205521728,0.7655078522638761,0.7534201936990041,0.8285676351729667,0.816303309856235,0.8247547011923332,0.7373272620953165,0.7760538702045883,0.8245244687609927,0.8520580675705484,0.6103903469531957,0.6826566799355941,0.8872082305868324,0.919275200172822,0.9339254993523936,0.958728687531521,0.941018759886113,0.949989570727717,0.9411633678376587,0.9486790733125808,0.9521553510586236,0.960548515734816,0.8051975514049625,0.8021796027144745,0.9136095782404484,0.7799999078187266,0.9428719854590886,0.9615203676393445,0.95305829567124,0.9596279566703048,0.9647283860587004,0.8449316871798179,0.7079755856557417,0.5041250950639886,0.8404982956387509,0.8778855708495763,0.9249372687030076,0.9086661977521096,0.9301537003030516,0.8029602058144211,0.6957648771940684,0.9152497511428253,0.5948090839039545,0.7159267623242059,0.8617158711288507,0.9428348126932012,0.8300738865511728,0.9595906654226452,0.920444512185721,0.952760669988204,0.8577543376062988,0.9608394293060588,0.9116871600988348,0.9654549672401392,0.7761633547858142,0.8517965020243274,0.7971331683733996,0.640769697077315,0.9007400294140838,0.9125452013787806,0.9389145095557372,0.918204194282388,0.9406046572500428,0.7963079099312933,0.9095268007699514,0.6647459877734165,0.892305743464597,0.9480161575495863,0.9375366154209632,0.948537359211461,0.9648250063285756,0.8285676351729667,0.8466524189049612,0.806513877722367,0.7956207089453723,0.7547451270250928,0.8966854127861694,0.7629831605701448,0.7534201936990041,0.4055594755837142,0.9211658279103004,0.9186280293556822,0.9204466400170164,0.9046043496884196,0.889504658719187,0.9126207391088615,0.902113229610461,0.9164044661429466,0.9078897077529696,0.889504658719187,0.9211658279103004,0.9197492719636144,0.921917838667746,0.9217252889168676
graph_connectivity,hypomap,0.8915593776860501,0.8923809945900862,0.7781606120539952,0.832599204053322,0.8772876144414606,0.8561816925168224,0.8667037561763148,0.8428061523835463,0.8557869533182282,0.794698877726826,0.8856236398366019,0.8879050856675663,0.8843644136810547,0.7815970871617124,0.8816382637708918,0.8930583535626891,0.8901160957415349,0.8916515414655695,0.7545219928011734,0.8497855871616334,0.8879672592162509,0.8964408810271388,0.8932190289601618,0.8456351092215525,0.8883399412203821,0.8890574822613029,0.8891422473712399,0.888251949336775,0.8600711058566494,0.8576138834562781,0.8925998757400353,0.892179990395482,0.8944727181501904,0.8832236837503907,0.8925508704991593,0.892970350761943,0.8935550967132915,0.8921224705937475,0.8677920164880932,0.7450426333163691,0.8806485834832133,0.887682453018594,0.8391716135190164,0.8445630869303195,0.8727340038301515,0.8827678033676576,0.8893173130719461,0.8926104319343637,0.8927081246672482,0.8850207787783199,0.8706672740607789,0.8883057525404794,0.8940727944637702,0.8947950024929651,0.871234749689542,0.8777100930250276,0.8801693214346478,0.8577475674651089,0.884505008370702,0.89214647518266,0.8853365236022223,0.8884043870880185,0.8926016113409039,0.8928161149119475,0.8637807919479913,0.8339458528309959,0.8820988640174897,0.8646228690475665,0.8885663837032378,0.887917175995742,0.8936032467203392,0.8526551231393827,0.8049776545209324,0.8773209487418012,0.8528106954125944,0.8549954728046261,0.8449325677697305,0.8856304075933279,0.7872995366420235,0.8925050127944693,0.8794581344056677,0.8871282540956752,0.8610261882959066,0.8884484444447616,0.8882695769039705,0.8917676453502615,0.8789132677485344,0.8925966766200585,0.8272955652460804,0.8609404315437275,0.8696467951175909,0.8457208691693275,0.8876719518937046,0.8671370009869667,0.8915051463819386,0.8855611533613423,0.8793566234516155,0.8561816925168224,0.8845100738595035,0.8920957494536352,0.8879672592162509,0.8890574822613029,0.8925998757400353,0.892970350761943,0.8904269467809439,0.8939975068711349,0.8829839984322208,0.8931622917363786,0.8806456407011478,0.8888433462445262,0.8925897490857102,0.854183446847986,0.8785675359228646,0.8678564286325349,0.8683659544962489,0.8429197658779156,0.8581486522102781,0.8457078963205245,0.8648351136748947,0.8778437477180154,0.8676628303603288,0.8648883406976934,0.8785675359228646,0.8677799615131792,0.8783420973929038,0.8785324176644482
graph_connectivity,immune_cell_atlas,0.939316144593066,0.9484278149937873,0.8230375883252707,0.6322761778568767,0.9599612734025316,0.8757198846079737,0.86687795482168,0.8685333359547902,0.7767715693603933,0.6821079189855807,0.9684209535513416,0.96710122838101,0.9683799895826324,0.9235333065172128,0.9394526542779376,0.9749402236304028,0.9517312567718976,0.9686181058518964,0.7178715945543014,0.698740434737565,0.9751290833972088,0.9624893053656278,0.972394220306714,0.9248035974565856,0.9391877638350666,0.9767882581082032,0.9699168299458032,0.9718544328938336,0.9157231884027688,0.9290837304653976,0.9814311718121568,0.9780726372360976,0.978712127147654,0.9171098788778408,0.9232223168143594,0.9640822117385864,0.9565242994285958,0.951084418533416,0.9505402719605984,0.8988917265394477,0.8287803752225021,0.8547062645347316,0.8465589425812147,0.8558638357424718,0.9571350536036618,0.9625356177933204,0.9170039234349392,0.9609806272728848,0.971137181569343,0.9724219841427068,0.9592811839754576,0.9604172676534504,0.9743795548403168,0.9770529055804408,0.944993721267669,0.9547736908924798,0.9592507537884264,0.8855485641401468,0.9670776351821702,0.9733440173143836,0.9741318521853352,0.9752915713937164,0.9815287829018928,0.9612570762519324,0.7796071288461021,0.7909281773343395,0.9569793070395032,0.8750258867210308,0.9593232947560416,0.950781305571004,0.9665057140124342,0.9419430657857992,0.8153283871652504,0.958550190173178,0.8434051832285662,0.87613062446047,0.9478693470232334,0.966537445387075,0.8236233780399582,0.9738398776079904,0.9371566084801068,0.973631054892614,0.944430576801703,0.9756419173477536,0.9506790171745152,0.9816057757303784,0.9476875242414872,0.9610802025362812,0.8478619259576348,0.8539336250386272,0.9617314167498676,0.8921554104908916,0.9414879336322954,0.9504719271513824,0.9700131020852653,0.9485561870858324,0.953874584983734,0.8757198846079737,0.9580863052211208,0.964869926957156,0.9702645907649662,0.9740335141579624,0.9810568167942538,0.9640822117385864,0.9204136671299352,0.947025028087488,0.9394526542779376,0.698740434737565,0.9391877638350666,0.9290837304653976,0.9232223168143594,0.8489882908348436,0.9770162272328908,0.9777066304104842,0.9761497428649816,0.9732254522263484,0.9719301236978724,0.976259837758993,0.974417079066197,0.9773796871722304,0.9758610662081744,0.9733448880661608,0.9770162272328908,0.9765762909302816,0.9768265112966018,0.9769152595476128
graph_connectivity,mouse_pancreas_atlas,0.8723660537333819,0.913102059168344,0.6788311232219834,0.6740246939490372,0.8853576265230148,0.8657418117681392,0.863682205595933,0.8510729010359324,0.7109313453882026,0.6053734610595493,0.9329520786462724,0.906861216300144,0.9159191322232396,0.906032650331122,0.8997431173484118,0.9241508214351404,0.9281018979824166,0.9250733249386452,0.6952710005228157,0.7441950451626127,0.953383223790082,0.9331507848946788,0.952195621320296,0.8843398847316785,0.9043382102431216,0.949636811975438,0.9214365908626412,0.916114184445334,0.8282901937005589,0.8822989921776258,0.9847893738085366,0.9835563821438312,0.9840304104449654,0.8778112999664311,0.9504162639516548,0.8910912335703228,0.8897182036139528,0.8875762241085446,0.8514182244800682,0.8585098866421422,0.8608394592261824,0.9002577185500752,0.8133986926320839,0.8221304116585244,0.9084670242646514,0.9154915963018456,0.921480989290442,0.9288894420683872,0.9288541350690102,0.9514176237069688,0.9017529219911397,0.9071142531351196,0.9722110528568464,0.9831077871760896,0.8809161041612822,0.8715421581604172,0.8757061445787485,0.8695985016555856,0.9133097113736848,0.9296220724115876,0.9532324718600912,0.9269412431659088,0.9856773238070876,0.8930751951428307,0.7254051173903628,0.7525774047542676,0.8968630575776231,0.8803960944571866,0.9192544741375926,0.8885533310149323,0.9561972782230136,0.8679016455067842,0.7225810484043411,0.876311428475949,0.8094187551798449,0.8689939425876435,0.9172921591263054,0.9254208274335948,0.7846951293149582,0.9253003424250834,0.8988302495478043,0.9361642100739538,0.8675478174973874,0.923422896437933,0.9393130062416852,0.9853068456077616,0.8595722546449847,0.8860347139122964,0.7919474115867153,0.8296364617181914,0.9069789315101032,0.8700290209873953,0.9382697193610992,0.8938624818419839,0.9745895810929566,0.8768709744569116,0.9022908238205096,0.822316648786667,0.8102104927038424,0.8936851119741374,0.8984202826339309,0.9028327165017124,0.9539211162847204,0.8910912335703228,0.6886034178987848,0.8616162623270627,0.8997431173484118,0.7441950451626127,0.9043382102431216,0.8822989921776258,0.9504162639516548,0.6053734610595493,0.9668703652860898,0.965900661467978,0.9691957421067828,0.9575962079630252,0.9590231055257477,0.9598145952584513,0.9608155042858926,0.9659526588518548,0.9622211460417022,0.9590231055257477,0.9632963499228236,0.9633794227052526,0.96506555290869,0.9660286364779096
graph_connectivity,tabula_sapiens,0.8593259343361623,0.8691844602460459,0.796859032425804,0.8009957383719515,0.8585240832022691,0.5930762552622895,0.5923295920527092,0.5966239766341859,0.4762397612135476,0.4357964037564445,0.8713587076335532,0.8687782122743178,0.8694970334103678,0.776189778014281,0.7783146993420187,0.8904524997898012,0.8903905594597915,0.8920532835760979,0.8480094580759701,0.8477894848889035,0.8879356661855772,0.8955011696058824,0.8962931267840342,0.878715775974814,0.8839314551449584,0.8880242915308922,0.888706029799498,0.8905054600986999,0.8844524509829039,0.8814516169298179,0.8975792811315417,0.8985881248347417,0.8979228485697841,0.8399774877569846,0.8708848556121965,0.7347218251966335,0.7230000237674119,0.7235717811437514,0.6883406812518971,0.7037553780256014,0.8456182330178318,0.8593271412901784,0.5656395948443579,0.588254724682723,0.8523385972776538,0.8610353389949015,0.8887722403294427,0.8906646177762289,0.8931203216457299,0.88962422768643,0.8909828981989807,0.8851426352255938,0.8965514815440035,0.897689918053236,0.7120085260983859,0.715398928078354,0.8618855614784577,0.6239482419008542,0.8767560315407438,0.8919716331943569,0.8984195447285541,0.898759973073328,0.8975957254445686,0.8048154221254011,0.8240582071665173,0.4988452270420076,0.8258841795884816,0.8840323162727014,0.889663076731549,0.8878738881443116,0.8842204977955299,0.7056105830422211,0.8215218309047851,0.8712615705828296,0.5241737984258251,0.6454751041520236,0.8325563896659168,0.8763618715272294,0.8805475530099802,0.8892622493823451,0.8856256817464754,0.885137949870113,0.887128314424526,0.8847690354673994,0.8752159217274185,0.898780252954347,0.71254999202108,0.8295931937566509,0.8591733443841766,0.5668490001954929,0.8518328036397323,0.8914764883844051,0.8879423256836668,0.8957809841356545,0.8900386774449098,0.7175929949747029,0.8610641312230787,0.5916128081502311,0.8536791934379471,0.8868052608058258,0.8914917940233422,0.8906647019068271,0.8924839265492733,0.7347218251966335,0.8587902218040312,0.7121631622504875,0.7783146993420187,0.8477894848889035,0.8839314551449584,0.8814516169298179,0.8708848556121965,0.4357964037564445,0.8328458217783488,0.8248384240225893,0.8252573831161323,0.7932973380404155,0.7940130212083981,0.8101733626926315,0.8138248718763406,0.8126726180974295,0.8222825730328595,0.7940130212083981,0.8328458217783488,0.8271461107011461,0.8380190132150087,0.8420753164198802
graph_connectivity,celegans_embryo,0.966742926004206,0.9707219012641728,0.9527184392596548,0.9508620804361184,0.9712808766823956,0.9471588744278088,0.93676654448839,0.944580544033472,0.7861340170269182,0.6803696107842953,0.9741891820012027,0.9672833728057902,0.9754193817232432,0.9211781695753792,0.9181726461667362,0.9778017619432968,0.9774014285971112,0.9753854986607622,0.9572083921446206,0.9555451564078206,0.9767826101508156,0.9735436862813518,0.9762456930662592,0.9673898924982224,0.972953733897857,0.9795891931198188,0.9764559190865562,0.977123680793944,0.9309291235263216,0.949817276393794,0.982443489387088,0.9800604194099072,0.978509098011598,0.935884327137765,0.9691863482445948,0.9664197490687368,0.9723310962940516,0.9745697870465506,0.9646676447952596,0.9716306027318428,0.9595027984494208,0.963723417458584,0.9186216329156908,0.942653001509486,0.964634045038922,0.9719745673946494,0.9716095953814784,0.9742953297758206,0.9761239721013132,0.9751651126222332,0.9698356506331984,0.9734116761732556,0.979355167301891,0.9796547222008534,0.9713933867744068,0.9734874929083586,0.9718770233098202,0.9479766352265568,0.9731026718097294,0.976382531400823,0.9731685302628348,0.9770766470912896,0.982847278266592,0.97487791491572,0.9563274907431384,0.864373323788837,0.9577135655393654,0.9681366472970256,0.9775646049586276,0.960945542420077,0.9746725295187578,0.970180314583618,0.9578944155825966,0.9692464844343603,0.8724402860390128,0.949700295882656,0.930795067709907,0.9729100322104846,0.964430743074546,0.9765618460616606,0.9693570711922528,0.976136983196772,0.9499633244644854,0.9796477096743488,0.9708952751146114,0.978303185180838,0.973856370109508,0.9758498318984382,0.962416724866169,0.8988854576989164,0.9485849631636912,0.968014485244132,0.971381000698304,0.960147330052191,0.9798203894297008,0.9734675401661822,0.9712808766823956,0.9471588744278088,0.9719745673946494,0.9754559273783012,0.9741095542377156,0.977666569181323,0.9828374629223586,0.9754377578595188,0.9691936823718388,0.9764022331721324,0.9181726461667362,0.9555451564078206,0.972953733897857,0.9707587404346176,0.9691863482445948,0.9216687880954946,0.975554071799577,0.976330632602306,0.9752286285999244,0.9716177600900602,0.9603505493948,0.9732858581830216,0.9706077898081744,0.9779898648238504,0.9745368755004036,0.9760908371413548,0.975554071799577,0.9760908371413548,0.9741577566647548,0.9754299394164142
graph_connectivity,ocular_atlas,0.9698092941710712,0.971864176498137,0.8644490185390822,0.839499116882608,0.9708498666664286,0.8616980322976134,0.869592515406064,0.8665032741313786,0.8114850772194936,0.7140464338940142,0.9733554463653036,0.9734516833625692,0.9729187014135076,0.9560703870635324,0.9537102735765975,0.985424594049108,0.9767961429706216,0.9767896972372032,0.9362748956389112,0.9538071400709528,0.9844325135779914,0.9839585460170692,0.9846935890450936,0.9702304135842122,0.9808380007622752,0.984754083447628,0.9751158097723897,0.9835583723779304,0.9666623241132444,0.962590760229922,0.9845729887969926,0.984160074093221,0.984671191522406,0.93279443122408,0.9782769762576032,0.878938273267843,0.8703227958365647,0.8733723987910215,0.8757907442716266,0.8125876716676391,0.9601508258277168,0.9638541295069318,0.847470335686651,0.8538282458670806,0.9734362813331192,0.9736680989250294,0.9780478172522916,0.9772218397394096,0.9841390138577296,0.9828607719995466,0.9737721439837128,0.982804081290067,0.9821670851372286,0.9834921754744684,0.8565874371837201,0.8571098363405275,0.9738670462443432,0.8716317304538592,0.9727571892304464,0.9689764582892252,0.9713036997125868,0.9790618897354308,0.9843707963402092,0.8988154595740736,0.9164586118265076,0.807137008900407,0.9709194784552284,0.9711408987127916,0.9837815548466587,0.9705304200154196,0.9798767018999148,0.839608468673881,0.9057432362875756,0.9744139414994958,0.8500752434933534,0.8726437448810525,0.9689169688413036,0.9729092799651504,0.9660896695400536,0.9710464664038048,0.9729295577635608,0.9716342376473014,0.9684857997563668,0.9567810957956396,0.970710085045924,0.985022948031246,0.8658172477328252,0.9011508195454636,0.9587101535136996,0.8599666824786534,0.9698324368184374,0.9822364232714446,0.9730783206023396,0.9732704867009472,0.9831415910234178,0.8606826558836602,0.9720612568751008,0.8642599172981191,0.9739816331318776,0.9764651260755264,0.9841828659694144,0.9830446285998856,0.9837847764243276,0.878938273267843,0.9047374295472947,0.8571098363405275,0.9537102735765975,0.9538071400709528,0.9808380007622752,0.962590760229922,0.9782769762576032,0.7140464338940142,0.9802185147211798,0.9789157853542207,0.979471237470294,0.9682418646524694,0.9714028609613492,0.9770317806689748,0.9763288727581292,0.9774171516950289,0.9789238558600764,0.9714028609613492,0.9800679884576028,0.9802583747745528,0.9788898160859258,0.979976093833864
graph_connectivity,tabula_muris,0.8966503157738392,0.8947838710998997,0.8621250257212467,0.8610601981431895,0.8944898583241285,0.7934622498466786,0.7974687032957088,0.790645354549874,0.6796445149111678,0.6446827181900429,0.927858789070891,0.9116136404106144,0.928664560960766,0.8692499107368418,0.8535028964830849,0.9487418082535232,0.9406064750520752,0.9415165126609932,0.9169706331942864,0.9218624510437178,0.9410394782670484,0.9398911237896632,0.94420389540306,0.9357571923934358,0.936585883104907,0.9367233027368634,0.9288884391349056,0.9294298368817714,0.9073050682462328,0.9227766594332618,0.9478437540793035,0.9402825638091384,0.9499146348002548,0.9295826254112216,0.8091979606613342,0.8608895043642044,0.8596420474886457,0.8591294533078331,0.8413502242154033,0.8486013438116008,0.8897630015612543,0.8864143073556723,0.7647370568482467,0.7721816434857413,0.9179630195933076,0.9225530699723667,0.9348977824903004,0.9366982972470284,0.942608113965794,0.935971673591883,0.929125531598046,0.9311706124976064,0.9321220056247048,0.9496393955324898,0.860697886633314,0.8592363601860222,0.8994304996922129,0.8035885390888792,0.9282018055173916,0.9389781656555448,0.9506365067937484,0.91665006511708,0.9497404687569588,0.9094608339582068,0.8820484420930071,0.7371709572433087,0.9085152067671516,0.9261328722192892,0.9406561719778112,0.9336789140665982,0.9147271434431636,0.853641763271179,0.8779694518755717,0.8917302625679234,0.7428263906182304,0.819027657898959,0.9016915696466856,0.932825378593767,0.9304913769340464,0.9324316061409132,0.9358203484360944,0.9259656618295607,0.918339796325872,0.9184058501704802,0.9292734243485338,0.9458869333447768,0.8492803182596419,0.9133600226940808,0.8827564093326069,0.7832179479857959,0.9169106816489464,0.93145759564097,0.9302369154783994,0.92233231397714,0.934467447951118,0.8514217479154124,0.8966141169203444,0.7891230323187454,0.9183291958434272,0.9425683321495324,0.945404084128437,0.937029506394459,0.9478437540793035,0.8610284995928484,0.8850255345877462,0.8483950760339612,0.8535028964830849,0.9218624510437178,0.936585883104907,0.9227766594332618,0.8091979606613342,0.6446827181900429,0.9066265942800816,0.9085994077492808,0.909191787904656,0.8941346591274208,0.8934549463880586,0.9022858164378904,0.8976020039448784,0.9079446116357572,0.9014608974442088,0.8934549463880586,0.910354319509565,0.9072658918590524,0.917173700387382,0.9102451191714158
ilisi,dkd,0.6354871145697092,0.6333538436987064,0.8090568072437563,0.8148297454987327,0.6344258874584431,0.7899917427538464,0.8131245366309954,0.7960360042247011,0.8197625740819671,0.9780860192385789,0.2419836926906411,0.3118414463282749,0.3137821351646755,0.587810512906496,0.5776677998921309,0.1540298943619057,0.2393022720281487,0.2196267141831558,0.7149912847604345,0.5740038184997758,0.1281922402552966,0.2005363518982076,0.1625101782993817,0.5651103515977066,0.4879718846182351,0.4921569990665817,0.5900231407770914,0.5235966287268253,0.7811545305147105,0.7079015031055967,0.6385430647875971,0.7038843043117261,0.6699508845020777,0.8841825194134331,0.8265407964088571,0.7145755842615478,0.7244065037467375,0.7195590999794567,0.7716266403725323,0.782849384640161,0.8225613065898135,0.8044585507099608,0.8977830883627721,0.8311990436089803,0.445935410980239,0.3593895659608007,0.2875724345921929,0.2292161552037463,0.2641261662649432,0.2093680637905284,0.6132205390279372,0.598602592158639,0.7087883761990491,0.6909298469446947,0.737302932743729,0.7167502743084965,0.5362941612049011,0.7685583154210985,0.3015393034801583,0.2232348923618209,0.1834030375117283,0.4563882333657328,0.6384263614939069,0.4882527104767717,0.7979947590183304,0.9610437018604092,0.5156277422599509,0.4811054612234845,0.3883775146566561,0.6436440483507018,0.7773961793172101,0.7535422500668507,0.8225595705319378,0.5490176047949132,0.8162741844725355,0.7792121472512569,0.4999469951690751,0.3178398223061762,0.6993108389276561,0.2056498520288113,0.4291472629429754,0.1375023729637763,0.7377360287642868,0.3937566236831081,0.8564972917048991,0.6373306087617844,0.743246498694885,0.5892469789537703,0.8180572711211725,0.8012462521386843,0.4008905597112976,0.4917335436021826,0.2727462456507146,0.6916482316646337,0.7771139467308659,0.7339365901604937,0.6342578101430468,0.7877215160585533,0.3993754372353049,0.2552212532958144,0.252414369929932,0.5113054899069488,0.6409367663501025,0.7145755842615478,0.6229367520253465,0.7296616175817576,0.5776677998921309,0.5740038184997758,0.4879718846182351,0.7079015031055967,0.8265407964088571,0.8766903305723992,0.6372413117002164,0.6447135771609628,0.6455572430638873,0.6533426000125115,0.6578524438319688,0.6468320309839568,0.6564869822717256,0.6478660106668678,0.6474799057567788,0.6578524438319688,0.6372413117002164,0.6404718653063232,0.6363146827129474,0.6369691517689129
ilisi,gtex_v9,0.4233562100159134,0.3749036075555357,0.7888523238053999,0.8027900940542411,0.3253068829575589,0.6035296368091351,0.6081682192113892,0.6385418263730422,0.6697850642338622,0.846173081436541,0.1733558277241919,0.192746726738784,0.2000377260296673,0.3062116087658553,0.4437976588163242,0.0951612693074916,0.1230966135193267,0.1020024571195065,0.6248092488839871,0.5797825675399385,0.0875134200003257,0.1000971812524646,0.0944256753897104,0.3731561262045923,0.3080895417547103,0.1856813439328722,0.2068252438663868,0.2060160298474182,0.7021045591902665,0.6875835360449554,0.1668670675977882,0.2090228621473018,0.2073408753487352,0.6857637814589597,0.6844817066289002,0.5509750570786135,0.5694934972570672,0.5738238872651915,0.6888031281381102,0.687136649690551,0.5131924060125521,0.4747852426312846,0.6988852596065974,0.5998187133151743,0.2785503049285524,0.2173181384577034,0.1508112162211769,0.0962938435667752,0.1138000317223729,0.0942027798915527,0.2384314613626482,0.1943915193561743,0.2565652387573961,0.1938031608182325,0.6002529656955086,0.5987963664162088,0.2755066996504581,0.3848390019836647,0.1536573515163063,0.0566332818040352,0.0475641907743909,0.0765362221645872,0.1430365471451375,0.5083990927451323,0.7073659715166059,0.7810200517134035,0.3686007770134609,0.3569104596570459,0.1742494508201212,0.3382608575300496,0.3656166908135641,0.6138696462237065,0.7063595601095001,0.2654362499309317,0.6409956851328109,0.5079642385716213,0.2592416889058902,0.1486995107492347,0.4350294594667941,0.0270286697406051,0.231403017234212,0.0225063740864661,0.490514482408637,0.0520990562933608,0.4418919809437951,0.1422385434056135,0.6442052116318608,0.4540794930012723,0.6329777279305464,0.6164511202476974,0.2340845143762809,0.2101858776865886,0.1389474891164455,0.2940045101679174,0.3123491617690888,0.595074746538545,0.3253453893651049,0.618719719973714,0.2767393683733901,0.1136821435611001,0.1081042710702033,0.2074550070330109,0.174907103576113,0.5509750570786135,0.4697741671758496,0.5978400283317752,0.4437976588163242,0.5797825675399385,0.3080895417547103,0.6875835360449554,0.6844817066289002,0.846173081436541,0.2020850342507393,0.2095416667857073,0.2035162836698306,0.2521381004787917,0.2766480919907304,0.2304186801540381,0.2429794595658067,0.2155515965336274,0.2258317330985858,0.2766480919907304,0.2020850342507393,0.2114572635390946,0.1974973801837432,0.1978718645501619
ilisi,hypomap,0.2230099793036512,0.1980288686444608,0.5817135710160899,0.6063776717478252,0.1767144960675226,0.2542199608161875,0.2617158544001405,0.2801229231465197,0.3282735468714886,0.9505046876219276,3.7382154102092646e-15,3.7382154102092646e-15,3.7382154102092646e-15,0.0795632849910298,0.1434698007348428,1.869107705104631e-15,3.7382154102092646e-15,3.7382154102092646e-15,0.4236736038134097,0.2471602563607026,1.869107705104631e-15,1.869107705104631e-15,1.869107705104631e-15,0.1795332699422229,0.1437882196168137,3.7382154102092646e-15,5.607323115313894e-15,5.607323115313894e-15,0.2381458303387608,0.0713344197080077,3.7382154102092646e-15,3.7382154102092646e-15,3.7382154102092646e-15,0.1372854380447654,0.0726687734784876,0.5650797703734559,0.9126283814588164,0.7173960777186705,1.0,1.0,0.408924955794609,0.2583766404730636,0.4322790824875251,0.3122692979760346,0.019477425134799,5.607323115313894e-15,3.7382154102092646e-15,3.7382154102092646e-15,3.7382154102092646e-15,1.869107705104631e-15,0.0274776252742664,3.7382154102092646e-15,0.0241358752842508,3.7382154102092646e-15,1.0,1.0,0.0442792714599895,0.2177588908153662,3.7382154102092646e-15,1.869107705104631e-15,1.869107705104631e-15,1.869107705104631e-15,3.7382154102092646e-15,0.099482671587915,0.592186902567708,0.6497288007964905,0.0488818867210182,0.0450239643194333,5.607323115313894e-15,0.0344841589807657,0.0424229182174561,1.0,0.4486698565323887,0.0437442581974981,0.2626158053478554,0.1811181664907443,0.0233165621313859,3.7382154102092646e-15,0.3189398949131423,3.7382154102092646e-15,0.051607027314422,1.869107705104631e-15,0.1348158365548107,3.7382154102092646e-15,0.0759140986199713,3.7382154102092646e-15,1.0,0.2113277583677461,0.4073744236724227,0.2455596549398234,5.607323115313894e-15,0.1399833533774268,3.7382154102092646e-15,0.1372491170031373,0.035240892910336,1.0,0.1621774936983016,0.2542199608161875,3.7382154102092646e-15,1.869107705104631e-15,1.869107705104631e-15,3.7382154102092646e-15,3.7382154102092646e-15,0.5650797703734559,0.1677888353811771,0.6289292743659751,0.0588739242357692,7.476430820418526e-15,0.0572448413866296,0.0404453919963356,0.0426649963941919,0.2889677802266997,3.738215410209263e-15,3.738215410209263e-15,3.738215410209263e-15,3.738215410209263e-15,3.738215410209263e-15,3.738215410209263e-15,3.738215410209263e-15,3.738215410209263e-15,3.738215410209263e-15,3.738215410209263e-15,3.738215410209263e-15,3.738215410209263e-15,1.869107705104631e-15,1.869107705104631e-15
ilisi,immune_cell_atlas,0.5445778345957903,0.4743780850460097,0.810082371145814,0.6232202269047521,0.465788454790087,0.78432386817934,0.7868872037701043,0.7859530020364186,0.8345590690308085,0.9353958735558116,0.1287255334366109,0.1793955855065246,0.1913593101618085,0.4826939620336527,0.4834750867185776,0.0696199036645762,0.1692068360259627,0.1480172512234484,0.5341489586682081,0.5669008651561415,0.0647041869908842,0.0939625762004864,0.1062198619189269,0.333133663331794,0.3133206667126607,0.4227152096080515,0.4938882803988822,0.5146519569878343,0.7430693955847997,0.7057883634096846,0.3165536163403296,0.3844430871866968,0.4113805081545498,0.7248421152020702,0.7522378748759326,0.8385735482923321,0.8404764669671383,0.835319962464141,0.8556309944452014,0.9186012181934812,0.5833741334814031,0.5957725295652847,0.8505601357218079,0.8216540862493623,0.3021525773411458,0.2532088576609675,0.3104840168516613,0.2233017887587516,0.1387732819571864,0.1147560590264858,0.5838024674124432,0.5687529221485611,0.4839991722624643,0.4189934130685083,0.8594857610445905,0.8426261493818948,0.3282388690594107,0.6612649657388895,0.2022122013117801,0.1220432309220363,0.0920762299638086,0.2407212592767558,0.3243485107284684,0.4525206075625495,0.609154999879436,0.8974456340641223,0.3670258120399702,0.4136910254523346,0.1765732404890328,0.6428939325041697,0.5645821345379441,0.8665956800167791,0.7546691100296824,0.2838593446930504,0.8093416182373018,0.680344231239454,0.3564487359723562,0.1922942246085952,0.5255702167463161,0.0596270100469455,0.2183528977883328,0.0649468848333209,0.6480431472738617,0.2159105987622972,0.6548151550853994,0.33038724282371,0.8628596068053037,0.41647865340826,0.6986884559129384,0.8003581998243723,0.2806051240412021,0.3438170233928584,0.1614906277906783,0.6203954070225933,0.5002346624345626,0.8566954669288159,0.4654015431439326,0.78432386817934,0.3299780157931782,0.1975965306127751,0.1254535283928496,0.4756941866833273,0.3374746004175566,0.8385735482923321,0.5944238491553631,0.8601405912100961,0.4834750867185776,0.5669008651561415,0.3133206667126607,0.7057883634096846,0.7522378748759326,0.8403871874689481,0.3700099987934043,0.3863492790134375,0.3802876980910505,0.4357020492545136,0.4548407964183886,0.4039399944289256,0.416832747091795,0.3922899527272777,0.3898439562029269,0.4297279920044441,0.3700099987934043,0.3766539894280968,0.3456662784541937,0.354118206718425
ilisi,mouse_pancreas_atlas,0.5185489736260929,0.5026136396964976,0.7267189683078077,0.7175339600103698,0.4846175845899793,0.6963835001632851,0.6977843269477628,0.7043206958818365,0.7907910196457171,0.8436049257820506,0.1491665535679738,0.1766586052228317,0.1740260716449775,0.3256094666489264,0.3852580348867822,0.1121234601908926,0.1477705437109895,0.1376448963442917,0.5154513531605956,0.4813961465765973,0.1104539560838293,0.1298251582108479,0.1161313019737562,0.1948303516545677,0.1637145697588332,0.2248083591805147,0.2491622780775308,0.2417219048419164,0.5330503798326034,0.3885980151010088,0.2356283752207156,0.2625980259609942,0.2632954440889916,0.6514516510307026,0.5080506031980623,0.6793855390613003,0.6852473982596692,0.6849322503775717,0.7381109312845892,0.7196383174261584,0.579438338047485,0.5178279233338797,0.7612742712279977,0.734510878020423,0.2268852867568134,0.1640990144455342,0.171262827292282,0.1570627257254399,0.1320159451935761,0.1228343319195329,0.2679346419236222,0.2523797876924658,0.3547817062542924,0.2559782191695094,0.6952649929034914,0.6882628771836058,0.2543499951997178,0.6595140721963656,0.1976264634945227,0.1123929869212006,0.1268994022144574,0.1629272885084739,0.2593662758966781,0.282809985130232,0.6296731621038176,0.8136975676632716,0.2891528249914069,0.2253960218032326,0.140319968589478,0.3041230731968584,0.4720259961060694,0.7051119595302723,0.6500585983553436,0.2349967755821475,0.7307438732541572,0.6468190727656268,0.2687526277711443,0.1880198284316684,0.3011088179042625,0.09464896340863,0.1617616657323715,0.0875005213666901,0.3697872676332658,0.1399036805297722,0.5329978749382122,0.2600674153754833,0.711757987909639,0.2526674532291326,0.5876484045192507,0.7173502952640278,0.2189570946395779,0.2027060060225514,0.1400631884613701,0.292486508346601,0.3727212514434122,0.7000786248684402,0.512477281957795,0.733429303232387,0.544073557112179,0.2108860681777726,0.3061947354565412,0.3158395215187152,0.4722603664401183,0.6793855390613003,0.6982810763457441,0.7146769585327036,0.3852580348867822,0.4813961465765973,0.1637145697588332,0.3885980151010088,0.5080506031980623,0.8436049257820506,0.337135535611942,0.355143854343151,0.3487894189574945,0.4106198913158635,0.4116257336532139,0.3757575955227148,0.3883072242606331,0.3534234141276666,0.3602675140781657,0.4116257336532139,0.3523973355499826,0.3462503653334856,0.3286656762725576,0.3330383742335148
ilisi,tabula_sapiens,0.2186887392027096,0.208594411429785,0.4767150057691843,0.4226904965143642,0.1993270392116766,0.6072583952743273,0.6046286680009488,0.6068791301556938,0.6802212710699618,0.7497470445931173,0.0703488705180569,0.0946991661503189,0.0871555882379351,0.2830850233867832,0.3179048433359518,0.0233128600874383,0.0347676464995766,0.0303580432879011,0.1975539745170653,0.1997715939402159,0.0233201144274666,0.024551457579452,0.0284878529907417,0.04857261503286,0.0463552913475415,0.1330231610920675,0.159672135155027,0.1485627070429456,0.235280941660559,0.2163141782285739,0.0932609881814048,0.1090972445776753,0.1124548473650685,0.2216474995646416,0.1712694047410733,0.6416043466618726,0.7035913426308923,0.675930345053617,0.7790307184017174,0.7242590706192695,0.2551295049295295,0.2306392916634717,0.6443278406031517,0.6128325421642921,0.1760026513637752,0.1402413108522003,0.0370863581632584,0.0287595986276599,0.0283495813035469,0.0250020191557714,0.1560025222141806,0.1321309893873446,0.1142964549896459,0.0983488002256637,0.7260936827272416,0.7168319831084448,0.0462686546054212,0.4891122679169905,0.0741872579061831,0.0170708266395738,0.0112380582953378,0.0259975667398927,0.0440583700668852,0.2546345326053133,0.3049736314055152,0.6900043025897461,0.2253703034979718,0.0574392534783479,0.0356691217456346,0.1741230677129433,0.1425566977843564,0.7277490922886579,0.384016661712333,0.0435122497219802,0.6463226390814926,0.3822176750962903,0.1825052342614621,0.0719961514154154,0.0789382791732147,0.0026547578191792,0.0329954947596068,0.0021323600922605,0.2070899968140542,0.0034591565735018,0.1659888075753406,0.0509042206435572,0.7478455474011944,0.1476141563259335,0.2787626020901489,0.6296574693832582,0.1325566228342128,0.0314421652260058,0.0258177545699626,0.1819303197912517,0.1270770546079102,0.7144764095747004,0.1987801828456445,0.6081046823330357,0.1483253560183538,0.042675703436087,0.0403822349840911,0.1714953780881033,0.0962855306912955,0.6416043466618726,0.2355848793867846,0.7258413613070228,0.3179048433359518,0.1997715939402159,0.0463552913475415,0.2163141782285739,0.1712694047410733,0.7497470445931173,0.2166204869586571,0.223915940014312,0.2203461306525068,0.2619427301089222,0.2656819110957408,0.2437276554986557,0.2453023800746772,0.2332583195163703,0.232942025416508,0.2656819110957408,0.2166204869586571,0.2223595872221325,0.1989805529884931,0.2018038953387229
ilisi,celegans_embryo,0.5281935253157377,0.5204065955926314,0.6216922876180185,0.621469045565599,0.5186403516394799,0.6444867087876885,0.650851979419434,0.6595234933780341,0.7698593038913527,0.8744909987695196,0.4326930655448309,0.4751960984993047,0.4649111838966028,0.5454279959337793,0.5850425247853069,0.3955654322728536,0.4220266402962193,0.427696060747884,0.5431628300387625,0.5251571280289038,0.3986433802973486,0.4249007119572409,0.4309239025245354,0.5118146309359406,0.4660347124499362,0.5050363929648516,0.517506442853331,0.510032204014392,0.617890751557348,0.5761762008097113,0.5411064368375555,0.5531444064538708,0.5557510929596639,0.7175687137866061,0.6006888469028325,0.5703371019660407,0.5714106162912946,0.5651731353363488,0.6361695455899683,0.624312083512531,0.5565940521793078,0.5488274462865468,0.7332120517410596,0.6689733093774918,0.5000203236379235,0.4856990959152416,0.4596251604462373,0.4423741322801832,0.44232231430899,0.4315222459571753,0.5341679110669977,0.5235172470886171,0.5610933427383842,0.5578316884556671,0.584209874618519,0.5795057815742306,0.4750881391964036,0.6132120619995963,0.4625709123110076,0.3551830281085752,0.3685962424289069,0.4007968958548583,0.5326757570002745,0.4958886684092489,0.576612612212694,0.8138651650705286,0.5224651542056666,0.47724193522614,0.4516537513432645,0.5524377792981179,0.576830513835703,0.5890536884423343,0.5786928022036036,0.4641984778417982,0.6979048121511745,0.6078099554667413,0.5175288598650468,0.457124307013188,0.5059548517102096,0.3511311829809775,0.4731668157613415,0.3579308367087184,0.5620035418289059,0.395881833336237,0.5995870748456612,0.5267996167616535,0.6001101857096401,0.4515949025158873,0.5637173658778902,0.6767656283701753,0.4877724457554704,0.4757646499422345,0.4443785977053457,0.5366015295245721,0.5709195615445519,0.5897258916500578,0.5186399295314992,0.6444867087876885,0.4856990959152416,0.4231757797229716,0.4188038389672365,0.5086830827768823,0.5452726312152961,0.5676284800179408,0.5352347945331267,0.5755427466846036,0.5850425247853069,0.5251571280289038,0.4660347124499362,0.5269013259643237,0.6006888469028325,0.7276296418203285,0.5437992646326356,0.5497643721074718,0.5474085186253193,0.5726112313404204,0.572361536636132,0.5617875608575308,0.5634287699302637,0.5556276818911954,0.5562584123436344,0.5547049346809904,0.5437992646326356,0.5547049346809904,0.5457031415305815,0.5449958258096887
ilisi,ocular_atlas,0.4072170145133723,0.4048049358284784,0.7608376949729259,0.7683318473866462,0.3991880946241052,0.5587486034233754,0.5571463980892291,0.560200699939808,0.6415826574727129,0.821364950736131,0.2672316844893528,0.293125169696985,0.2955300834323878,0.468271322353042,0.4957175266544457,0.1808158519655585,0.1915838649993721,0.1925542929921982,0.3690933129910219,0.3099493118346499,0.1923841542180297,0.1955003095370485,0.2003739707500756,0.2454345747024387,0.243372985436074,0.3031918012710563,0.3146125658644373,0.3088723842578545,0.3658046702558674,0.3617620684422091,0.2371436383376452,0.2454554927315816,0.2483735071716015,0.4481003817135334,0.2987030120993407,0.6638707689930844,0.6826266442731523,0.6666176261810539,0.715503446464245,0.853663882835325,0.4431073001184736,0.4212796552656374,0.6301947446590254,0.6060131898006144,0.3469640852017575,0.3373597451235064,0.2106090537578797,0.2016897468440995,0.2017340109989188,0.194549623446624,0.3185325856919651,0.3122218254072047,0.2550193200481805,0.2495114888256697,0.7362257061722164,0.7143259383943602,0.2609323788847028,0.4785642283083485,0.2674395000313244,0.0964585113886414,0.0827310275430346,0.1967707764795231,0.1833636837018925,0.5553451398422752,0.5965293423909793,0.7135494644275228,0.3895431399379659,0.2238007260393889,0.2232873989238361,0.3294787601881908,0.2820574986173265,0.7749977120713901,0.6344939453562063,0.2220244136020141,0.6033720931644229,0.4673646806565813,0.3822467636264023,0.2649131317443567,0.2254470506404863,0.0722277160392411,0.2076406361623651,0.0542231423167623,0.3381731072068475,0.1080360407009871,0.3424254440005099,0.1806720259555118,0.7181906401692825,0.5466799789825787,0.4408857620194168,0.5691159408331115,0.3440231110269924,0.2004629570684065,0.1956296277891697,0.3209305048130852,0.2624745330334789,0.7159345981022048,0.4045397536720592,0.56193013067019,0.3438542744508127,0.2043165260551872,0.2027323219152047,0.3124764252801715,0.2537816091984531,0.6638707689930844,0.6285676739335977,0.7143259383943602,0.4957175266544457,0.3099493118346499,0.243372985436074,0.3617620684422091,0.2987030120993407,0.821364950736131,0.3303675616338417,0.3313333366376222,0.3308358617746681,0.3526093214305728,0.3666997070658136,0.3429695696858594,0.3473817999195734,0.336484013176948,0.3370328122716366,0.3666997070658136,0.3315913550244164,0.3341722438620111,0.3104661244761826,0.3146504711369693
ilisi,tabula_muris,0.3470056847293224,0.3425460220601857,0.4944922003888525,0.4815650401813811,0.3363313409180586,0.4870792683737145,0.4991412487119328,0.4918552305917109,0.6072954033724934,0.7560642094145956,0.2796906917211197,0.3024340318915482,0.2906840107016182,0.4203101471958784,0.454383754250458,0.2286807504707197,0.2411888288887776,0.2353097849023432,0.3894002044696118,0.3449889711668372,0.2378825719230895,0.2420009752487327,0.2381449718505601,0.2857039243704806,0.27181905919733,0.3132783770491312,0.3199575353601924,0.3173793833096434,0.3798026117454505,0.3438635739724113,0.2622905622207143,0.2735515601913578,0.2757710689416749,0.3169654247275563,0.4766579041761938,0.4293359149080586,0.434245004862581,0.4358984272507051,0.4956107446934855,0.454503863444392,0.3797490200898123,0.3736646892962953,0.5894662413378052,0.5580015114349097,0.3185880952269368,0.2934428767149769,0.2586267071607252,0.2554834041068745,0.2471855187377249,0.2385144896610386,0.3213276865464993,0.320042412937688,0.297399725929662,0.2654105607588885,0.4394428541746219,0.4332913418000041,0.1824198742347827,0.4698314771077377,0.2457162217413151,0.1621118722571768,0.1694080324115949,0.1564156725939415,0.2094430098220094,0.1859333442998843,0.4115421806158741,0.6701672790657346,0.373561643049123,0.2837568153085748,0.2588624259641328,0.32670233578884,0.3347470700359787,0.4450670858198021,0.4325887187997788,0.1694296199812716,0.5530661065779644,0.3927509519149715,0.3259042288847781,0.2105868832151954,0.2999422925979762,0.1383798269757016,0.2592373984127249,0.1283424968081204,0.3424238951053427,0.1589660218612123,0.3074022390089323,0.2575128728738243,0.4567935167499896,0.1782470981399866,0.376622075470082,0.5357860333921795,0.3044804036471787,0.2565465753433963,0.2468339717605285,0.3244730539679362,0.2825595696463748,0.4461504882245028,0.340705139474659,0.491739090131439,0.3178427919008205,0.2338404165062411,0.2447350090395685,0.3168250204563804,0.2622905622207143,0.4296761124332008,0.3837431975025412,0.4512123991618675,0.454383754250458,0.3449889711668372,0.27181905919733,0.3438635739724113,0.4766579041761938,0.7560642094145956,0.3890083198428327,0.3890616219977499,0.3878643053587807,0.4123415003468947,0.4167577591880419,0.3991465064653395,0.4020966429248038,0.3946084872277978,0.3964308996705402,0.4167577591880419,0.3890947201264061,0.3925721910573484,0.3685268455404821,0.3825365421565419
isolated_label_asw,gtex_v9,0.2506746432562243,0.2605642145100589,0.1836173903425494,0.1698963086625696,0.2699251103155914,0.3760403195389344,0.2527347438135928,0.3636983662280094,0.065519675151972,0.3008012894688903,0.2511355219522955,0.2577382210033105,0.2402718707497521,0.2058268338562527,0.2332473378757437,0.2725708650579269,0.2356547195798946,0.2567128144037011,0.2047345842583393,0.2180864625888018,0.2672937922641056,0.2293801139420491,0.2473191128679238,0.1985581908737107,0.2339300480006557,0.2567728864036434,0.2096226450900957,0.2389789247261639,0.1067949259678845,0.107553032485058,0.3259338441236094,0.3160629443382632,0.315896695370909,0.2569937105080003,0.2326449650956723,0.188048925601836,0.1488591229864145,0.1594078422569849,0.1106499817334373,0.1170417014995167,0.2453805467843336,0.2504375607563808,0.3794817482749618,0.3739429946733556,0.2307477836815709,0.2451913590757513,0.261323036944408,0.2655708093335414,0.2349320077729426,0.2414123863696858,0.2278213458686604,0.2417297162112573,0.3043584888528065,0.3200223912714462,0.1339365613582917,0.1304983097834759,0.2729303172764883,0.3812936821163676,0.2606506243080657,0.2778465259648332,0.2754655189657627,0.2736200498954939,0.3317034816673669,0.2006808899415012,0.2084484981076588,0.3266065634270616,0.2068996342504801,0.2245011635863411,0.2378457797419093,0.196143800584954,0.2872107005983935,0.1392964115218012,0.1922751591606518,0.2757594317441483,0.1714973000503973,0.380873798390172,0.2172156686964952,0.2641388985792904,0.2175376856257061,0.2845820835754564,0.2145713423123848,0.2849517923156336,0.1277549808132592,0.2773367781920335,0.2989916137038522,0.3327832980161825,0.1224660440015054,0.2032794392546343,0.2266221213496709,0.1913645095776734,0.2391881855471142,0.2313483883522164,0.2231529950239514,0.1817844809225198,0.295180011808746,0.1300767330289048,0.2699251103155914,0.3608300347360007,0.2308782922585778,0.2606844179211036,0.2375585183251426,0.2343072308477884,0.3278027357868947,0.188048925601836,0.2504375607563808,0.1349904769030336,0.2332473378757437,0.2180864625888018,0.2339300480006557,0.107553032485058,0.2326449650956723,0.3008012894688903,0.3995541633898488,0.3958444950248633,0.3743041829287502,0.3525757169546243,0.2408813713361904,0.3414092218747017,0.2403138082104434,0.3697968817502164,0.3780305253197564,0.2408813713361904,0.3995541633898488,0.3849064818638043,0.4005993754849992,0.4007976329500842
isolated_label_asw,hypomap,0.1267555039894319,0.0849962620235585,0.2556602143695254,0.0863286553788518,0.0200488257730818,0.1460144569011132,0.1544565326341151,0.1374990856278048,0.1374883156273602,0.0406965848039018,0.0863341638147591,0.1176782317259099,0.0805635914681393,0.2889885803780831,0.0371774639708091,0.0398761945090792,0.073337231452934,0.0428715514364166,0.2630270084589577,0.1377121964183503,0.0261225345629722,0.0882044149123388,0.0,0.2964287001742501,0.0040380070298166,0.0,0.0,0.0,0.0,0.0,0.1362812122513211,0.1406137868620736,0.1419808425337506,0.1308257558536435,0.1419466609739509,0.0122264770291328,0.0961308596455204,0.0976665438091029,0.0670401986526486,0.1975486499988693,0.0919265249975464,0.101430099594645,0.1218887088764474,0.1422308198129797,0.0802206956383389,0.0849206902041506,0.0815942666766437,0.0777839069018701,0.0,0.0,0.0,0.0,0.1473452864353171,0.1330864089931755,0.1040192597165629,0.1035521359799421,0.0225009764449677,0.146027401351846,0.0855643230538084,0.0388676215659989,0.0246438804773476,0.0,0.1353067741115828,0.0132758184550008,0.1359802635578515,0.0983847944207053,0.0642755650481002,0.1180032366623429,0.0653381680120769,0.0,0.1371529334296525,0.0780731695908154,0.2629519952057492,0.0226215777463736,0.1644906365024876,0.1466151835102453,0.2362229145502126,0.0856869921925975,0.2638697543687364,0.0395333270070548,0.2138958890649583,0.0256271190839232,0.0,0.0,0.1464061652891775,0.1358582613610346,0.0948885044736249,0.0128337138146702,0.2517441642797832,0.1477284030191599,0.0606484167472824,0.2135102897836384,0.1684648058332358,0.0,0.1372328729263554,0.1134394610349716,0.0200488257730818,0.1460144569011132,0.0813754518974335,0.0386424840019808,0.0261225345629722,0.0,0.1362812122513211,0.0122264770291328,0.0659029271944246,0.0780709169306821,0.0610401874571743,0.0771748440698482,0.0174695049581512,0.0,0.1371384681873919,0.143166711271508,0.16296421013817,0.1288460275163036,0.1244759358369204,0.067199156209869,0.0694457023793945,0.0696542168312985,0.1217066073852268,0.1305042065055613,0.1217115336287212,0.1208158529933948,0.16296421013817,0.1223987445961754,0.1640657931374645,0.1636236237210179
isolated_label_asw,immune_cell_atlas,0.201325892772875,0.2000615460180501,0.169573729561475,0.1306014458696073,0.1996565758776692,0.1181141200173222,0.101812012363229,0.1236229786784456,0.0,0.0864566043541645,0.2079098624569332,0.218250756347156,0.2118972355479532,0.0878808051370828,0.1390909442480478,0.2078943465838501,0.2027778064056052,0.2034935963222539,0.1698682995698598,0.1907988649887478,0.2162282693875451,0.219107610667952,0.2176165296266298,0.2076297569325205,0.2020367375771501,0.1327308109015328,0.1334521196389924,0.1287969725606452,0.1217328827142015,0.1127187195564099,0.2055874604686578,0.2088997410964161,0.2128150592366207,0.2023350324161739,0.2108428256300407,0.219631981659048,0.2147836567007168,0.2114654686255626,0.2295872199360221,0.1817892514580894,0.1769805905270234,0.1896325113352653,0.12400227369731,0.1255944292856685,0.2318142649533941,0.2027056765187051,0.1995230698950955,0.2086957298495854,0.2244275287656635,0.2206497965101248,0.1078757579551558,0.1284219507508495,0.2144614977613458,0.2122209593720986,0.2191259907922548,0.2145739778926284,0.1888066995947727,0.1166877605495902,0.2042804735363996,0.2101194954752913,0.2179714309230535,0.1254372801438346,0.2124022994835068,0.2013531737159522,0.1641864794788852,0.0926494566903366,0.2481998374598931,0.183159265926952,0.1974494244261181,0.1004515451812022,0.2098591887506271,0.1975461614418919,0.1829548964046253,0.185447164973163,0.090878626109141,0.1162072390149644,0.2236148207695306,0.204298707245689,0.1841148816027379,0.2040529680756801,0.2215180050101097,0.2131721445613402,0.1179998143509133,0.1253401779882508,0.1888774441085841,0.2107325982270993,0.21652463260018,0.1986157673258851,0.1825617890231528,0.0946637810698514,0.2219413064884046,0.1971038673851967,0.2219058115762223,0.1082484874923748,0.2204992566124519,0.2170957072192041,0.201018846376351,0.1181141200173222,0.239335989695797,0.2023041164601052,0.2264235633661934,0.1373546435888659,0.2086312347652025,0.219631981659048,0.1998749560018098,0.2130755567869452,0.1390909442480478,0.1907988649887478,0.2020367375771501,0.1127187195564099,0.2108428256300407,0.1240152800445476,0.4602710223407002,0.4018967749385436,0.468805487666491,0.3102509402520805,0.4375740789823824,0.3949229123084392,0.4900718039790543,0.353584689551585,0.4658140101046098,0.4534458908256726,0.4602710223407002,0.4639801265382585,0.452180086758149,0.4545645085800802
isolated_label_asw,mouse_pancreas_atlas,0.3876764108048974,0.3106698643470832,0.0971130669010495,0.0888882551961592,0.4723818888418012,0.3911440315779937,0.370772552855149,0.3970122608653094,0.0,0.3880817110135304,0.6031489444143244,0.4358612712407296,0.4817046204458293,0.2681219112568055,0.0908085977440229,0.5986363947985469,0.4202505969685675,0.4450318225951712,0.1480224425207306,0.1597823883958117,0.6449333727065445,0.5813211359908376,0.6022849898136687,0.4922440052643717,0.4915786505445924,0.6359180191926126,0.5548284646212079,0.5688279041683476,0.4014716952227677,0.4652875485942187,0.4728759935954179,0.4392689949094313,0.4303493849255191,0.2434711177698383,0.3050224377478119,0.6294608367276983,0.5854865534210058,0.6059703022797477,0.4741799278168758,0.5227046840184933,0.1967635807523914,0.2571010163537794,0.4032543823997143,0.3965220611861081,0.1420152576176382,0.6000615268596498,0.3223978230691537,0.3392943732850617,0.5342665956558609,0.5848383891378691,0.5277528396023181,0.5352846201869982,0.3926019787867736,0.4504961653709706,0.5455147768156194,0.6119574687847988,0.4895099966451121,0.3906566279996492,0.5988930439731284,0.5966381248425339,0.6526178142732746,0.608467600507906,0.4703790230463304,0.614630228048848,0.1580732408785059,0.4028504086638449,0.0936142639627425,0.2521201624244186,0.5451901425778254,0.504775220983509,0.3033709989698459,0.5232898372742282,0.1516003843597928,0.4792756668465083,0.1082616968691365,0.3893804089029152,0.268101270904779,0.5976460706259944,0.2980895962410771,0.5876934776315871,0.5147621530200416,0.6316672785184636,0.4462454860316234,0.5969098099962237,0.401138659892311,0.4716253093427213,0.49735691966382,0.6120258213936866,0.2223599340395982,0.1169744537089361,0.3081168056251078,0.3275593853866659,0.5159806963150456,0.4740484384251198,0.4425826965271347,0.5605172970701128,0.2952389108871975,0.3965277266410448,0.068634172614616,0.2780517108162208,0.3873540317576112,0.5054841652077202,0.3033700511985794,0.6294608367276983,0.0882623575825359,0.5246708996773761,0.0908085977440229,0.1597823883958117,0.4915786505445924,0.4652875485942187,0.3050224377478119,0.3880817110135304,0.8219402563656479,0.7418732862961037,0.7703134496379559,0.7976394010918666,0.7492129229206931,0.7532005125627325,0.7437879854990046,0.7137921833004927,0.7329659119461124,0.7492129229206931,0.6960735994727493,0.6967691582744624,0.7720107889640778,0.7852531010460335
isolated_label_asw,tabula_sapiens,0.2571784831848876,0.2570531694938722,0.1732618388628857,0.1754285171147696,0.2503506865963062,0.166581725210254,0.1741795673513725,0.1656709522833223,0.1394918108468879,0.0439000095975737,0.260472893424775,0.2554459522877341,0.2400910168748459,0.1762568520775853,0.1640825329383455,0.2865578492214646,0.2732567673357079,0.2770384692365285,0.1850217267869674,0.1796559053976829,0.2981024916334792,0.3044126173014122,0.2881560899557571,0.2893480510920112,0.2715566151868671,0.280028067495525,0.2789357756796952,0.2740980349456117,0.2674663676381665,0.2560752478896774,0.3246339346944635,0.3169758641174973,0.3165744886454031,0.271761963857893,0.2973736758131164,0.2106967990331356,0.2002893410031024,0.2051303648092696,0.1558797453037614,0.1817642466497036,0.2372161128723707,0.2520224420924526,0.105164329857015,0.1496378821571306,0.20847989443107,0.2128028070783274,0.2685045355616849,0.278251396516784,0.2847749032095711,0.2954858386854816,0.2678462375169178,0.2786258192652621,0.318404965487329,0.3225688994299298,0.1944479480995722,0.1990874509942658,0.2710896310857871,0.1695382660263201,0.2790498679350009,0.2866770116180356,0.3024260068591925,0.2945078531576373,0.3326090919508587,0.2328433190875332,0.2100320202980986,0.0464125525571079,0.1869929783299088,0.253990739817391,0.2785069011908626,0.2703744026656655,0.3064775538850823,0.1874036426662788,0.1779587259680113,0.2725659157605686,0.1521648062744683,0.1745089213926388,0.2012174054034176,0.2580013276575927,0.2144721362239714,0.310688229743111,0.2939105923580373,0.326859427189393,0.2697999698983407,0.3132266437741371,0.2929826143647919,0.3295808272584705,0.18178009482204,0.2477066689925902,0.2080045407196019,0.1529876034057965,0.2265585265308746,0.2656015654258259,0.2997682157297097,0.2697616060885174,0.3122282155627459,0.1930196926532121,0.2503506865963062,0.1663017034277661,0.2123710221824022,0.262697645848466,0.2755312207872079,0.271107507571693,0.3231970077295484,0.2106967990331356,0.2502436106937007,0.1944479480995722,0.1640825329383455,0.1796559053976829,0.2715566151868671,0.2560752478896774,0.2973736758131164,0.0439000095975737,0.2874618230238548,0.2810298682358469,0.2748638407324439,0.2125409722110695,0.1955901711208756,0.2770894911066397,0.2418736509019576,0.2799433012714503,0.2545093458639018,0.1955901711208756,0.2874618230238548,0.2769544594265067,0.2894541585469247,0.2906259813610047
isolated_label_asw,celegans_embryo,0.1424666558182652,0.141019097655012,0.1121929773448172,0.1063890694269828,0.1405523977670724,0.1691274396206566,0.1612393875010535,0.1602042267252713,0.0,0.0,0.1628653602908702,0.1062257041969628,0.1578332133437472,0.0208321925553897,0.0,0.1903474648150052,0.195686845557483,0.1930541856936746,0.1621956606333892,0.1837218545784227,0.2297487209568057,0.2312903037979302,0.2287754315828025,0.1725775341709392,0.1737552711547538,0.2713407634194348,0.2549314846736192,0.2627421078042601,0.1652805108846635,0.1977753930728489,0.3384629004533075,0.3023378227522146,0.3115545642616144,0.2503317340836147,0.2882384638587517,0.2788175361767598,0.2771297480923168,0.2796487828857087,0.2360690213753874,0.2545724137536012,0.1074127798943325,0.12049400507761,0.162816240085907,0.1685265245379324,0.0411327263020973,0.0727669219685143,0.1992635133079132,0.1951739290247994,0.2240691132423951,0.2317924920581295,0.2168176600083011,0.2186225226901252,0.3127955978795655,0.312677010100022,0.2454672306189125,0.2517447672520351,0.1356800416705564,0.1695266204575045,0.162744169586671,0.188630715308791,0.2300734445481675,0.2598427850788829,0.3261218808343276,0.272900262903985,0.1025477600517803,0.1124354649508439,0.0155521154844354,0.1822193532533693,0.1868798594895764,0.2063950017166514,0.3128350881943297,0.248142247604894,0.1024034685170648,0.1355246110329591,0.0005436619825942,0.1686503234803701,0.0478346883750657,0.1607022452367341,0.1781164497516665,0.188369447284816,0.1934993418766956,0.2275752978135683,0.196738618094533,0.2582748935508645,0.2767397721473131,0.3254646990797389,0.2526559684488954,0.2708330782240588,0.145819798213317,0.0462262915355501,0.0568662285133715,0.1987213977442858,0.2119038204640616,0.2085539176070245,0.2896929458957338,0.2597573660735786,0.1405523977670724,0.1691274396206566,0.0727669219685143,0.1917702844990254,0.237414045691795,0.2664769927954251,0.3169869456661102,0.2780229725786527,0.1447214300207177,0.2529508950630137,0.0,0.1837218545784227,0.1737552711547538,0.2135754662604775,0.2882384638587517,0.1626750223185534,0.4191874129349417,0.4034342759410797,0.4303852274659449,0.3871786434545184,0.4381948725436221,0.3952618902798541,0.4295079379774972,0.4173215539799571,0.4331506274263707,0.43067558947381,0.4191874129349417,0.43067558947381,0.4188850773942489,0.4190340857562218
isolated_label_asw,ocular_atlas,0.2223212449782096,0.2269020340509943,0.1020249646564982,0.1002385053461715,0.2295505284610517,0.0260195698884967,0.0347565830392691,0.0,0.0,0.0,0.4558273741166816,0.4529362065676175,0.4212387789038929,0.1077614322540788,0.0618842592186286,0.3541115561184573,0.3403746660720697,0.3527734893650368,0.1563596690395274,0.1867805838310103,0.3825993889570334,0.3727055520008201,0.3837433721375274,0.2999373454112506,0.3212027576690019,0.361872973014011,0.3330435110244912,0.3615008470692432,0.1934261203187612,0.2709277429607261,0.4163255001279295,0.4059124146099233,0.4101184302174717,0.2777683321629697,0.3648145501577475,0.0458118345536953,0.0267421360490607,0.0285637865341271,0.0100493369006056,0.0,0.1943379001701972,0.2114044912969307,0.0,0.0,0.1535968125779045,0.151454279364537,0.3512184258043135,0.3566569710718851,0.3716908672678795,0.3851561640321116,0.3459215309711861,0.3522749274430926,0.3979793355790009,0.4065594986832609,0.0,0.003689685914766,0.2297258269136818,0.0220184648524213,0.443186690700089,0.3388112921664184,0.3685011992776316,0.3471646747109428,0.4087749945991781,0.0478917410573334,0.1559400702148173,0.0,0.1507896558419598,0.285546314019534,0.3391254311119154,0.2997016267931683,0.380341497788234,0.0,0.1218287395791423,0.2295157332309878,0.0,0.0219898030750719,0.1253060125940493,0.4512733231311369,0.251483343521596,0.3426107668298017,0.3002008431954802,0.368096276758229,0.2125888934859435,0.3460347635692645,0.3294794095179594,0.4092788902358282,0.0166890732767533,0.0485576112436,0.1888595921227085,0.0,0.2009831801339897,0.3126257224050158,0.3178907562025783,0.2730712777915541,0.383259584321605,0.0112332331774296,0.2257762883781157,0.0,0.1522925217519773,0.3539046224920422,0.3780902251506248,0.3558778254144263,0.4055404729661078,0.0458118345536953,0.1387701913864974,0.003689685914766,0.0618842592186286,0.1867805838310103,0.3212027576690019,0.2709277429607261,0.3648145501577475,0.0,0.3954295025389157,0.3711653476606219,0.378299213024641,0.263494807657976,0.2105495318248407,0.2804288561849862,0.2628794995351157,0.3005873915254486,0.3652675831517572,0.2105495318248407,0.3966749253453261,0.3763887431227876,0.3853343978746135,0.3892909190201213
isolated_label_asw,tabula_muris,0.0,0.0,0.0,0.0,0.0,0.1381294544166463,0.0961622118705496,0.1182186901549744,0.1144267135006478,0.0,0.3908258335627337,0.4221782369593575,0.4325649551673429,0.3141169284724002,0.1546462988266665,0.3538598252000723,0.2760672857363479,0.3047669077572665,0.2142920440995531,0.2191976561999379,0.3774672848553732,0.3116413519578579,0.356654319926551,0.288711911759806,0.3178134113554733,0.3343806775797479,0.2336061856797572,0.2199310691969062,0.0897608441579409,0.1228504958901443,0.5862165326880883,0.6005444748759543,0.5760434061125644,0.5929650225922574,0.5111527190192028,0.0,0.0,0.0,0.1923627364692849,0.0,0.0,0.0,0.0,0.0,0.4531351484648812,0.4344623527813437,0.2779644281298816,0.2738437046961321,0.2991030153915868,0.3206540634916766,0.1836870503607154,0.2448531194077817,0.6119461425660099,0.5786158349092362,0.0,0.0,0.3317225683348012,0.62942716414197,0.6573939153243358,0.5911966000899567,0.5674551305082836,0.3748020600414634,0.5991965414586877,0.0026511493557043,0.0,0.0,0.5097063409227149,0.2364735493495285,0.3136420151672294,0.1550406827548485,0.5314905353905982,0.0,0.0,0.3449703962043169,0.1003366895048909,0.1569468370197402,0.4654617473429442,0.3199375219901846,0.2319388301664599,0.4966909800911759,0.2979411147388904,0.5838705262368108,0.1415577805671177,0.3339312669506583,0.5900493245693446,0.5746912774521026,0.0434013940056255,0.0716400176724753,0.0,0.0998670306058651,0.4374774654006506,0.243900792989917,0.2745357406302311,0.1626801795569522,0.5848685263775427,0.0,0.0,0.1274425344869616,0.4531351484648812,0.304918181610254,0.3306251296855686,0.2379262947233481,0.5862165326880883,0.0,0.0,0.0,0.1546462988266665,0.2191976561999379,0.3178134113554733,0.1228504958901443,0.5111527190192028,0.0,0.2297364144925,0.1953250803580457,0.2789817929427917,0.0,0.069490165606368,0.0905151940654243,0.249438927563163,0.1487940465718071,0.2715037539103777,0.069490165606368,0.2755434857323796,0.2804836264454979,0.343514177227334,0.3603367813723894
isolated_label_f1,gtex_v9,0.075867996520371,0.0695584380878508,0.0182082280649919,0.0347082632248112,0.0734632045130672,0.0901889033678604,0.0414855094736029,0.0861716158318538,0.0305528500285156,0.0144191185836139,0.0498237117136947,0.0136498752845318,0.0234868633747949,0.0317537440264359,0.0217134773588491,0.0849752033314809,0.0519961791253237,0.0647887180195506,0.044000161254353,0.0133003039462195,0.0956422691846995,0.075853501243373,0.0851358198261716,0.0778602685260571,0.079286268821904,0.0225865624348852,0.0215107920218258,0.0225744794091119,0.0050525116160252,0.0054469367062583,0.1007668862433292,0.1005607114820751,0.1003389931814131,0.0277584485025644,0.0348326562600071,0.0737402068224319,0.0811967203679482,0.0717058180817239,0.0193527981190448,0.0262652473657585,0.0672946625698017,0.0125278159599102,0.0615125782022765,0.0904315381697843,0.1411326094065055,0.0144989700796058,0.0496549675646543,0.0823433591267957,0.0903799248534354,0.0901853042146893,0.0216062863893929,0.0222031530818888,0.1003964794458054,0.1006979771944712,0.0207670103440709,0.0225248005461021,0.0777041988567793,0.0687167588472421,0.0233490014251173,0.0929545139292763,0.0963304266592978,0.0705587544623979,0.1015052626349207,0.0784193514099242,0.0113755574163774,0.020485883218548,0.0165835690504535,0.0256125344709046,0.0904865197079879,0.0288319651231302,0.0942397381118262,0.0220033744426551,0.0114532328216669,0.0794356194098083,0.0277231570928173,0.0837547681012134,0.0167833518942328,0.022992408064682,0.0515177144560588,0.0954313896429425,0.0825017138350169,0.0998939622190737,0.0124319734822813,0.0957933641169319,0.090666249556255,0.101106116397145,0.0164624270310826,0.0835529618723268,0.0600303100409848,0.0320390081070561,0.0095342007630326,0.0531910202447769,0.0809878387916598,0.0161797483880275,0.0968918135233928,0.0176469908417158,0.0664029542271411,0.0912524169578273,0.0110352661396656,0.0450480822489629,0.0772503469706138,0.0218746956682131,0.1003406519407196,0.0737402068224319,0.012832759367354,0.0203298847221157,0.0217134773588491,0.0133003039462195,0.079286268821904,0.0054469367062583,0.0348326562600071,0.0144191185836139,0.1084741729039673,0.106450637200125,0.0971027260487015,0.1011211889623844,0.1095813163497641,0.0959946356486826,0.0987010350698256,0.0971827774211415,0.1086325278684948,0.1095813163497641,0.1084741729039673,0.0963621485160058,0.0977814569430549,0.0968261752751492
isolated_label_f1,hypomap,0.003022503022503,0.0029750634762433,0.0027696003773645,0.0019851826681033,0.0032178725148595,0.0032811496351132,0.0030100129939616,0.002849043967017,0.0035566444200388,0.0046662982746975,0.0029558105250104,0.0029781214619647,0.0029347579900385,0.0008885028649996,0.0028953035038065,0.0029934859553823,0.0029976042674774,0.0032040763213227,0.001032644315109,0.0036306657494457,0.0033999620621621,0.0033861420821666,0.0034012229473348,0.0019871253516478,0.0033317592986846,0.0020727110665477,0.0030069032213578,0.0037026523460281,0.0023389645070502,0.0020019225653395,0.0036752956216042,0.0033637225801123,0.0033711690337288,0.0034164127979784,0.0034394045201379,0.0033711690337288,0.0032787705393641,0.003379890275748,0.005030181086519,0.0008521067360441,0.0026209297345576,0.0032109625622961,0.0032052223866946,0.0028614579205758,0.0029367528265522,0.0029427501337612,0.003181291876969,0.0030235475531531,0.0033836391181388,0.0033949260762059,0.0020126288793618,0.0034291551145483,0.0034012229473348,0.003685335675057,0.0028197782023467,0.0031089996083502,0.0032040763213227,0.00327283490999,0.0029537953085261,0.0029976042674774,0.0033999620621621,0.0020008003201279,0.0036795929957308,0.0033256686570862,0.0027400957399962,0.0028039275230286,0.0029337613697163,0.0037530053496936,0.0033624840870094,0.0033026869692361,0.0033811391436172,0.0035008021368458,0.0026805033648276,0.0032213364212924,0.0029873251966476,0.0029188755944653,0.0007012673462668,0.0029427501337612,0.0028104374431392,0.0029965738519443,0.0036681516142017,0.0033987019331425,0.0020703528305133,0.0020697638758089,0.0033949260762059,0.0036810272873194,0.0031013704707669,0.003378642153249,0.002927130793695,0.0029159126614933,0.0019106842904264,0.0031221477354986,0.0033961839408432,0.0020371634304764,0.0033674424826109,0.003174506988927,0.0032236490101658,0.0032811496351132,0.0029517822519737,0.0031960721798338,0.0033999620621621,0.0020727110665477,0.0036752956216042,0.0033711690337288,0.0030172889123055,0.0033899021452729,0.0029149260653459,0.003174506988927,0.0033575374690696,0.0032811496351132,0.0033749022513067,0.0028875123598041,0.0036724352806015,0.0036681516142017,0.0037215635075833,0.0025422004508482,0.0036341752760194,0.003658188214384,0.0037362189391539,0.0037318123496807,0.0036667255472695,0.0037347491246599,0.0036724352806015,0.0036610303656632,0.0036681516142017,0.0036695785914862
isolated_label_f1,immune_cell_atlas,0.0185784339975322,0.0037848708531066,0.0112592215233558,0.3238400557877353,0.0041743711163574,0.2180895101720294,0.2011569719617867,0.1914208923132055,0.0088748165987635,0.0363278088667527,0.0041123305611875,0.0040518441873862,0.0038888164396413,0.006002103651268,0.0115369566568787,0.0157831460025202,0.0039366967366651,0.0040405097455013,0.0016759948297556,0.0071288583445967,0.006444046196862,0.0073382940224679,0.0075791340841324,0.4379536244547915,0.0043554083939392,0.0041757660081828,0.0042663279255231,0.0041365496852919,0.0168320193906471,0.000836417531323,0.0223562662962248,0.0046490558496775,0.0192515363289242,0.0215533602689773,0.782452887514315,0.0207900566950095,0.0364113230967386,0.0076750370097406,0.0170645046158934,0.0055870099197642,0.0055838915081392,0.0103390170584749,0.1027093120213332,0.058204874665485,0.0103432760422726,0.0039377789260071,0.0039436624620888,0.0043676173525729,0.0042966897210935,0.007781938340236,0.0042068580513792,0.0040860824362162,0.484102561819661,0.0046156984669184,0.0048934673867826,0.0064775077091564,0.0041461892107904,0.0801245351370283,0.0039125563049701,0.0046550564907912,0.0079527090675039,0.0039087947732861,0.0225905097858734,0.0253499776882682,0.0093565555944399,0.0616174888706692,0.0039395836938862,0.0257813669331572,0.0044524181996698,0.0178740920723214,0.0249947330475912,0.0166117105733661,0.0113786854783122,0.0039834301542944,0.3501839497180833,0.2165441488508944,0.0075063399651605,0.003791938675525,0.0099027270884459,0.0226879501971182,0.0071629417582432,0.0054106406452138,0.0151200000586671,0.0044679802547181,0.0515295368897197,0.0224109578132154,0.017608706245662,0.0134908475946821,0.0114005927579242,0.3434788414285501,0.0121542371309178,0.0093183248576671,0.007333529435069,0.0032412152585443,0.00464868701731,0.0039150390363586,0.0041063365624518,0.2180895101720294,0.0112293958134553,0.0038393040431864,0.0042777546161705,0.0043082562436746,0.0337907555808191,0.0207900566950095,0.0156845206438243,0.0213300536211962,0.0115369566568787,0.0071288583445967,0.0043554083939392,0.000836417531323,0.782452887514315,0.4055893182158046,0.4781538590067307,0.4964546453675288,0.475233916467457,0.0835769153518783,0.0238060296471753,0.0247086584485402,0.2577465407110928,0.0853427136131072,0.0237829385482287,0.4781538590067307,0.4781538590067307,0.2638795671755562,0.2612158461895524,0.4781538590067307
isolated_label_f1,mouse_pancreas_atlas,0.0588833704133111,0.0604279078800433,0.0447555065946799,0.0436857806143129,0.0607180030384034,0.4358394930381011,0.4267404370497153,0.4290353272640297,0.0662208321477087,0.4260322301095331,0.9010510108448254,0.9107561684763112,0.8931960979637755,0.8996301024388866,0.3412195016118617,0.8800486135434294,0.7983853887036316,0.8768416551855195,0.7990574374079529,0.807422782598255,0.8913564135267878,0.7920710238078983,0.89238621055497,0.7436795658274675,0.8871002599223153,0.8915366849645201,0.8582750120083046,0.8512879951936113,0.7541835646451969,0.8533856862018635,0.8968545781371622,0.9032640666263262,0.9001050358051008,0.6828625338401377,0.8888144774390082,0.1780667491229192,0.1747405825253448,0.1441680648148464,0.1509954993965247,0.171047311614947,0.0565689695586602,0.059395791914757,0.4238132069560005,0.4277862609214199,0.4605179468516056,0.8900361093392445,0.8593220541925597,0.8575068548918184,0.8610303772727899,0.8590510801962259,0.8472836524300441,0.8518229304626991,0.8877363147959925,0.8983782841853196,0.7707168605095642,0.7077796066880361,0.089780521592009,0.4374668630338733,0.8879502439077804,0.8912810762095267,0.8921176718109924,0.8951438240743587,0.893237348148438,0.63724506198733,0.0516775556952497,0.4244256557333062,0.3577205494914164,0.8664680496065681,0.8593220541925597,0.8936186433336222,0.8970581134262055,0.1805201210511029,0.0517170307284366,0.8404773528168985,0.0739021525057928,0.4383101596836478,0.9009438071729344,0.8740661890434105,0.5975301728878979,0.8363602598856359,0.7504015338872371,0.8521163120977351,0.8275094816687737,0.8740661890434105,0.8504891647380601,0.8958004789603561,0.1526618238595869,0.6355317657813214,0.0546117353950314,0.0297741662100254,0.9270772958335312,0.7538015390922183,0.774651458145761,0.7771906457656197,0.8519173279405623,0.1515868616097993,0.0586021940897963,0.4280074880691855,0.2672948022558282,0.86862871138089,0.8534392057869905,0.8128303019792883,0.8960641917627342,0.1780667491229192,0.0438567154406895,0.1735788580896275,0.3412195016118617,0.807422782598255,0.8871002599223153,0.8533856862018635,0.8888144774390082,0.4260322301095331,0.8854683262334486,0.8887806281467274,0.8724611132406642,0.8851756785188302,0.8674400747231719,0.8834838753030905,0.8668892280470105,0.8887806281467274,0.8846440844378989,0.8674400747231719,0.8750996868714881,0.877518969639128,0.8874879561125081,0.8940844620820244
isolated_label_f1,tabula_sapiens,0.0470730870030525,0.0439974579725951,0.0961023611292515,0.0406164991360475,0.0447500948535374,0.0470042372314211,0.0493049927109021,0.0471215224005001,0.0392853161895306,0.0222201036103113,0.0477733480878392,0.0466315418616264,0.0463877531940322,0.0428825439532682,0.0429457674355341,0.0564834861411722,0.0545018733715497,0.0551943606651488,0.0372054272824845,0.0331989814581676,0.0539497743391064,0.0542806603875289,0.0562996465417847,0.0763137827964859,0.0458072505023911,0.0916658441920824,0.0629387501062753,0.0573875021176241,0.0480634802663893,0.0579159312486292,0.0701815773577165,0.0754548625590045,0.0763584987095282,0.0702750048394817,0.0968653809068489,0.0510322079294945,0.0480569484167331,0.0505046891024926,0.0435375748903918,0.0718860806723808,0.0437521684180527,0.0446338296831437,0.0395533964369206,0.0421378317033358,0.0462922290987562,0.0464829569742531,0.049291017348309,0.0546844950252455,0.055411809420859,0.0609884130081684,0.0587056706942104,0.0631471691615257,0.0710241542562229,0.0733069951673706,0.0717297843333246,0.0495356914840604,0.0530329438125229,0.0478406811823106,0.0552814972752225,0.0562515310125107,0.0610050818957267,0.0752193182816833,0.0697932075934636,0.0568579473655307,0.047656633261452,0.0228184642188028,0.0445621895216779,0.0893040362928189,0.053665481597594,0.0596618695827424,0.070447324909834,0.0709920158549475,0.0857036207324039,0.0533598657167126,0.0368684709571868,0.0467611011279195,0.0445783432112282,0.0479589053035173,0.0509090450324483,0.0773567176591499,0.0834884351786963,0.0817509901340728,0.0535694774735762,0.083898808347811,0.0745032532545825,0.0736198418605237,0.0544403097234752,0.0668638055869215,0.0434336037119185,0.0295163676347429,0.0472199087243295,0.0534775034329981,0.0552442060912989,0.0830930477115134,0.0788010332853275,0.05270439622437,0.0422252360373685,0.0496724026897485,0.0457052898711816,0.0892199488301578,0.0405587895341402,0.0548044107756243,0.0729763645766205,0.0510322079294945,0.044348218046345,0.0755171258274667,0.0429457674355341,0.0331989814581676,0.0458072505023911,0.0579159312486292,0.0968653809068489,0.0222201036103113,0.0875607004772599,0.0761751254328318,0.0844051940433557,0.0827181576480867,0.0829074574919071,0.0877657106903293,0.0822487175016837,0.0846435929934958,0.084619087498486,0.0829074574919071,0.0875607004772599,0.0845317258811476,0.085081823477389,0.0817446340497297
isolated_label_f1,celegans_embryo,0.1974846776885419,0.1811552504162013,0.27451525574102,0.2707574666261981,0.1872797086112237,0.3625032555485387,0.1268935636576377,0.3853408901859879,0.1267872735425745,0.2429198350932081,0.07263819127772,0.0702464670714173,0.0575388290602753,0.0452263246400328,0.0551718798782365,0.1474847236821208,0.1905365274784722,0.1835376489525554,0.3791410721775448,0.352734352610993,0.2701066844108065,0.1545558257119504,0.1667874098031851,0.2628588347948301,0.1359819353388338,0.3468574589101143,0.2888886132968512,0.2460009544344064,0.4955855626410516,0.256907288065782,0.521527106943737,0.5138654865178889,0.4990645575147815,0.3419155030240057,0.4635737137941936,0.4447593722755195,0.4522442539238122,0.455009697132797,0.4800719524075323,0.4483498835542024,0.2898644690023526,0.2747615651293291,0.3906937277267123,0.3945128648842241,0.0597901409492553,0.0632205442463199,0.1493346822804689,0.164811794475708,0.1422417527773724,0.1540258599559054,0.3319641795331832,0.2903978940558123,0.4961356346121271,0.4883638729773132,0.4503481086106372,0.4525936915278,0.1773191080872365,0.3254529641742768,0.0580885086507732,0.2935963206787815,0.1372306664066946,0.2600057302036933,0.3173326217951512,0.4539283562352367,0.2784460421550108,0.3721753661118986,0.0574718922907645,0.1482285571277539,0.4057665235970628,0.2817263931289769,0.3036861367545528,0.4472835343964921,0.2923721440759682,0.2492882215807091,0.1144430582208478,0.3641650644788446,0.052331000407575,0.0683825604391379,0.3518663347514596,0.2611674540768958,0.1498661827257741,0.2360577571074719,0.3989020478435369,0.3659320487747831,0.2899924662768954,0.5012265404212939,0.4510722850562286,0.2989016317068289,0.2525332914021306,0.0885736943501735,0.0514620490067528,0.1920663033595706,0.1914557934918027,0.3505721793549782,0.3007713987611778,0.5054005717548783,0.1860796486927177,0.3625032555485387,0.0632205442463199,0.1750185059202028,0.2965597441515115,0.2157413653757819,0.3502102086568891,0.4427539030681461,0.1827347573691953,0.2895604030345025,0.0551718798782365,0.352734352610993,0.1359819353388338,0.2605824130096181,0.4635737137941936,0.3907152983984917,0.4862805795054321,0.4175590579620731,0.5612080468252602,0.3959163104658851,0.3432758523406739,0.4103404104555666,0.5269710393748497,0.4167812020730216,0.4226132831760448,0.4264837189616143,0.4862805795054321,0.4264837189616143,0.3937014167320377,0.3939831191441476
isolated_label_f1,ocular_atlas,0.5973488308170007,0.5302951812092473,0.4403026500084133,0.520741244889733,0.5318804399614271,0.5476855768646876,0.4891896054370619,0.4804581053610389,0.195778375535142,0.0971293289471294,0.602086908249208,0.6019831281529349,0.5269912491638566,0.1791297962225524,0.0957385511004882,0.5989369734432186,0.5257400438884422,0.5259285624879113,0.6324191384707394,0.5597690879655873,0.6488358886414718,0.6419180683172048,0.6571869749810614,0.6547564892432741,0.6537222109378459,0.5665283993361885,0.6349096598542127,0.6599788381622027,0.6740958010495224,0.7107655496360096,0.6103347039095705,0.6187200964108536,0.6172120651199694,0.48480528935954,0.5384131124013175,0.116017435309841,0.0811738554973246,0.1022189636721917,0.1735369360987627,0.1704745996841274,0.5934203960931714,0.5363178931788893,0.279467738423209,0.296268818219663,0.2210735884662956,0.213827621411339,0.5644041574092773,0.5519356542668777,0.6605502470140889,0.6591296586138656,0.6319148346014498,0.5537463663099467,0.6170860030014998,0.608971073636881,0.103591319377148,0.1087595786641372,0.5317034984630203,0.4938109517909553,0.5784377697635759,0.5187333263292543,0.6958992769255837,0.6306920406151582,0.7010973424592151,0.1949605192947901,0.5117584211955273,0.1535118784554747,0.1532484755045048,0.6652682700382507,0.5420735251620791,0.7011939088870225,0.6142559828794122,0.1962463960000655,0.4907264025145524,0.5397660465044458,0.2890004987333803,0.5393438691000241,0.1745624457332498,0.6050766779669641,0.7169306507420339,0.5174351593449217,0.6595390786399965,0.6278768772803627,0.6744083970251615,0.5301761367729544,0.5063401257199526,0.5989876795143708,0.1840856472346289,0.1761071650027475,0.5115157962224014,0.451008791196558,0.3406492033159817,0.6513628178362061,0.6574317458901473,0.7198947140555118,0.5488198442642169,0.1811218120997186,0.5284815712931085,0.3938932515972737,0.1945028145941208,0.5324496849447673,0.6445847260797151,0.5657312969533225,0.6097588960889342,0.116017435309841,0.5590277437153816,0.1087595786641372,0.0957385511004882,0.5597690879655873,0.6537222109378459,0.7107655496360096,0.5384131124013175,0.0971293289471294,0.717590975120083,0.7645836834271336,0.7914322678731045,0.7803661792347868,0.7537113971752243,0.7927435633037802,0.792101759431189,0.7882581347057717,0.7147422011062979,0.7537113971752243,0.7122912136945078,0.8265136537744893,0.7022298937949701,0.7070819043891448
isolated_label_f1,tabula_muris,0.0212567948165066,0.0212671669202022,0.0018024130656955,0.007502682899849,0.0195404542550274,0.0247020066343183,0.0247020066343183,0.0252349145835593,0.0238774897663338,0.0022953679474819,0.0219614060826153,0.0219394389541984,0.0255417869065806,0.100506249293571,0.0033853441632066,0.0219504175708555,0.0401230317219849,0.040223637210747,0.0145385412385027,0.0188558860334341,0.0219504175708555,0.032379108839971,0.037001728623361,0.0332020893737519,0.0255707314248743,0.1189377325346688,0.0234829671117686,0.0234963742804887,0.0211535709174179,0.0234294767977621,0.0255417869065806,0.0255707314248743,0.0251849644967475,0.0244917656994631,0.0047356805837095,0.0114190484836054,0.0128296215149193,0.0126941698854929,0.0105314025949213,0.0120490133078489,0.0193954362241051,0.0198909017021209,0.0016752423118343,0.0108441694461899,0.0255273370734551,0.0255417869065806,0.0387736456920842,0.0387736456920842,0.0400896019327105,0.0369397728988556,0.0234829671117686,0.0234829671117686,0.0242710701607434,0.0255707314248743,0.0119215604294781,0.0117389140759187,0.8977109091811907,0.3360508105033652,0.0396270396270395,0.0424892227236473,0.0424519737081017,0.0521348402794128,0.0253550962494441,0.0149401004440282,0.015327223666049,0.0097917037564536,0.0255129021601367,0.0329288134581224,0.0399896269516203,0.0213850515774867,0.0240270727580372,0.0117255694392895,0.0043737160191876,0.8977109091811907,0.0226538694757565,0.0252349145835593,0.0210473246969597,0.051403273564516,0.0070238259192948,0.0518067765701719,0.0319181996649763,0.0518611796459938,0.0223056186240844,0.0518611796459938,0.0245196093972125,0.0255417869065806,0.0124031175241297,0.0252329566184748,0.0212775481102787,0.024184888999151,0.0219614060826153,0.0320147824850962,0.0321606793569008,0.0235097953282656,0.0255852261564733,0.0115934923920542,0.0212671669202022,0.0247020066343183,0.0255273370734551,0.040223637210747,0.0385146874157831,0.0234963742804887,0.0255417869065806,0.0120799019718847,0.0176155717761557,0.0118262711424447,0.0033853441632066,0.0188558860334341,0.0255707314248743,0.0234294767977621,0.0047356805837095,0.0022953679474819,0.0215835360908353,0.0224849774646219,0.0226016593623329,0.0212383279125885,0.0226538694757565,0.0214343645000579,0.0236583490705241,0.0216085794965862,0.0226016593623329,0.0226538694757565,0.0226016593623329,0.0225756357143218,0.0224849774646219,0.0225756357143218
kbet,dkd,0.3937189584646906,0.3854394640087061,0.6816062930550122,0.7074194116923674,0.4050464054151794,0.6462256594365126,0.6863565752109216,0.6754050559624328,0.744516688277356,0.7909766748779429,0.1896817733451985,0.2167279416437763,0.2259648981851587,0.3555728132176676,0.3129241851557598,0.1821446278343171,0.2013776174073049,0.1997510311878909,0.2806086910268945,0.3103698926550579,0.1694788289375378,0.17602919980012,0.1755469576523548,0.2338339004305037,0.2251042812525428,0.2380295978700543,0.2742067473928363,0.2563460376168411,0.4025687820009672,0.3630800245833575,0.2569522527427254,0.3003448635283341,0.2803287430066197,0.4690570015154635,0.3782177665025795,0.2614482735236859,0.2974078912376316,0.2941625947343156,0.3688774827271571,0.3941284646753133,0.5831266697680588,0.5736044734029317,0.7563356550509186,0.7043722340061279,0.254523660415219,0.239939134480821,0.2332609974668593,0.206087908599072,0.177491192630135,0.1735904448619439,0.2955279506031238,0.2734823027681342,0.2962543871633552,0.2786485409404897,0.312518581273408,0.3096374680022192,0.2892969141274664,0.6363513920594184,0.2225721199010531,0.2039751452537336,0.1795506604517019,0.209199655479733,0.2527109842190603,0.2469714073582718,0.6421170403395166,0.8134763931293094,0.2939644439682738,0.2455070297596249,0.2148841437011195,0.3075773274057355,0.3718245690152398,0.3318320596624172,0.6035882659913975,0.2934734431581875,0.7145196699931232,0.638380285798416,0.3053110550263386,0.2126408994566451,0.2464897130990068,0.1921432917002248,0.2093151603788614,0.1610115251871265,0.3321340954416839,0.1727964802734406,0.4160950405364114,0.2445342515420992,0.3212940206636976,0.2551091243648234,0.5942384569165197,0.6810828527318498,0.2273920643548557,0.2244648581701236,0.1932643690309175,0.2977155911419473,0.3198815792535703,0.3328128266235275,0.4050454675841918,0.6551121907325664,0.2592416374804279,0.2025740114279941,0.1818146131016454,0.2576058992631236,0.2668353944652143,0.2624273364584596,0.4101279366666714,0.3148477903584198,0.3129241851557598,0.3103698926550579,0.2251042812525428,0.3630800245833575,0.3782177665025795,0.7342310077638398,0.3255133191984732,0.3352988754942909,0.3265836803336908,0.3566034601521076,0.3422931454264155,0.3401252004493198,0.342733623984107,0.3245485176613019,0.3365651214211067,0.3422931454264155,0.3235576454723665,0.3294426090617017,0.2841879524893872,0.295369693396853
kbet,gtex_v9,0.2932819074913286,0.2836662299754627,0.3111749656028406,0.302268603988006,0.2950531657600176,0.3171429778477764,0.3254008805707823,0.3347971610359737,0.2439113440438493,0.2323775124572286,0.3050417699719437,0.3308759715919273,0.3327044142188003,0.2426550003136987,0.3188459979426621,0.2792205404834524,0.270484581563944,0.2848138921128321,0.2399552070970886,0.2832330936405667,0.2760085774327515,0.2567297581268137,0.2830535303426653,0.299605790078238,0.2787096042839713,0.3192903926383041,0.3461832523417346,0.340837604942546,0.3756933080931504,0.3755521160095839,0.2778876238469188,0.2705994194569257,0.2710184875124544,0.2467223060766464,0.2915425607171784,0.256058854382823,0.2424935635705405,0.2458802907974694,0.2386344282725589,0.2680498934202054,0.3065017779182256,0.2970329676224176,0.3120749229911005,0.3134535147651486,0.3396759624084385,0.3384291598998957,0.2695564823725985,0.2854706599305101,0.2614574549262703,0.2691383776094652,0.3613125864856856,0.3328885199445533,0.274243934411064,0.2672103731467374,0.2498441438424165,0.2488739543626613,0.2614119630220559,0.241877209236666,0.2816553351578058,0.2480026839129636,0.2463129046740233,0.2195863904112759,0.2412973140114994,0.234396726662507,0.3156071080859237,0.3076231885549456,0.3211594305912218,0.2871809680923063,0.2646855757642376,0.3576681573995238,0.2867384580447557,0.2535932326576016,0.3015721996221079,0.250425700231016,0.2858841679132897,0.2772695383848136,0.3188282975537096,0.2791972111232509,0.2890629841002902,0.2279517173537562,0.2793855364528331,0.207158230677613,0.3562279527947964,0.213700119375938,0.2936985982077105,0.2432587301158087,0.2344628598486666,0.231252061831122,0.3256161798904471,0.3126488182042672,0.3423947081688274,0.2754882758182674,0.2576742934539085,0.3347008851419699,0.2828343480839709,0.2319794632068083,0.2967144975541334,0.3225189912124593,0.339705520655489,0.2842876149539781,0.262141774609863,0.3365474962068652,0.262018716091674,0.2574834683626364,0.2970728478985012,0.2527268735513469,0.3188459979426621,0.2832330936405667,0.2787096042839713,0.3755521160095839,0.2915425607171784,0.2323775124572286,0.2885374379940976,0.2862938437206067,0.2911817664132628,0.2917580805273018,0.2999797865107622,0.2959067643679033,0.2986735774877334,0.2861284064550052,0.2907576350884784,0.2999797865107622,0.2886522310902215,0.2869110810821964,0.2810376883327322,0.2825153328636898
kbet,hypomap,0.8773766117722781,0.9297599395071088,0.9122412747302252,0.918235196134979,0.8469471745872711,0.9502134032704987,0.9633528890927094,0.9625825180912796,0.9531695050159756,0.7704637962925872,0.9760427807890876,0.9688009480169992,0.9560888055125216,0.8085761220370913,0.9206106852987692,0.9631490793479326,0.9378890584194732,0.985219449722479,0.8353202896179454,0.886067613551942,0.9364803967366624,0.9295941840081262,0.9401499267935232,0.9601006988279636,0.9352415133207648,0.9469695924372676,0.9434745805841148,0.9263417141470812,0.9378397449937518,0.9002365362296749,0.9636220104153764,1.0,0.9979189571511248,0.9618403833264416,0.9527334143574194,0.807281784267253,0.769455754162905,0.7900586230213993,0.8057245308243535,0.6889232985052229,0.8907976678942989,0.8849903836910733,0.943222618382184,0.951714033731558,0.9348471530900532,0.9229863231942296,0.8834963600134201,0.9279244098627965,0.9450597310409768,0.9491141966146948,0.9226616019760906,0.9328964282034128,0.9609949842332598,0.9769394103932544,0.8096052161409446,0.7772888928847734,0.95369502081943,0.9637195131596328,0.984411318035636,0.9766760585810388,0.9556004599445218,1.0,0.9764461752146816,0.8557435323286654,0.938939868705511,0.9351122466664312,0.9298690442427529,0.9496037654574327,0.9420880475892316,0.9163529912429524,0.9586969804800332,0.7302810458207857,0.9026244224016008,0.9522537829262766,0.9564513241299484,0.9769566770183916,0.963982560002426,0.9700843339667192,0.8577481028400216,0.9686047073144688,0.9421500026374968,0.9663009267732778,0.9490044903609064,1.0,0.9490546911223698,0.9700098191445604,0.7761250544162626,0.8652063997437135,0.9494121910273275,0.961184022939306,0.988645587300629,0.9810008755038298,0.935733952049888,0.9471682216519542,0.9963333116343268,0.7643392768548873,0.8995838140315663,0.9489926940540704,0.9647013061719824,0.9727033127950556,0.9361968123508264,0.94596131541232,0.9646602017316968,0.8079909535429529,0.8887019058815115,0.804951756985986,0.9085778834996984,0.8757763505907379,0.909102121510979,0.922110095620218,0.9668195589575016,0.9532927694925776,0.9649763263225946,0.9578155435603988,0.950877078961189,0.9590430402231942,0.9688656935192866,0.9694933745949192,0.953130575024117,0.9474724099440068,0.9647358936893944,0.9568664836315426,0.9660158555608874,0.957099651503246,0.9940760649436496,1.0
kbet,immune_cell_atlas,0.2829807016413461,0.2465688299715705,0.406607433860874,0.3969949605187337,0.2369627181160174,0.6164428976829339,0.5641579033349532,0.5878480037753527,0.5176400274691384,0.601577759259008,0.1696820808905597,0.2006176820149092,0.1838799523040413,0.2860476213581125,0.2796149275748775,0.1719755101893656,0.1847762140785175,0.1803229721948782,0.3024287441459601,0.2954887352583966,0.1555638823021431,0.1635908309591648,0.1628140302891556,0.219232523462554,0.2102524949524012,0.1875081617507988,0.2030862555018451,0.2034837967427405,0.2810995276618261,0.3022978313843145,0.1957865424204352,0.2016370649242708,0.2133179346038972,0.3349707865465724,0.3470995065133903,0.2299477523992708,0.2204067903989902,0.2310101709537395,0.254414347609893,0.2567403306447559,0.3686634644573366,0.3542425230782414,0.647453059541253,0.6410069382058557,0.2340744792077068,0.2018791532205798,0.2323729779449073,0.2044931617368084,0.171331045243694,0.1714167452766365,0.2223504040569164,0.2162789658025278,0.2326338152702489,0.2106409410228076,0.2358285340501804,0.2281279173574186,0.1802641398892017,0.4980638970184945,0.185525730989808,0.161494873460633,0.165508844686585,0.1523561027202767,0.2014653449754428,0.229968549138806,0.3841347309767367,0.6237186311107815,0.2481000015540061,0.2544275045163627,0.1731450390459678,0.2603582595196347,0.266345141150022,0.2372219833697613,0.390315498216346,0.1634339489422902,0.5800869167444743,0.5136042947918635,0.2480660229370183,0.1879181801099798,0.2656970752380602,0.1343782678060401,0.1888757828703038,0.1553538029325243,0.2481284951738253,0.1498166283812856,0.2917073659822276,0.2001437974326067,0.2399878302999742,0.2288464564704997,0.3506564993527944,0.5749032434222242,0.2116617897629001,0.223410101644999,0.1822624919788149,0.2352717321010544,0.2401021905154519,0.2353032285534533,0.2417387330501897,0.6157289807882261,0.23839381359588,0.1999044821762663,0.1696544593970758,0.19880447396708,0.1959425644132334,0.2305176901187386,0.2959002044707772,0.2354776238147992,0.2796149275748775,0.2954887352583966,0.2102524949524012,0.3022978313843145,0.3470995065133903,0.6526265335660475,0.2315057704696192,0.2326712094903214,0.239211789616609,0.2609948117075828,0.2717190150950081,0.2357027050943766,0.2459363859825493,0.2329393780117282,0.2413936061399582,0.2606181029726164,0.2313091516055283,0.2389057058942257,0.2058381703030767,0.2142331276506948
kbet,mouse_pancreas_atlas,0.7425280276157976,0.7332974605074326,0.6701803496390996,0.7631363909769605,0.9457439423071426,0.779297757983928,0.7853019392788956,0.7554850684239137,0.5928730578727305,0.7780465300187324,0.7888962864001414,0.6089554650568844,0.6577382153398712,0.9156371802974286,0.7617752836504532,0.4960843350179605,0.6704316526721115,0.7252092352461484,0.4700053243699865,0.5068280534643943,0.6444047349889979,0.8886740955008177,0.692269617525058,0.7359511957316036,0.6309593852872304,0.7741111817103016,0.7133509482311428,0.6579339927299063,0.7728206070611214,0.7222765525277144,0.632581746557125,0.6273033592287806,0.6482475274860326,0.9561624856714572,0.8377841389067185,0.970811886195074,0.9567008594543231,0.9775021760014596,0.7533304690255671,0.7598109170554056,0.7469704503645587,0.7424396799465789,0.7813889123623242,0.7761541925621767,0.6658134660437799,0.6419673634629571,0.6018927984479924,0.8547519184194191,0.7980250252097083,0.6922388835130509,0.683956127257605,0.680099644343954,0.7998237057372748,0.6683442599671781,0.9729283028815364,0.9487335049497632,0.9352358618908736,0.7589608571840519,0.6610791869102859,0.850263081724122,0.7267055700681403,0.7031633400680162,0.6425627717195274,0.9315701720378606,0.6592252596548724,0.7985430463328052,0.738052740097819,0.6270763833940871,0.5869316521385263,0.6961109784265491,0.8758639348062448,0.7439068609935299,0.7676595067689633,0.9205361151115488,0.7975430815326892,0.7414928590860368,0.8866697684618584,0.796532859607704,0.6786996014994752,0.7663265815410025,0.7349823487678158,0.7838687154896243,0.7284981261524195,0.793472110914275,0.9077057010687444,0.6416676746452875,0.990578001261179,0.9034955020258107,0.7753962145429528,0.8178752541969833,0.701655984558826,0.6829125981673506,0.9237243234628084,0.7265137905709614,0.6707331703456667,0.9862328061680088,0.7054444614558031,0.773787873403704,0.7383473495585896,0.657210881134632,0.7250496100599447,0.6651203859746183,0.8745763810263544,0.9719187403145192,0.7295375524124098,0.798152408417478,0.7617752836504532,0.5068280534643943,0.6309593852872304,0.7222765525277144,0.8377841389067185,0.7780465300187324,0.8942452105261508,0.8171083999638096,0.8088287165113475,0.9296681459805428,0.9231567324531228,0.8109115168368167,0.8972923970487341,0.7989033396731829,0.9113921562790482,0.9231567324531228,0.804495776986056,0.7989991010589736,0.8494128898709545,0.8418407488444177
kbet,tabula_sapiens,0.3389485419841438,0.3427652829049019,0.3629922606489572,0.3566143601544363,0.3366150541754221,0.3493819276352992,0.321121312068262,0.3349300595399305,0.2461400295422437,0.2492123460070942,0.3248080549056065,0.3413754716083067,0.3465386266450722,0.350797793434573,0.3706290141161242,0.334096966966852,0.3315423789827866,0.3361184616180112,0.3502513744642593,0.3545082081769018,0.338882315187385,0.3335905340503366,0.3403618014260667,0.3319131622362917,0.3364579866352454,0.3839954433544401,0.3814888071736073,0.3943467081885543,0.4075942851787882,0.4146178393593355,0.3662201282003236,0.3625450375561889,0.3629687975041144,0.3786926423712919,0.3761345724516943,0.3301948053004973,0.3266291312437985,0.3373203920995438,0.3369083056008092,0.3316836870904754,0.3433548499647544,0.346170946675931,0.3259461850167051,0.336563373504439,0.3598814190522678,0.3504081288480624,0.3347582564252399,0.3446460170139411,0.3462607740176951,0.3452821153827698,0.3918461973618279,0.3862050845521417,0.3633768513146262,0.3697156281817301,0.3107257158217777,0.3153618554214961,0.3249684128086684,0.3240818653855188,0.3249136214631207,0.3313478964888707,0.3343309693225502,0.3382006380814312,0.3467958706909501,0.3190922263539749,0.3378696735316712,0.284388047097897,0.3689067347252723,0.3360257368328858,0.3427236056646223,0.3995183911809757,0.3723044255584302,0.3314173156064123,0.3545069292902824,0.3172140976356214,0.2797465038943926,0.3045554681413396,0.3520913497781871,0.3308878968829361,0.3492961387609614,0.3133619648364926,0.3408569302546384,0.3127517144322906,0.4022555839364511,0.3109458066262114,0.382368654736167,0.35045732070428,0.3305223230908377,0.3215137884163909,0.3461581268382979,0.3378578319197722,0.3314873296768034,0.3341572994512075,0.34003268236149,0.3896013520866438,0.3643417304553109,0.312739916791207,0.3369767651496164,0.3477428369252824,0.3524187556864588,0.3419077226188002,0.3425951488166073,0.3985651243672573,0.3628733975032444,0.3314760372146699,0.3429432419634622,0.3165534061881767,0.3706290141161242,0.3545082081769018,0.3364579866352454,0.4146178393593355,0.3761345724516943,0.2492123460070942,0.3983953756362309,0.399964429743717,0.3965908597436783,0.3964431109031256,0.3922351509838712,0.3844276666969633,0.3963715408357859,0.3863450271930442,0.3981640174278515,0.3922351509838712,0.3976942362120572,0.3966271009198032,0.3822682928137502,0.3870059224546866
kbet,celegans_embryo,0.3841935805179775,0.3934308232104519,0.4155369549636289,0.4209803703966614,0.3984790684284137,0.5599547440139911,0.5680185987138409,0.5664757249666218,0.5620746252394077,0.4769055186898213,0.2828695765885416,0.3397006338910831,0.3247180121725465,0.3821804104067142,0.3935533666484703,0.2799838214847839,0.2882511942328233,0.293651005214089,0.3408629647977559,0.336594686026706,0.2764026416303545,0.2687239975254666,0.2805900100659304,0.3175990034728929,0.3173232290476012,0.3543692923032315,0.3597643121403717,0.3620682265643554,0.4102280198643376,0.4017402332455106,0.3569270600743112,0.3770701495748164,0.3698549216839206,0.4266612711804886,0.3931048497671839,0.4104929415211827,0.3895853659279593,0.4073636102757255,0.4053419576709045,0.4214422308114341,0.3889444339940581,0.3905880731625131,0.5990379231545719,0.5760049450062014,0.3466890883873271,0.337091691681581,0.3104311660623807,0.2939372479602861,0.292318611624083,0.2873143601468276,0.3844410161187258,0.3745479490270935,0.3694441832183346,0.370980790026697,0.4034895081898888,0.4074498048618506,0.3639905683536503,0.5323229912463914,0.3125806029299902,0.2557925417131734,0.2474256392368858,0.2862914182913282,0.339348893866403,0.3580081272361808,0.404004824262732,0.5921898897828863,0.3734651341627995,0.3238418743176634,0.302219496401903,0.3948031427786513,0.3891787796990736,0.4136941748498824,0.4038400129827227,0.3557138487156815,0.5436475549567226,0.5234707988043191,0.3666071116503817,0.3004283202135225,0.3193718418359563,0.2494863557155301,0.3083201872647442,0.2400849968720139,0.3960963455187049,0.2782905888617477,0.4013097899056954,0.3270828099065382,0.4162277914309022,0.3349299724396623,0.3900712628707272,0.5556414363778535,0.3495033338665455,0.307537860620509,0.2793089111246317,0.3817123628535917,0.381680795044644,0.4011852052411647,0.3964817708017925,0.56138150487067,0.3364525890355965,0.2946980120747107,0.2777487502065751,0.3615726336275354,0.3607026627988763,0.405735490205219,0.3873663815771125,0.4116660764669186,0.3935533666484703,0.336594686026706,0.3173232290476012,0.3710084685724002,0.3931048497671839,0.5925550330031749,0.4212319438327546,0.4233654944747747,0.4197559510087807,0.4348854446034673,0.438097646011625,0.4289787674385291,0.4302001296437682,0.4212913716162631,0.4270880622071657,0.4295256460669183,0.4221682129405633,0.428613016613187,0.4170127488568975,0.4222178667837127
kbet,ocular_atlas,0.5904852515140018,0.5783703285331941,0.7021769452041167,0.6907048766508934,0.5690034243434736,0.7570908701520298,0.7408641575517376,0.7592126823003505,0.691204696908378,0.7200376444956449,0.4631335517754161,0.484265563922399,0.4889133413522838,0.6724477197641049,0.652954880964237,0.3494261327167276,0.3598311188025382,0.3616246357488328,0.6019151056413649,0.5746057583361524,0.3724557062011417,0.3924581067723335,0.4075776305967334,0.5309881571953378,0.5138946297573708,0.4460358071731928,0.4755922249956681,0.4360424491752377,0.5986513063526532,0.5951935811565766,0.3783097475781488,0.3806107325298096,0.3847575432867021,0.6369000175993587,0.4725083654043363,0.5735894524637953,0.5833602533059662,0.5827514789762389,0.6063552268033209,0.5953325156862254,0.636277890879047,0.6290994742274122,0.7468470823224796,0.7637745318030977,0.5565875640560729,0.5505991920730559,0.3793249074162694,0.3740429036956647,0.4315934809025713,0.3765787834832801,0.4972044545376757,0.4628646669123064,0.4467689642900086,0.4105210323888797,0.5879226316543255,0.5937844700418808,0.4548562097635473,0.7009284241050416,0.4439018030073979,0.2963732840679487,0.3145282901740917,0.3684989742019597,0.3487985019539169,0.583899978954992,0.6585227888806091,0.7406576949673205,0.596917644668364,0.5104382230566235,0.4572116944687066,0.5243121118262967,0.4819142902246334,0.5876020200009091,0.6672124637907039,0.4298428690407183,0.7223500727385753,0.7058377667571484,0.6399874558496885,0.44002734721357,0.5191970486390781,0.2815191713863966,0.5190050937123023,0.2965321736979101,0.5638898472103129,0.305657910995993,0.5400772126242235,0.3445970264538333,0.5935772772232887,0.5876979571412136,0.6468006928208995,0.71675969683908,0.6070580506867901,0.442119452386056,0.4892721051977182,0.5241625025113542,0.4427706565572658,0.5683400414307279,0.5848844474576651,0.7581658322584929,0.5497440018642337,0.3788179437633048,0.3919920433209614,0.4429566769066467,0.4163167528371044,0.5744373750386956,0.6743593303022424,0.593443091110071,0.652954880964237,0.5746057583361524,0.5138946297573708,0.5951935811565766,0.4725083654043363,0.7200376444956449,0.5199970218818416,0.530201995830604,0.523051888255222,0.6243772616605688,0.6001687172361947,0.5859378659753289,0.5547749538535298,0.5522095446854487,0.531577895334758,0.6001687172361947,0.5180601108163261,0.5283602995339518,0.4927160751642329,0.4998292705273191
kbet,tabula_muris,0.575074607203567,0.5807153947034008,0.6325190605257358,0.6251899003236407,0.5841557401912034,0.6158584689477743,0.6471573600733904,0.6001065742959076,0.5724613720766137,0.58398860233852,0.5922729430722585,0.5904542204463283,0.6015518873683852,0.6236826047685184,0.6520811716613216,0.5371556422667363,0.5242157940544612,0.5257025469279809,0.5937660487481746,0.5714610272420758,0.548516723485516,0.5506796301941297,0.5386341982943936,0.5550831704400008,0.5620464213957415,0.6074234847774553,0.601004883797188,0.5985025489897903,0.6326678792212123,0.6100996515088866,0.5621667766688504,0.5468767329061958,0.5534893742278851,0.5610291529024211,0.6053470118933099,0.614367960821132,0.6151933454029375,0.6152284202832562,0.634158271759358,0.6224239911669495,0.5797212611402413,0.5663104069053139,0.6232315077127193,0.6033009257031094,0.6034602821356345,0.6123648845364476,0.542829589253796,0.5427909152993163,0.5407096918260489,0.5408285691395502,0.6000153645918804,0.6097822329262922,0.5626554386883811,0.5523984346673642,0.6254068905831249,0.620855686239211,0.441219082887091,0.6100521243725913,0.5655101737780885,0.4423095213131057,0.4565685303761703,0.4340684305178321,0.4519216762058635,0.4601225869701525,0.6016439055418621,0.5883048057260774,0.6444386098004916,0.5459558517139327,0.5574678725777377,0.6068770533251009,0.5798763909657888,0.6255030428929106,0.5986992672577125,0.4090407663934994,0.6082244742247817,0.5496035123973483,0.6154530857385575,0.5131224045228403,0.5362994498253438,0.4033043334888468,0.550594565321934,0.3895215096566642,0.6212098002048019,0.4402488241674491,0.5747661377615515,0.5339081648819234,0.6350209159340069,0.4508677812855188,0.5842065005863104,0.6151910134064308,0.6171700812646045,0.5351077339087154,0.5379914250653319,0.5963064967034398,0.5657235923802313,0.6012327326458152,0.5697420903994014,0.5965774305829019,0.6033489956927602,0.5333721148716553,0.5455131092187294,0.6068859710407063,0.5613897085737595,0.6161447835123459,0.5852103150740298,0.616996196919132,0.6520811716613216,0.5714610272420758,0.5620464213957415,0.6100996515088866,0.6053470118933099,0.58398860233852,0.6941140513699138,0.6806744452603243,0.687837207083111,0.7013294077171115,0.7009179842661484,0.6637822733398221,0.6912233523004357,0.6693931557630014,0.6863464247992456,0.7009179842661484,0.695905274682521,0.6910069769720321,0.6210025386709018,0.6847123010089432
kbet_pg,dkd,0.0405119554448817,0.0395212466864807,0.3448737515730848,0.3752376362224543,0.0423862693121267,0.2607170589337831,0.3061557822582804,0.2712667684151337,0.3415803143492115,0.7833293169464749,0.003266661311484,0.0062387875866869,0.0106300372185181,0.0301229014378664,0.0427343561731865,0.0026508153265321,0.0079256700672075,0.0062387875866869,0.2693389027231102,0.0504993707660587,0.0022491766406939,0.0039360591212144,0.0034273167858194,0.0526146678448067,0.025463892682143,0.0146196481645111,0.0236699065520657,0.0168152729804267,0.1131550057568211,0.079711891182692,0.0352906525289848,0.0723217393632687,0.0469649503306825,0.4840817200846119,0.2513187136851688,0.0098803116716201,0.0090234824751652,0.0089163788256084,0.0165475138565346,0.0167081693308698,0.1603877152113958,0.1505074035397755,0.4660347551342811,0.2957667282512651,0.0166278415937022,0.0128256620344337,0.0089163788256084,0.0078453423300398,0.0054355102150105,0.003266661311484,0.0279808284467292,0.0239376656759578,0.0725627225747717,0.0525075641952498,0.0098267598468417,0.0094786729857819,0.0147803036388464,0.1906980480359868,0.008621843789327,0.0075240313813692,0.0037486277344899,0.0075775832061476,0.033817977347578,0.0071491686079202,0.2121187779473586,0.683294508260369,0.030819075159986,0.0144322167777867,0.0115671941521407,0.0391196080006425,0.1403861086566524,0.0111387795539132,0.2226417115163199,0.0141644576538945,0.2980962326291267,0.2223471764800385,0.0202425897662462,0.0066672021849144,0.1207325889629689,0.004873216054837,0.024714167135245,0.0024633839398076,0.0591479904677751,0.0034273167858194,0.3564141698128364,0.034058960559081,0.0113262109406377,0.0074704795565908,0.171392615203363,0.2862612793530939,0.0059442525504055,0.0315955766192732,0.0069885131335849,0.0400032131094866,0.1381369320159584,0.0098535357592309,0.0423862693121267,0.2633410983479262,0.0149945109379601,0.0079256700672075,0.0056497175141242,0.0165475138565346,0.0396551262484268,0.0098803116716201,0.0413955605537258,0.0099338634963986,0.0427343561731865,0.0504993707660587,0.025463892682143,0.079711891182692,0.2513187136851688,0.4104747369266608,0.0445818941280423,0.0483037459501432,0.0464562079952873,0.0542212225881596,0.0578627466730928,0.0536321525155969,0.0533911693040939,0.0476075722280235,0.049535437920047,0.0578627466730928,0.0445818941280423,0.044796101427156,0.0434305298953061,0.0431092189466356
kbet_pg,gtex_v9,0.0139713836670544,0.0063784622292979,0.1158685934725369,0.1340344539015777,0.0049956116179861,0.112658951278754,0.1131794337966647,0.1190221051987018,0.1743004102626905,0.3617761721062193,0.0055518135243809,0.0066131896393361,0.0063478456105974,0.0126548690629272,0.021253036148021,0.0019900802155409,0.003515808380789,0.0023829934888657,0.0650194925805726,0.0320811136284774,0.0018829220500887,0.0027197762945726,0.0022911436327638,0.0235288714714346,0.0134611066887105,0.003597452697324,0.0044751291000754,0.0042301961504704,0.1104188353438245,0.1023666646255586,0.0019237442083562,0.0030565591002796,0.0027452901434897,0.1509348274243259,0.2016308452227869,0.0017196334170187,0.0013063090645602,0.0014747004674136,0.0041332435245851,0.0036331720858081,0.0198497744575755,0.0160226971199967,0.1660594370624374,0.1127610066744228,0.0084195701426733,0.0060314738840242,0.0030106341722286,0.0022452187047128,0.0023370685608147,0.0021431633090441,0.0056895883085338,0.0038934133447635,0.0051640030208396,0.0025922070499866,0.0014287755393626,0.0013879533810952,0.0034086502153368,0.0358163411099544,0.0029749147837446,0.0008929847121016,0.0006684628416303,0.0005153797481272,0.0020053885248912,0.0020206968342415,0.046624007511277,0.2194139979180699,0.0116496234155899,0.0087818667972975,0.0041689629130691,0.0139407670483537,0.014129569530341,0.0016635029494008,0.05777355948809,0.0041893739922028,0.135549976527259,0.0892882656706059,0.0083838507541892,0.0036178637764578,0.0189618925152572,0.0004643520502928,0.0075725103586226,0.0003776049639743,0.0281009531973954,0.0003112689567897,0.0268099524421855,0.0017961749637702,0.0019135386687894,0.0021584716183944,0.0331731063621333,0.1221807196946501,0.0064652093156164,0.0039801604310819,0.0033780335966362,0.0064345926969158,0.0112311962933479,0.0011736370501908,0.0049956116179861,0.1127814177535566,0.0070571306104953,0.0025871042802032,0.002352376870165,0.0042557099993875,0.0021584716183944,0.0017196334170187,0.0160226971199967,0.0014134672300123,0.021253036148021,0.0320811136284774,0.0134611066887105,0.1023666646255586,0.2016308452227869,0.3617761721062193,0.0046741371216295,0.0053119833445593,0.0045771844957441,0.0095472822648133,0.0084144673728899,0.0067713755026227,0.0065774702508521,0.0051946196395403,0.005541607984814,0.0084144673728899,0.0046741371216295,0.0048731451431836,0.004306737697222,0.004342457085706
kbet_pg,hypomap,0.4158422875410713,0.4135156735636272,0.4343841577124591,0.351673918834917,0.4308143148921056,0.5131871059408579,0.4926738300328573,0.4313116064292693,0.3547109492940237,0.0,0.6101056744516471,0.5851167747091732,0.5354409022289318,0.3764141728088091,0.1072018470828522,0.6978953911730756,0.7008436195719744,0.6909155492407426,0.7494716277417635,0.4256282745759705,0.6998845573217299,0.6996536719651897,0.6629606606873283,0.4629606606873281,0.4874167480685552,0.3855075037740874,0.3769647455820976,0.3484060030192701,0.5770890684663887,0.3229020513275908,0.574300683775864,0.5400053281236129,0.5083917946896372,0.2903116952313291,0.1609270935085693,0.0,0.0,0.0,0.0,0.0,0.1518692833673741,0.3528283456176187,0.0757836781813337,0.2335316579344639,0.4327679602166768,0.4536009235414264,0.5568244383269692,0.6415060829411248,0.6260545244649675,0.6597460261078061,0.3722227155670016,0.3833052126809343,0.3702157890063049,0.5184086670810761,0.0,0.0,0.8310274398366047,0.7632892283100969,0.5766628185773912,0.7170233549418351,0.7314625699316225,0.8989254950714857,0.5989698961015898,0.0,0.1384601722759966,0.0,0.3997868750555015,0.4860491963413555,0.5905692212059325,0.3531302726223252,0.3101323150697096,0.0,0.5266494982683602,0.835059053370038,0.4683420655359204,0.8903116952313296,0.4930467986857293,0.562170322351479,0.7701980285942637,0.7154604386821775,0.6293224402806145,0.8938282568155584,0.5199893437527753,0.6566379540005332,0.4321463457952229,0.6129118195542141,0.0,0.0,0.4929224758014384,0.4670633158689286,0.526454133735903,0.7881538051682799,0.6998135156735638,0.5335050173164022,0.4992984637243582,0.0,0.4308143148921056,0.5131871059408579,0.5452446496758727,0.7120859603942812,0.6998845573217299,0.3855075037740874,0.574300683775864,0.0,0.4297842109936949,0.0,0.3407867862534408,0.5459728265695768,0.574584850368529,0.3824704733149808,0.3102211171299174,0.406500310807211,0.6766539383713701,0.6572240475979048,0.6575082141905698,0.5648166237456713,0.6008702601900363,0.6074593730574549,0.6228221294734037,0.6316490542580593,0.6410975934641688,0.629908533877986,0.6766539383713701,0.642358582719119,0.7718319865020867,0.795986146878608
kbet_pg,immune_cell_atlas,0.0404588809396072,0.0251478577096431,0.1712643641235033,0.1195358504749758,0.0227577189595185,0.2786021543374271,0.280301594389599,0.2868359253274393,0.3337006351215469,0.6781344067540696,0.0006135974479485,0.0014424358854917,0.0012721706250662,0.0224493139595025,0.0226517047407631,0.0003758685937695,0.0019885697396868,0.0014745614063267,0.0484613481796072,0.0673061787014221,0.0003822936979365,0.000693911250036,0.0009605530729666,0.0090047834900522,0.0078386270837415,0.0070354890628664,0.0088955567192133,0.0088666437504617,0.0480083783358337,0.0393601881270499,0.0113242460943397,0.0200752379697955,0.024858728022128,0.115976342766457,0.1810144596969277,0.0059175209378081,0.0061809502086552,0.0054260004690325,0.0179935042196871,0.0184882372405462,0.0544109946382505,0.0580411784926063,0.376565717571696,0.3292126998608965,0.0050501318752629,0.0023869261980409,0.0068073978649378,0.0046228624481574,0.0014874116146607,0.0012143446875631,0.0131136376048496,0.0114688109380972,0.0380494668769817,0.0280263043764596,0.0066467702607628,0.0057536807815496,0.0059496464586431,0.0788906415145254,0.0013010835938177,0.0012143446875631,0.0007099740104535,0.0038293620835327,0.0138589496882217,0.0057536807815496,0.0549571284924456,0.518432017579085,0.0102223407296989,0.0192046363551668,0.0025154282813809,0.0228958586991091,0.0632840634928793,0.0083976111462706,0.0859839565148949,0.0031097504168285,0.3055908043909162,0.1208754846937955,0.0070258514066158,0.0016576768750863,0.0158443068758251,0.000456182395857,0.003157938698081,0.0004786702604415,0.0213666839073627,0.0031804265626656,0.0836805566710249,0.0138782250007227,0.0117579406256123,0.0069551752607788,0.0637016952637344,0.29996883824479,0.0035305947397671,0.0085775140629467,0.0017797538542592,0.0159053453654116,0.0428618698980656,0.0083622730733521,0.0229376218761946,0.2786021543374271,0.0071672036982899,0.0030776248959935,0.0014263731250742,0.0078643275004095,0.0139296258340587,0.0059175209378081,0.0412973570334008,0.0068555861461903,0.0226517047407631,0.0673061787014221,0.0078386270837415,0.0393601881270499,0.1810144596969277,0.3651964957481872,0.0178553644800965,0.0187066907822242,0.0193588388551748,0.0293691511473629,0.029857459064055,0.0237150594804017,0.0228476704178566,0.0187998547926457,0.0203643676573105,0.0254177120846571,0.0178553644800965,0.0179324657301005,0.0168401980217103,0.0168080725008753
kbet_pg,mouse_pancreas_atlas,0.001433948088912,0.0010221846578389,0.0439720000866869,0.0417325849352375,0.0005887494672358,0.0986787450606447,0.1024243474994401,0.0988268354174341,0.2017965888650499,0.2899139631146653,0.0,0.0,3.6119599216927087e-06,7.223919843385418e-05,0.0003323003127957,0.0,3.6119599216927087e-06,0.0,0.0027342536607213,0.001820427800533,0.0,3.6119599216927087e-06,3.6119599216927087e-06,1.4447839686770837e-05,1.0835879765078129e-05,7.2239198433854174e-06,1.8059799608463543e-05,7.2239198433854174e-06,0.0267537871399778,0.0017843082013161,6.140331866877605e-05,8.668703812062502e-05,7.223919843385418e-05,0.0392547804289562,0.0064003929812394,0.0004153753909946,0.0004334351906031,0.0004551069501332,0.003196584530698,0.0020768769549732,0.0042693366274407,0.0017698603616293,0.1254794876796047,0.1100600307738984,4.334351906031251e-05,0.0,3.6119599216927087e-06,7.2239198433854174e-06,7.2239198433854174e-06,0.0,5.056743890369793e-05,1.4447839686770837e-05,0.000386479711621,6.862723851216147e-05,0.0007476757037903,0.0005887494672358,3.6119599216927087e-06,0.0489528928187012,7.2239198433854174e-06,0.0,0.0,0.0,4.6955478982005216e-05,2.1671759530156264e-05,0.0141552709331137,0.1835236836212064,0.0001300305571808,3.611959921692709e-05,3.6119599216927087e-06,0.0001914338758496,0.004370471505248,0.0010871999364294,0.0149354542761992,3.6119599216927087e-06,0.1213474055291881,0.0496500010835879,4.334351906031251e-05,3.6119599216927087e-06,0.0001264185972591,3.6119599216927087e-06,1.0835879765078129e-05,3.6119599216927087e-06,0.0025103121455764,0.0,0.0071444567251081,6.501527859046876e-05,0.0014700676881289,1.4447839686770837e-05,0.0069024554103546,0.1076219578267559,1.4447839686770837e-05,2.889567937354167e-05,0.0,0.0002961807135787,0.0008307507819893,0.0008668703812062,0.0013364251710262,0.1097457902607112,0.0077223703125789,2.5283719451848965e-05,0.0002636730742835,0.0003106285532655,0.0043307399461094,0.0004153753909946,0.0358125826235831,0.0016145460849966,0.0003323003127957,0.001820427800533,1.0835879765078129e-05,0.0017843082013161,0.0064003929812394,0.2899139631146653,0.000245613274675,0.000386479711621,0.0003467481524824,0.0009318856597966,0.0011449912951764,0.0004984504691935,0.0005598537878623,0.0002275534750666,0.0003684199120126,0.0011449912951764,0.0002708969941268,0.0001878219159279,0.0001408664369459,0.0001661501563978
kbet_pg,tabula_sapiens,0.0314343449858163,0.0271048627477332,0.1293444818300941,0.0952726085850464,0.0248705235217602,0.26320564080657,0.268391899740327,0.2649359937409702,0.3111611364170894,0.3768665492298609,0.0235049606650698,0.02820883271975,0.0267760716908499,0.0626838949980559,0.0901559477582209,0.0117356807894824,0.018755489850676,0.0152491852221618,0.0470099213301397,0.0465995324927162,0.0107661071618851,0.0123260647310392,0.0132428397947574,0.0211434248988426,0.0211050259432943,0.0240185466955298,0.0289240132668391,0.0267928712339024,0.0439428047557106,0.0392461325051958,0.0234809613178521,0.027256058635205,0.0287704174446454,0.0517185932542634,0.0406236950354949,0.0309231588900781,0.0279184406184151,0.028645620839113,0.0346214582963343,0.0329415039910914,0.0399901122689461,0.0329895026855269,0.2777612448941389,0.2644344073841191,0.0497962455421212,0.0364862075751538,0.0175411228814575,0.013494832940544,0.0130316455392412,0.0118436778519623,0.029180806282069,0.0241841421913323,0.0284200269752662,0.0257081007396598,0.0291880060862344,0.0284056273669356,0.0080829801429399,0.1913803944532708,0.026603276390882,0.0088797584705695,0.0062590297543905,0.0105477131022035,0.0148339965152946,0.0141644147279194,0.0519225877056143,0.3040141308156417,0.0593071868445178,0.0264016818742529,0.0155731764096016,0.0312999486413968,0.0367142013737225,0.0304863707707149,0.0844249036426208,0.007516595548601,0.2898497160877223,0.1435736947955014,0.0443291942459164,0.0226841829902225,0.0258496968882446,0.0021215422940495,0.0160075645942429,0.0021599412495979,0.0368125986973153,0.0016199559371984,0.0366710025487306,0.0173947268634292,0.0298167889833396,0.0114860875784177,0.0452123702235298,0.2749653209432703,0.032420718156466,0.0170371365898846,0.0130052462573017,0.0321471255981836,0.0312591497511266,0.0295959949889362,0.0248705235217602,0.2647391990937845,0.0361718161266013,0.0210138284238667,0.0169915378301709,0.0303903733818439,0.0241049443455137,0.0309231588900781,0.0351638435434555,0.0291880060862344,0.0901559477582209,0.0465995324927162,0.0211050259432943,0.0392461325051958,0.0406236950354949,0.3768665492298609,0.048824271979802,0.0491338635589111,0.0495922510907702,0.0540849288899341,0.0581552181780655,0.0520545841153119,0.0533937476900627,0.0511738080724203,0.0513754025890494,0.0581552181780655,0.048824271979802,0.0495634518741089,0.0487570738075923,0.0486178775937293
kbet_pg,celegans_embryo,0.0236892350843991,0.0228106043965327,0.0679249108696753,0.0713042596691616,0.0230471588124967,0.0932531301218255,0.1058581011439095,0.1211327577175878,0.2787962759576228,0.5725461703529731,0.0139567105418784,0.0215433485967253,0.0221009411486406,0.0334217596269198,0.0563337444874372,0.0093270026865822,0.0108477096463511,0.0111349542943074,0.0499298785124106,0.0518730040721152,0.0110166770863253,0.0128584221820454,0.0136187756619298,0.0381697446901981,0.0215771420847202,0.0212054137167767,0.0218643867326765,0.0215095551087305,0.1083588192555294,0.078519169356065,0.0399439028099285,0.0467870841288883,0.0436611864893634,0.2288326039572173,0.0785867563320548,0.0316982917391817,0.0279979048037442,0.0294510247875234,0.0501157426963823,0.0492371120085158,0.0356521298345807,0.0328303735870097,0.2255884291097105,0.1254583241809303,0.0272375513238598,0.0226078434685635,0.0185526249091799,0.0133315310139735,0.015578797965632,0.0143791291418142,0.0329993410269841,0.0256323606441037,0.0455536218170758,0.0444215399692478,0.033117618234966,0.0316476015071895,0.0194312555970464,0.0710508085092002,0.018907456533126,0.0047986752952705,0.0069783552709391,0.0082287143267492,0.0324417484750688,0.015933629589578,0.043999121369312,0.4407684639170032,0.0328979605629994,0.0251423550681783,0.0194312555970464,0.0489498673605595,0.0586485984150853,0.0381021577142084,0.043407735329402,0.0174374398053494,0.1584238717199195,0.0671138671577986,0.0294679215315208,0.0161025970295523,0.0312251829072537,0.0047648818072757,0.0251930453001705,0.0067080073669803,0.0577699677272188,0.0077049152628288,0.0795160772519134,0.0303465522193873,0.0360745484345165,0.0226416369565583,0.0341145261308145,0.1374043221871144,0.0278965243397596,0.0227937076525353,0.0160519067975601,0.040045283273913,0.0542892384637479,0.0323910582430765,0.0230471588124967,0.0932531301218255,0.0226078434685635,0.0111687477823023,0.0122332426541404,0.021729212780697,0.0414984032576922,0.0307689708193231,0.025683050876096,0.0309041447713024,0.0563337444874372,0.0518730040721152,0.0215771420847202,0.0296368889714951,0.0785867563320548,0.2193197370866633,0.0513829984961897,0.0533261240558944,0.0534275045198789,0.0655593667100349,0.0696990689894056,0.0600341314228747,0.0608113816467565,0.0550157984556375,0.0562661575114475,0.053900613351807,0.0513829984961897,0.053900613351807,0.0519067975601101,0.0525657705760099
kbet_pg,ocular_atlas,0.0132981239839321,0.0130658799040057,0.0804080614500631,0.0979897984637484,0.0131088880669551,0.0849755283552817,0.0857238703906,0.0860851389593744,0.1169649999569917,0.3483403149917854,0.0065286391357078,0.0075006236183627,0.0079393068804458,0.0142098970384578,0.0168678015087262,0.0027095142658076,0.0032858236493286,0.0030965877323515,0.0096768366635987,0.0121799117472495,0.003320230179688,0.0032944252819184,0.0036728971158725,0.0055652562856429,0.0061759721995234,0.0066834685223254,0.0072425746406667,0.0073285909665654,0.0146915884634903,0.0134099452076003,0.0040599705824164,0.0045072554770894,0.0045760685378083,0.0366687597305968,0.0089973076889992,0.0065286391357078,0.0078790954523168,0.0073974040272843,0.0100036987020136,0.0141152790799693,0.0198353647522299,0.0165839476332607,0.0914353544302708,0.0887946532251821,0.0087650636090729,0.0086704456505843,0.0038879379306191,0.0034406530359461,0.0037159052788218,0.003707303646232,0.0080167215737546,0.0073113877013856,0.005049158330251,0.0045244587422692,0.0087994701394324,0.0088682832001513,0.0053932236338456,0.0633166174940002,0.0085500227943263,0.0019267657001298,0.0017031232527933,0.0046448815985273,0.0037331085440015,0.0072683795384363,0.0339334405670195,0.1752840689162803,0.0100209019671933,0.0053072073079469,0.0042922146623428,0.0090489174845385,0.0071049485192288,0.0117068219548069,0.0454338233396698,0.0042406048668036,0.0919944605486121,0.0559364167318956,0.0107606423699217,0.008567226059506,0.0053760203686659,0.0013934644795581,0.0039825558891076,0.001083805706323,0.0100036987020136,0.0021332048822865,0.0120422856258116,0.00382772650249,0.0086876489157642,0.0076554530049802,0.0210481949474009,0.0872463593590063,0.00830917708181,0.0032772220167386,0.0031998073234298,0.0075178268835424,0.0053760203686659,0.0082317623885012,0.0131260913321348,0.0862141634482224,0.0087908685068425,0.0035954824225637,0.0033890432404069,0.0070361354585099,0.0044642473141401,0.0065286391357078,0.0384234927789294,0.0088682832001513,0.0168678015087262,0.0121799117472495,0.0061759721995234,0.0134099452076003,0.0089973076889992,0.3483403149917854,0.0097370480917277,0.0094703974814419,0.0096768366635987,0.0123003346035077,0.016437719879233,0.0112251305297744,0.0113627566512123,0.0103477640056082,0.0100983166605021,0.016437719879233,0.0095048040118013,0.0098918774783453,0.009719844826548,0.0097456497243175
kbet_pg,tabula_muris,0.003327486312656,0.0030723435921968,0.0293945675862435,0.0241960346568861,0.0028490937117949,0.0277680327433156,0.0286929251049805,0.0287035560516663,0.0495827353425821,0.1941529793228086,0.0018285228299579,0.0021049274437888,0.00225376069739,0.0064104608515388,0.0082070908414393,0.0006484877478339,0.0008823685749215,0.0007547972146918,0.0103651730186572,0.0056769255302184,0.0006697496412055,0.0008504757348641,0.0007335353213203,0.0019879870302449,0.0019135704034443,0.0015946420028702,0.0019773560835591,0.0020836655504172,0.0042523786743208,0.0028597246584808,0.0008717376282357,0.001126880348695,0.0011056184553234,0.0035613671397437,0.0183490139796948,0.0057832349970764,0.0054324137564449,0.0053579971296443,0.0067400201987986,0.0069951629192578,0.0042311167809492,0.0040503906872906,0.0538138521235315,0.0451708924679742,0.0027215223515653,0.002306915430819,0.0012650826556104,0.0011056184553234,0.0009567852017221,0.0008185828948066,0.0021474512305319,0.0019135704034443,0.0015946420028702,0.0010843565619517,0.0056450326901609,0.0052729495561579,0.0001275713602295,0.027374687715941,0.0014458087492691,0.0002551427204592,0.0004890235475468,0.0003189284005739,0.0010312018285228,0.0005953330144049,0.0083771859884122,0.0881305480253015,0.0036570456599159,0.0020836655504172,0.0012544517089245,0.002413224897677,0.0038165098602029,0.0062403657045659,0.0108435656195184,5.315473342901185e-05,0.0348801360761174,0.0229734757880188,0.002041141763674,0.0011375112953807,0.0026789985648221,0.0002019879870301,0.0008929995216073,0.0002232498804017,0.0025089034178492,0.0002976665072024,0.0030191888587677,0.0009461542550363,0.0055174613299314,0.0006165949077764,0.0056131398501036,0.0313293998830595,0.0019560941901875,0.0011056184553234,0.0007760591080634,0.0020517727103597,0.0016690586296708,0.0053898899697017,0.0030191888587677,0.0279700207303459,0.0027215223515653,0.000797321001435,0.000797321001435,0.0020092489236165,0.0008717376282357,0.0054536756498165,0.00483708074204,0.006825067772285,0.0082070908414393,0.0056769255302184,0.0019135704034443,0.0028597246584808,0.0183490139796948,0.1941529793228086,0.0075054483601764,0.0078881624408652,0.0078137458140646,0.0114814224206664,0.0103120182852282,0.0084516026152128,0.0088130548025301,0.0081539361080103,0.0077286982405782,0.0103120182852282,0.0073566151065751,0.0076223887737202,0.0067931749322276,0.0071652580662307
kbet_pg_label,dkd,0.2642512162866699,0.2590179612794911,0.4914424621600821,0.5352290034164999,0.2548457625855862,0.5397623070093046,0.572547009191743,0.5499586536705676,0.6714345259305458,0.8079083886603093,0.1098608672450275,0.1187630762310946,0.137058346168339,0.2456993669047219,0.2039501963897062,0.0704675865338037,0.1024517031928017,0.0840568046211374,0.2330615128049531,0.1909387680950642,0.0665572194938421,0.0749915748486017,0.0717758976529283,0.1240770278985558,0.1095594410792092,0.1338822690662981,0.1710616314545188,0.1562953078275881,0.2873845763243057,0.2489586341016603,0.1780817270876044,0.2129819561838807,0.200133755386778,0.4038047664988776,0.3035985918182743,0.1095679038590669,0.1120984655405334,0.1072843484750092,0.1477092608425086,0.1112132192423944,0.3526970442792222,0.3437526322747983,0.6290691714842847,0.5925143894064121,0.1483477269558747,0.1392073495034441,0.1084721581021401,0.0896045636185882,0.0817761323506115,0.0737918620625905,0.1825007189405289,0.1745101573214063,0.222950632353753,0.204971316543718,0.1024557971275063,0.1077828585402663,0.180602267763363,0.5124224792711438,0.1337531707415871,0.0903209541939669,0.077182676104339,0.1231931530896177,0.17727343824261,0.100130570405307,0.41917569349566,0.6874535033027875,0.1763531199682693,0.1307345620895745,0.0933055743859518,0.2039580847242917,0.2919407263387308,0.1068224741854827,0.3929305956169178,0.1768686089178756,0.6329550403836266,0.5176988777817635,0.1915809020724299,0.1205407188647919,0.1625667980701237,0.0862212604356463,0.1014235728801547,0.0618855184463817,0.2230590050189956,0.0894170870735587,0.3389476065306289,0.1725947081228418,0.1225756347141411,0.1014511847619034,0.3588605411399862,0.5911103590564553,0.1240816537538482,0.1148237815162651,0.0849374342445973,0.1941495492374819,0.2381487316370305,0.1130224751184812,0.2548457625855862,0.5413202969131736,0.1492605904123041,0.0949141750084662,0.0812064001659492,0.1548133796075937,0.1898009994399478,0.1095679038590669,0.2573460439122508,0.0994567068536664,0.2039501963897062,0.1909387680950642,0.1095594410792092,0.2489586341016603,0.3035985918182743,0.6170464156895354,0.2097044832340698,0.2163083381631932,0.2167215330498828,0.2308428627560954,0.2394655865155807,0.2222163761115503,0.2376695766895979,0.2060604243736426,0.2186264954023151,0.2394655865155807,0.2097044832340698,0.2092170764652458,0.1800562127349269,0.1847132577133939
kbet_pg_label,gtex_v9,0.2401291843590734,0.2196605373445669,0.4411591919758791,0.4659537437786701,0.2003305028339945,0.4419233320536992,0.4397590963756121,0.4773756067855743,0.4896968590048405,0.6563195948565376,0.2051428764025213,0.230354009877414,0.2385145015991934,0.2775429400720087,0.3635095527766511,0.1573470640691059,0.1821219809615941,0.170483954089339,0.2934094166457083,0.2785888515195702,0.152489438668624,0.162306635153896,0.1613612591284586,0.227422341445962,0.2155209561961327,0.238968487366192,0.2648020370991077,0.261978637438526,0.4132590895544663,0.4076832723619469,0.1808050580620182,0.1949415247341753,0.2023030058138903,0.3178001725884034,0.3478858457187572,0.1165119205881025,0.0983555417472351,0.1046462484646338,0.0789762332520695,0.0926060248935216,0.2597833147605667,0.2459893155689724,0.478762594896804,0.4409432487015065,0.2665278151707672,0.2447196599251771,0.1768499585771157,0.1640283230460035,0.1639511197368659,0.1611847391142105,0.2791377692362728,0.2507222603530046,0.2153511917389237,0.1940085571516699,0.0992676948732532,0.0978083403586706,0.1537223225714953,0.2272307855396207,0.1685910103423482,0.103601785441606,0.0952141327970814,0.1069912652308233,0.1490863312212893,0.1037127081240255,0.3616442957775874,0.6134427273307484,0.30542644630245,0.2178769347855255,0.175702577502735,0.32153299358538,0.2402102828872559,0.0938528516592886,0.3765052411201446,0.1466228083104784,0.4452155234146946,0.3241396620871155,0.263411488775412,0.1697265237383191,0.2359653157984285,0.0663583782508429,0.1895713882557735,0.0642999529591342,0.3399541757181792,0.0897594067433293,0.2517792896192782,0.1525377297083814,0.0804192314946525,0.1033599578098073,0.2983066719935932,0.4386229131844263,0.2517823824700644,0.1878357763843569,0.1618452739008088,0.2802086861295494,0.2310773383514101,0.0933323380978068,0.2003305028339945,0.4564759052251561,0.2652509452716229,0.1724450058656199,0.1596347547587646,0.2556917714788546,0.18649151930628,0.1165119205881025,0.2459893155689724,0.0978795872823196,0.3635095527766511,0.2785888515195702,0.2155209561961327,0.4076832723619469,0.3478858457187572,0.6563195948565376,0.2181699821014764,0.2216414714652774,0.2191893023210208,0.2399555616664754,0.257132517571088,0.2330069091299845,0.2488734546152842,0.2188816310671064,0.2292876660341734,0.257132517571088,0.2181699821014764,0.2226339380557716,0.2088608732325582,0.2098797135481512
kbet_pg_label,hypomap,0.0,0.0,0.0,0.0,0.0,0.9117711711870968,0.879947296441519,0.8938359387188411,0.8392464307327409,0.5190870637376256,0.420729423617671,0.4251800227796534,0.361697250767918,0.3926629172703053,0.098244199135962,0.5754454908112682,0.567140021428861,0.5404136505866078,0.6204203497957341,0.3850684245393495,0.5754798659633438,0.5587417986563181,0.5379547430193119,0.5069593430374008,0.492377516268624,0.0569998844168449,0.0356631927298634,0.0082022774034954,0.0,0.0,0.5082720070001415,0.4877961457252625,0.4831162908945065,0.2981504585567109,0.2202218441112317,0.0,0.0,0.0,0.0,0.0,0.0,0.0,0.8298833624890071,0.8739128576318725,0.2576821618198499,0.2373767691325764,0.4319673069601846,0.4939175114507037,0.4988756316638288,0.5280843783957774,0.0214557258732841,0.069925848807445,0.3748043981131272,0.4856295403572191,0.0,0.0,0.3146008005219877,0.9744846441740512,0.4979844171424091,0.6014398844710938,0.5991323751651875,0.826783842446168,0.54818174694575,0.0,0.0,0.7145771235271234,0.1912508257737598,0.4783018196857245,0.486659136511775,0.0285635993087564,0.2960594832590724,0.0,0.0,0.3508424043196588,0.8742934718079333,1.0,0.4787904862548126,0.4608334065536189,0.6373865628597908,0.6158386973101552,0.555820230046645,0.7075084765032386,0.0,0.5401028365372379,0.3997152031407986,0.5674182441107343,0.0,0.0,0.0,0.8848549434740504,0.4873573338671585,0.6060182587469568,0.5663384497307328,0.0,0.4468677885519858,0.0,0.0,0.9117711711870968,0.3578377808237292,0.5757171838551416,0.5754798659633438,0.0569998844168449,0.5082720070001415,0.0,0.0,0.0,0.1549761761023783,0.4451166173892989,0.5127621188774957,0.0187517769722578,0.2961187958673624,0.8903768838594902,0.4613136964915121,0.4440074689107882,0.4476131852944137,0.4335821021541745,0.4534381909241683,0.4361205618243463,0.4372427365465932,0.4153323181305134,0.436907518309978,0.4377847931151253,0.4613136964915121,0.4510964214441171,0.7177029934214939,0.7373887101913701
kbet_pg_label,immune_cell_atlas,0.2076512149974151,0.173940506500078,0.3509589369575916,0.391625194214174,0.1629395015374322,0.5516364663985125,0.5647404395925424,0.5666221244302003,0.5804143020787265,0.7144163341219616,0.1101448902000902,0.1358283154758708,0.12322590597864,0.2037486582898995,0.2103698198385303,0.0832220152339899,0.1236490344657953,0.1177201280806453,0.2377452124655395,0.2543798490813228,0.0819083859620698,0.0933305284055381,0.0973251048994719,0.1461761110863357,0.1368629268439273,0.1272391141043644,0.1419436647554203,0.1401576306682267,0.2042862407110793,0.2177475747420444,0.1252125317300051,0.1563799034315601,0.1623398953224968,0.2785290161213694,0.2943706689522357,0.1012229503934919,0.1004205502797457,0.09768860843614,0.1284553356406324,0.1170203222157204,0.2715495806324587,0.2624982869270602,0.6246616174939665,0.6057143981454547,0.1666813540753531,0.1482423202233907,0.1507973071861831,0.139451654880814,0.1051309992612168,0.1015839630823041,0.1616306298114373,0.1532634059177289,0.1926840736461635,0.1628413039913003,0.0988858806516584,0.0961290483161826,0.111579870924248,0.4088169465762805,0.1226902263900175,0.0983688092520759,0.0829515238291405,0.0884714592654729,0.1351898221422844,0.1219706240399455,0.3022692930204375,0.6606898272370075,0.1790167726687057,0.1854215392281817,0.1123094525198493,0.1851129874366396,0.2213474910150378,0.1058367243129998,0.3086711994807727,0.0993498516183424,0.5884050738355066,0.440452627439732,0.1776105094314821,0.1308108451414724,0.18349158528825,0.0750611623842547,0.1180764225309362,0.0752244921332228,0.1783013140403322,0.0841721423344882,0.2454129096250373,0.1356988077169829,0.1159775840879396,0.1214790596384354,0.2661463716365276,0.5766596361440275,0.1557375314326223,0.1469392569707911,0.1032294841518564,0.1626743991460856,0.1921022852843159,0.1092594926506869,0.1667403529372259,0.5516364663985125,0.1674790812672489,0.1291185209811379,0.1031527989015478,0.1374714508701173,0.1340743651929312,0.1012229503934919,0.2113762358160514,0.0975640513086085,0.2103698198385303,0.2543798490813228,0.1368629268439273,0.2177475747420444,0.2943706689522357,0.6188390531886442,0.1682925532786083,0.1657532696007037,0.1728556370771512,0.1851564674514891,0.1955288429199941,0.1764772294999291,0.1780491852467554,0.1678551476222798,0.1702408909817606,0.1822382740587924,0.1682925532786083,0.1692833173966812,0.138615851195126,0.1510579966583458
kbet_pg_label,mouse_pancreas_atlas,0.2609329690946212,0.263314425016693,0.3733867883254479,0.3798835702656226,0.2552096489395478,0.7027863564253951,0.7033852940646492,0.7131671307639971,0.7682732374301378,0.8084631264170901,0.1359500024160747,0.1576984645752243,0.1714385865832366,0.233477120731771,0.2912915841400212,0.0953591470437593,0.1232092307476022,0.120323561488406,0.2545334365517744,0.2381865402101126,0.1006662192183234,0.1134326456785643,0.1080979147395975,0.1753961325114414,0.1530685475143469,0.1766453086480316,0.1946581347070079,0.1903069860502499,0.3144192393396848,0.2803176105338035,0.2119487809312435,0.2269805231591699,0.2252598340897107,0.3803842136245768,0.3128460205189426,0.2330745554101699,0.2161072640820865,0.2211626464990195,0.2409676207941996,0.2430803463004554,0.2896352865276959,0.2738289645585123,0.7525680286431583,0.7233988030093503,0.1927490949691135,0.1571790373815442,0.1455523845266801,0.1350138746932968,0.1244216533312854,0.1112859752724616,0.2104375212962969,0.2059212088286953,0.2578528933613737,0.2193147896510667,0.2255754068323699,0.225250204375954,0.1181315369927443,0.6824590721063172,0.159113446454881,0.0911896100434141,0.109416397120303,0.0890463088325213,0.2199052642681843,0.1967529850391598,0.3267429496878163,0.7632565840415525,0.2247518827343181,0.1764060616942568,0.1299043479206592,0.231706984727864,0.3007377267331951,0.2242964936144939,0.3164272053772859,0.1181791887444301,0.73274971690756,0.6774419204593122,0.2160473338863442,0.1743852618195177,0.171853344403412,0.0704471116275904,0.1439918528570188,0.0592947350460153,0.2461306672226095,0.0731209442779716,0.3222700879336266,0.2189182916377562,0.2192797608298002,0.1830088130067894,0.2834120494669322,0.7350079341745978,0.1660690297653934,0.1478466643012668,0.1256499991567533,0.2240098558538742,0.2575604658641488,0.2155862867775339,0.2662454778056697,0.7223226610152481,0.4353922372665122,0.1710702728792312,0.2265747794009928,0.2391150517650692,0.3007063455510977,0.2330745554101699,0.3726195207727122,0.23256824665464,0.2912915841400212,0.2381865402101126,0.1530685475143469,0.2803176105338035,0.3128460205189426,0.8084631264170901,0.3027399932403156,0.3082483617622413,0.3071075149158513,0.329153103341562,0.3463828735547573,0.3166664734487019,0.3215636921435711,0.3017652869621671,0.3082854035041708,0.3463828735547573,0.3081966965514189,0.3043842897066771,0.2339807159114219,0.2527313404639911
kbet_pg_label,tabula_sapiens,0.1417784333149328,0.1357010160871819,0.2368034642915452,0.2184319783050777,0.133642604922309,0.3885545806967058,0.389674901317886,0.3948060716368824,0.4312877587188538,0.5114626042922372,0.1216168922730144,0.1371761192801665,0.1316755673764584,0.2213378352174272,0.2456124913686249,0.0891663432977913,0.1073635346500829,0.0989957267393312,0.1710329491421668,0.1727672373491252,0.0868100632388359,0.0949366122609123,0.0994393436766285,0.115282716657021,0.114960692730932,0.1631082977264819,0.182353585172492,0.1757912696232217,0.2238905427097966,0.2158273739107777,0.1508982184895992,0.1559680753393724,0.1600346513186268,0.1961139146667639,0.1864043891119515,0.0988172634844265,0.0741392917324052,0.0875577600340999,0.0458171305744355,0.0862370732082012,0.1520096116496817,0.142457308820422,0.4144823411565542,0.3965293457417193,0.1782555701299843,0.1542538881234052,0.1050924566215113,0.0945615637537407,0.0979147800022049,0.0935076299649882,0.1784634256325336,0.1633933180014943,0.1608115046032122,0.1529896201610305,0.0675828389237545,0.0693854299993856,0.0727396650040029,0.3406113376533434,0.1193375991386827,0.0800038693879166,0.0772073503876542,0.0945230411721757,0.1170006156183508,0.0680360626297005,0.1729431112867836,0.4649161575256855,0.2091729903319626,0.1195687547787644,0.1085876131783781,0.1910234743069645,0.1735891229393293,0.0700412894500477,0.2063141994720211,0.0708632405943633,0.4264689916028587,0.2849784863696994,0.1727685939899119,0.1166597080381807,0.1307727578309598,0.0453738416694951,0.1013576092817478,0.0472320129271946,0.2071746888769424,0.0625789813079747,0.1813152794735213,0.1229639278250672,0.0497909326794588,0.0638081599967316,0.1634992016760094,0.4096755402627584,0.1437840813544537,0.0985664475467091,0.0944976128368471,0.1912647438513582,0.1629745892213591,0.0725751426423372,0.133642604922309,0.3929272042507667,0.1590262780545322,0.1095552455004107,0.1115058529306649,0.1869152117167504,0.1517991864599134,0.0988172634844265,0.1463863594286477,0.0675828389237545,0.2456124913686249,0.1727672373491252,0.114960692730932,0.2158273739107777,0.1864043891119515,0.5114626042922372,0.2361263954470301,0.2416325174485081,0.238155290323041,0.2562243231993701,0.2566730204968421,0.2427549221509151,0.2485299036435496,0.245651251216952,0.248063294700871,0.2566730204968421,0.2361263954470301,0.2390271529238914,0.2156099683862646,0.2213697648022139
kbet_pg_label,celegans_embryo,0.2913214966882688,0.2847151686244236,0.3546067163034,0.3609085740108271,0.282167081855279,0.5025384842766917,0.5034435729618311,0.5103491512134561,0.6367409353572056,0.6899979820140665,0.2029458342601909,0.2488151767925643,0.2446021830908172,0.3046057248845626,0.3262007820800762,0.1664744608566925,0.1853916186593923,0.1855175431216723,0.2649889769861853,0.2577964595381892,0.1684516763589659,0.1833558282598718,0.1863078603992503,0.2483280682327303,0.2455920687752777,0.2674710717405653,0.268152865780442,0.2674923257162716,0.3556448740556744,0.337088730346085,0.2756765156174122,0.2965203771687885,0.2830256717609248,0.3750756059535868,0.3231814866762565,0.2743473104064449,0.272048552708055,0.2750727331814555,0.3032010294740596,0.3107151535814974,0.3037303445236629,0.2984758461556992,0.5474665751343291,0.5100182568706816,0.2728196252047715,0.2602009826436292,0.2188563219479441,0.2055501553865973,0.2053361140034256,0.1966249193533095,0.2939109703767548,0.2841242546687387,0.2904241919905124,0.2898007631367745,0.2792435518224104,0.2753708299358069,0.2467487900368514,0.4537131089973896,0.2327743851288006,0.1407513280189664,0.1451672295881567,0.2029027915221115,0.2523418762250058,0.2169250117347667,0.3181399174628983,0.6006536623715385,0.2887574684132543,0.2364255196821869,0.2218825645607485,0.3034281266122119,0.3056391913461377,0.2917849783577951,0.3284114223842723,0.2388285091696019,0.5500481442161115,0.4449809667547282,0.2805875594199094,0.2209765319023968,0.2347183843967115,0.1372395931610056,0.2287443899088025,0.140425680513366,0.3144968779454256,0.1954138500127859,0.3280978912392785,0.2470052553421967,0.288074857920982,0.2040740332453715,0.3053464699624814,0.5315611239849728,0.2747480753423239,0.213506873564552,0.1984612718546004,0.2953638146874747,0.3058690258639043,0.2765849950499179,0.282167081855279,0.5025384842766917,0.2602009826436292,0.1900683249127881,0.179027737805276,0.2685345337305773,0.2764596920579631,0.2699552909666036,0.2878815095380931,0.2770490164067297,0.3262007820800762,0.2577964595381892,0.2455920687752777,0.2848546853625911,0.3231814866762565,0.5449945340490034,0.3316072033021876,0.3443719891803701,0.3385388593405928,0.3628084757161226,0.3537447818537255,0.3563696189940097,0.3485279038380378,0.3405660543866103,0.3438995428111001,0.3443840663120552,0.3316072033021876,0.3443840663120552,0.3281642582260848,0.3309087443104266
kbet_pg_label,ocular_atlas,0.2898800748378535,0.2835731255738302,0.4167555734500128,0.4067586318885267,0.2782879346562473,0.5536697903633526,0.549534078752538,0.5628359786824897,0.5772486758597901,0.687978268739241,0.1882496833141539,0.2296557366792816,0.2287843979219305,0.3396623977671313,0.3484366397611506,0.1096284967232047,0.1160121022042804,0.1185857780211865,0.1656854821814223,0.1743982399633236,0.121638910190695,0.1303649791967449,0.1305588183824229,0.1661562365147717,0.1725952900896804,0.2176231154167509,0.228316631563707,0.2187678165745463,0.2910855047508409,0.2914935476780982,0.1598381350537244,0.1658221864718022,0.1658056276387275,0.2434046460211697,0.2010353826933567,0.0736706436624285,0.073085677681091,0.0733195815903149,0.0887903037109456,0.09107165724303,0.3040951407538094,0.2935769815471483,0.5799283585014918,0.5752767628406521,0.2631637655105676,0.2603981061992612,0.1333587474297871,0.1252331409861515,0.1359063331257715,0.1283103606008586,0.2337749786136424,0.2268246798905674,0.1744445082201251,0.1698324949615112,0.0762659677688075,0.0723791620672984,0.1383275183457016,0.4190186995170407,0.1750770311107493,0.0655458900478239,0.0581705523466115,0.1341177196851807,0.1220856719313558,0.0747845757847212,0.3376261835393681,0.6287101995192469,0.2944954513039573,0.1418917484988265,0.152989379751557,0.2514544854227473,0.1882302893689386,0.0730507160995053,0.3412601416129511,0.1147026304819993,0.5689576179573618,0.3839311339015644,0.3006339546519693,0.1788771778792389,0.1338680763719187,0.0535417391540466,0.1377926280698081,0.0468650666699278,0.2505279780739242,0.0781748480719593,0.2101312441279019,0.1207511403794439,0.0765107133694614,0.0742769500370634,0.3068761436491085,0.5655626923012416,0.2701618438585798,0.1222526652587809,0.1286459178626366,0.2302023256451782,0.1776969695534953,0.0730795260732523,0.2829916934058988,0.5544841355646276,0.261402275993401,0.1272199723901229,0.1359246358651794,0.223979403951742,0.1700802722540029,0.0736706436624285,0.3486237859830032,0.0723791620672984,0.3484366397611506,0.1743982399633236,0.1725952900896804,0.2914935476780982,0.2010353826933567,0.687978268739241,0.2343759945142088,0.2399236733617484,0.2355736852232063,0.2612150094598655,0.2707735382120222,0.25232278435383,0.2537435560388844,0.2464994420158839,0.2416070971647117,0.2707735382120222,0.2344474599113741,0.2373074217637961,0.2125145527518588,0.2198357130618054
kbet_pg_label,tabula_muris,0.4691483378674024,0.458959483182443,0.5682813366844103,0.5676626127575823,0.455956340196442,0.6031346320016584,0.6080226417525577,0.6042166929605552,0.6590025026650731,0.7030981331487879,0.5147418426768817,0.5317567018935545,0.5192847312040565,0.5730563340841865,0.588113540546318,0.46158501660018,0.4667860787181435,0.4622159405504759,0.5103507687144545,0.5124300880350263,0.4717605490673665,0.4736732046355947,0.4727923526624303,0.5005800193651605,0.5000736462090046,0.5594673836161449,0.564654388423858,0.5637540155867161,0.6086627086935114,0.589162952489818,0.4759917211879333,0.4878656100402102,0.4980451695335363,0.5213440548331071,0.5866674036028333,0.5364229939573097,0.5391651344459114,0.5400622970754673,0.580787229519024,0.5605047364333672,0.4872747382515344,0.4819580329206155,0.6253606627668155,0.6147978946564645,0.5279319218477445,0.521859581391298,0.4813725078189478,0.4794803750512115,0.4797243899673358,0.4726909010347408,0.5693165069923792,0.5666101307152319,0.5123472421305395,0.4780818113013869,0.5453406591969364,0.5427431929436319,0.2927819573331599,0.5700148453069298,0.4748380328982186,0.315786379807198,0.345440250922955,0.3230029447031869,0.3555430427882952,0.3027540812778598,0.5259504266881808,0.6474251300010739,0.5546945889497186,0.4925256232263876,0.4909643165923481,0.5794663284841989,0.5285695904662041,0.5477935203192296,0.5297399672144125,0.2645318201469321,0.6332132124646257,0.4781576382407138,0.553068269305607,0.4267554294039848,0.487513719537727,0.2429158673918411,0.4897068593262442,0.2305028281690231,0.5850233351805733,0.3266282619132943,0.5193777245174793,0.4412554094023097,0.557643427343086,0.295722127761903,0.4940730319195004,0.6326320304713671,0.5394642642539033,0.4744405221915697,0.4785205881691262,0.5687781404592579,0.496312665980643,0.5447905022547861,0.4538125837807487,0.6031206642318784,0.5279319218477445,0.4652444037708015,0.4729206556516425,0.5619368892362593,0.4759917211879333,0.5371272917024065,0.4952562625190215,0.5595170071430338,0.588113540546318,0.5124300880350263,0.5000736462090046,0.589162952489818,0.5866674036028333,0.7030981331487879,0.6397696687340155,0.6398604277312508,0.6412612426147869,0.6685434807747532,0.651707888609486,0.6477033695622846,0.6542030642535431,0.6438211248970371,0.6526096991655227,0.651707888609486,0.6408175366845598,0.6505855729828139,0.5355260098257105,0.6235121856028253
nmi,dkd,0.8294508303112336,0.8312729228852741,0.1330806433074386,0.0986584313216202,0.8330380284111555,0.791944316308156,0.7636388538272644,0.7715590964761122,0.7028869156509149,0.1455392454641055,0.8006859520057731,0.8029623991919455,0.8021708118683613,0.6549870592353646,0.804700496317981,0.7862954676769245,0.8194940272933221,0.8142544655345633,0.1393625887288307,0.6521102471851408,0.7872796298773217,0.8055699988506904,0.7842705078017653,0.6030723086698062,0.7229855340860558,0.8285388761525725,0.8244973422649668,0.8346715653509607,0.7026796310576108,0.8040927906978236,0.8292767291448485,0.6899872112558536,0.8324188702601706,0.1726194910279398,0.4565994735189489,0.8026284669256881,0.7905815864807053,0.7973501765056119,0.7496944684341703,0.6433515309164347,0.3276173764143494,0.3727189360316116,0.5201297335969768,0.7103349130737928,0.8254738286597635,0.8228820689561407,0.8100006807597822,0.8034757110591985,0.8279414830330464,0.7950482978491237,0.8197737109840213,0.8233934534966264,0.770713320312412,0.818704949001062,0.7583537637113612,0.7948524301273122,0.8231638151671492,0.7885720709331905,0.8012259197016945,0.8250215976819291,0.7971889632982899,0.8325456720267693,0.8253393943678815,0.7987290686581673,0.2521897204153322,0.2551275018026291,0.8210361983374853,0.742327373431414,0.8069002900675905,0.8219279877451452,0.7002063282208095,0.7545174475966965,0.3009352773720382,0.8287870624446575,0.7442015280260799,0.7900136053107037,0.7254808115721207,0.8044149993351418,0.2465245440085997,0.828674431700392,0.6920910089246469,0.7878371974548958,0.7628637830281337,0.8296196599110255,0.276416917469853,0.8268483100668151,0.7624895078874373,0.8217976912389873,0.3531427811508721,0.7715860326590783,0.7917949460854296,0.4635358018538013,0.7338927468310348,0.7821018626877622,0.5434316158189975,0.7706612519991595,0.8362210940097465,0.7841515469588326,0.8264726232012714,0.812489798537713,0.8308044563078119,0.8354616809029609,0.8398304647216933,0.8026284669256881,0.8024855649988549,0.7659782879356536,0.804700496317981,0.6521102471851408,0.7229855340860558,0.8040927906978236,0.4565994735189489,0.5876335593137229,0.821053115070275,0.8157504327065156,0.8185309506173077,0.7673275153861364,0.7876068001859328,0.8100094039225801,0.8105328955330239,0.8178794789037116,0.8203087408890195,0.7876068001859328,0.821053115070275,0.8186369307721365,0.7939844350903709,0.8169916936525401
nmi,gtex_v9,0.6839479966703383,0.6999295738395315,0.2259884168518443,0.200050124674113,0.7623690926966274,0.6540208420992069,0.6346782793785498,0.646382854500831,0.5670275436125645,0.3811724637231122,0.8294308283045888,0.8073106035583418,0.8161485551104081,0.655252790043414,0.5661498427146089,0.8265385323671818,0.8112164281951422,0.8337217582870109,0.3328492965382181,0.3404239095977043,0.827052760943798,0.8287280725096571,0.8258345358360027,0.6414772938134025,0.6652200660703097,0.8340158584718733,0.8413026127717487,0.8339836219664729,0.3994656550112265,0.4159568569501964,0.8422187861252971,0.8276063141413771,0.832787764435517,0.286207943277437,0.2522829472002271,0.6228165034515886,0.6184906458742645,0.6184789511898406,0.5159320239525206,0.5139082032648328,0.5691308259345957,0.6378059242631655,0.561374115261495,0.6542814367150505,0.7424902239825283,0.7978240940903806,0.7775567689436673,0.8378455164599355,0.7988142761873762,0.8290309478993313,0.8148007658606219,0.8346942361780565,0.7914091892030052,0.8304013716082447,0.6016218192022005,0.6045800644881346,0.7658198804187857,0.6596676802853522,0.8227351405705284,0.818993913474829,0.8273714463320104,0.8337093964170688,0.841854371450008,0.6108037866958443,0.3507911762719984,0.5147415352655832,0.6565383904053512,0.5238823869781617,0.7615519360532853,0.7222779553476055,0.6746799261110741,0.589890043677161,0.3421964225092927,0.7700392829342846,0.5924504545843512,0.6541160395168805,0.7294519141225277,0.8168633386792342,0.486491535256788,0.8094143414187701,0.6993753654884824,0.8138226712932267,0.6500515970859767,0.8290691640380842,0.5960218535200269,0.8395929547263484,0.5667927835502286,0.6321715532050268,0.5143732565998432,0.6130544533272533,0.7769283271176965,0.6808456284862496,0.7852641723044373,0.7817145095898553,0.734722038518149,0.5959648153611133,0.7592413039923472,0.6419055531530794,0.7460386618257505,0.8106278951885508,0.803500770335816,0.83027698414427,0.8400704499490358,0.6228165034515886,0.6379661329844037,0.5959007260419108,0.5661498427146089,0.3404239095977043,0.6652200660703097,0.4159568569501964,0.2522829472002271,0.3811724637231122,0.7864269555659531,0.7857552454645671,0.7741051186211325,0.7462807721284151,0.7236227055612557,0.7658019084173668,0.7497150105859118,0.7761017036705603,0.7622093566413746,0.7236227055612557,0.7864269555659531,0.7709442949698406,0.7776245391127189,0.7821303686477155
nmi,hypomap,0.7193872287787716,0.7006982613582132,0.4516880083561359,0.6416991815029774,0.6953597079964241,0.5914178442969413,0.6292234059976747,0.559808517410876,0.62458096923756,0.2785865204619826,0.6456288405828816,0.6452376187602482,0.6451115417485741,0.4929270877478824,0.7683610371172502,0.6208959579274309,0.6290882092605665,0.6255518711593012,0.2955238747609716,0.4590263418202674,0.6081351742533049,0.6099065252323439,0.6291791808379346,0.5998167223645289,0.6639782549084778,0.6116338513390336,0.6109968029174438,0.6172423054815572,0.7792128202825758,0.6487486660407111,0.6012881550301211,0.6125897077402942,0.6095666700604044,0.753301618707213,0.6963675051481294,0.6480090819363598,0.6588668828426519,0.6582724505584575,0.6542869422281027,0.354356881962295,0.7105175796712591,0.7056634486820388,0.4786282306337063,0.5556288605243739,0.6589685818052405,0.6522579023033359,0.6557429743932288,0.6303120558072404,0.6433967062818695,0.626031858140639,0.6148109172587493,0.617817132120598,0.646789870556679,0.6104549503604149,0.5855118541221915,0.5742903841645303,0.6857535644570106,0.5869612832091888,0.6380249209393182,0.6146860428971379,0.6078814626077446,0.6082400523662252,0.6115654529923988,0.6564387307717322,0.6865161052425388,0.3938479470100341,0.6935386127459109,0.5960619783100222,0.6314629318497357,0.6280528089216273,0.674046407379172,0.5907920230398384,0.6368985041446235,0.6715745271703779,0.6065029176490353,0.5902089275128173,0.5296479960959767,0.6449053566994508,0.4696082150854418,0.619671932271701,0.6583014961912197,0.6165467575599123,0.7489692818633151,0.6071850585625054,0.7106995253868892,0.611106211678816,0.6535752504852967,0.6622984924038064,0.671943481422621,0.6293480914977296,0.5760007755039606,0.5371139740518296,0.6330753591788749,0.755084940919049,0.6758560560997895,0.6545323368936595,0.679713083898109,0.5914178442969413,0.6397125119063635,0.6127546906409215,0.6081351742533049,0.6116338513390336,0.6012881550301211,0.6480090819363598,0.6717152217955227,0.657597960156806,0.7430238125641649,0.6570403885491201,0.6623297217085591,0.6335794621620887,0.639100710651787,0.5761919055031659,0.5751898454546732,0.5681047170120297,0.5740632343919629,0.5950779431565937,0.5792054323964204,0.582891466688585,0.5784554220212275,0.5778870955689653,0.5738049645002429,0.5780402409529939,0.5751898454546732,0.584041658601094,0.5730593380451364,0.5682328431666347
nmi,immune_cell_atlas,0.7390693892215547,0.7416229504884201,0.4019832782729087,0.1597184396904674,0.7319079215864253,0.6040261625082345,0.5969392430166351,0.6011914917790729,0.5454752137320671,0.2365515770570937,0.6649616785467017,0.7018037146432609,0.7056744409036699,0.6319890185553948,0.7061378098023022,0.6528069450258156,0.6723705037346067,0.6780372095359765,0.250626910126649,0.2156394544572142,0.6502327750016018,0.6765513723934351,0.6802865946070462,0.5481972710064269,0.7052062439211204,0.751263633542279,0.7697691753034176,0.7614013169170706,0.5336790317917353,0.6543265695083468,0.7788828918007784,0.7769098216066513,0.7689541737408712,0.5477401941657043,0.4847506250706108,0.7634327262195822,0.7639224002476339,0.7656169468263124,0.7334642318203252,0.608653155499807,0.4518231853420016,0.481481358891083,0.466859885295909,0.5304842859149005,0.7509516467500145,0.7252993058699724,0.613409206009797,0.7113064382366728,0.6903595980548393,0.6946738576322734,0.7419122736157827,0.7525287370109031,0.7399401223174653,0.7694703822958011,0.7569642001175254,0.7570042028881743,0.7167568493741905,0.6137070979317569,0.7114062739375596,0.6814347165780708,0.6807188941787083,0.7294937820052897,0.7692886628554414,0.7434108245697783,0.3652517801547193,0.3232618649431877,0.7579628892143438,0.571611624445845,0.7019645584383439,0.721306084589907,0.6890790605652488,0.7477148358663182,0.4416719513945255,0.7203661626075278,0.5727093213233189,0.6171962284849545,0.7090573902270236,0.7032664197137464,0.3864748695135179,0.6490972017437893,0.627180865745356,0.640692947167124,0.6766767314317611,0.7205861049991896,0.6031111263462526,0.7815253350958093,0.7410014324808111,0.7332970122511088,0.4678474869748505,0.5916143838117562,0.7246098224516165,0.5226622114841585,0.6336582617480696,0.7101430053827701,0.7256120082884214,0.7504375208736334,0.7331012209307339,0.6040261625082345,0.73458955538916,0.7133092404327505,0.6922581063251527,0.7751679699145325,0.7822506111937277,0.7634327262195822,0.6647839406177454,0.7540577522869376,0.7061378098023022,0.2156394544572142,0.7052062439211204,0.6543265695083468,0.4847506250706108,0.4972770515542011,0.7906577926049926,0.788527661301761,0.7968661661392892,0.7690660463950733,0.7794531237449187,0.7890211518226125,0.7949217200646947,0.7814325713933178,0.7939772953663224,0.7825094546569255,0.7906577926049926,0.7894649027228463,0.7867473195119932,0.7915220632535286
nmi,mouse_pancreas_atlas,0.7551538741325463,0.7833070098429654,0.2985256492609699,0.302357851040171,0.7961173745715626,0.6296297677822231,0.6237570142021069,0.6081718110102233,0.5328905114086426,0.2016896569941864,0.7121648770452167,0.7453294408826113,0.7475698034764585,0.6774408468834403,0.8029813387286239,0.6923602322927016,0.664437622946597,0.6950673191117369,0.3137132495103586,0.3709103963997914,0.6843808152300582,0.670361116747654,0.6813053933681329,0.631904108928768,0.7282266184865221,0.7227884838705398,0.7030425258918986,0.734647847381848,0.5044142298263354,0.7263666708228232,0.8448971987343857,0.8414230133454716,0.8386994126820672,0.2369233079043644,0.6498821973244253,0.6206481920687728,0.6106894662669657,0.6111228022329132,0.5524343846724785,0.5764738639228917,0.6646089651983896,0.7606603243705231,0.53762937078087,0.5580192182532631,0.80240366997016,0.7441925806300296,0.7251468525471582,0.691914313959576,0.7229832699471498,0.6867355210020043,0.7225429612714408,0.7149472878649544,0.8126778493571215,0.8416808898346801,0.6054280064457094,0.6045560386471266,0.7409163985237287,0.6285714699518303,0.7741902746672291,0.7134367203544141,0.7088214699345126,0.6966231075633833,0.8337169161886582,0.539206481066517,0.4389054727109598,0.376333020375412,0.8315748821434079,0.7114960126378896,0.7234285387517277,0.7290141691234535,0.6648792440729705,0.5945613001358214,0.3869341894408122,0.7465791843284699,0.6114110464359599,0.6269745405493551,0.7010543623062062,0.7515546035437118,0.4377917731524556,0.6894912915105008,0.614854713540441,0.6752124719001298,0.5871816198119026,0.6884135077280837,0.5777399976004443,0.8328742417692152,0.5920615746061908,0.5190062350810631,0.4574311888377128,0.6168948741067842,0.6639844714829192,0.4714718790702032,0.6239108889668564,0.6443759123731013,0.7189040745517578,0.5906428618871136,0.7649841301707772,0.5546325993598493,0.6094419961708271,0.7305904085932513,0.7001756022719826,0.7351254307095307,0.6785205649137402,0.6206481920687728,0.3543019390496068,0.5819243461596713,0.8029813387286239,0.3709103963997914,0.7282266184865221,0.7263666708228232,0.6498821973244253,0.2016896569941864,0.8359754899624686,0.8352194121095877,0.8385545650013555,0.8195418220065056,0.8192633960071646,0.8366253329118625,0.826458515978679,0.8256991037714988,0.8382666325542947,0.8192633960071646,0.8328573470455094,0.8358154331391768,0.8279560239054665,0.8377952710701716
nmi,tabula_sapiens,0.6986362406626965,0.7003463141012563,0.5767242603304492,0.5984331650801143,0.705650562607112,0.6382072858351051,0.6287142644460764,0.6348792660493704,0.5143414231644754,0.441374272622478,0.7541803622478435,0.755412396216015,0.7534550516634118,0.6058122334035569,0.6191842890491158,0.7486288634594032,0.7381326644005373,0.7448398162341228,0.6462562689684747,0.6549781359291104,0.7499294702253303,0.7405692027915465,0.7517981934783056,0.7168330231573358,0.7455606652636139,0.7570577508461165,0.7598262982590562,0.7595580502703468,0.7526843417812177,0.7576573594849608,0.7570978576946308,0.7599474503021326,0.7588005103814137,0.7196722413608487,0.7495275641283222,0.6687267206439539,0.661866764885235,0.6606286209612652,0.6154902421564548,0.6394948629717496,0.6804254768264864,0.6949838485199954,0.5828592662968237,0.625668634023721,0.7359149430412344,0.7373316963868133,0.7470982534308175,0.7502454621337701,0.7495340451646356,0.7479652036100242,0.7561029858703501,0.7564379791455076,0.7569351880840821,0.7560051995445074,0.6444512224440564,0.652087012352325,0.7170290950089006,0.6485728975600065,0.7544275236589829,0.7487142080736041,0.7394613855047477,0.7552734323526884,0.7583700336986757,0.672997587700657,0.6584432130663853,0.538122594524445,0.7034988879595875,0.7438252463813372,0.7484605509902156,0.758936766296396,0.7598708345652986,0.6443545462802109,0.6389599244825266,0.7255308385897529,0.5617599828930144,0.6432339779498741,0.683234140766124,0.7521173146278866,0.7084902548377033,0.7317383707591691,0.7307426714430175,0.7373184009076583,0.7582954451621474,0.7313192809501138,0.7510186073648449,0.7568669412402762,0.6397700504203084,0.6771043076753794,0.6754118498495852,0.6008022424742178,0.7167765075659421,0.7331363889223725,0.7380112270772549,0.7601155764412115,0.7606975401465843,0.6484242914576762,0.7042919486397524,0.6355106287906022,0.7417071368923583,0.7447497522479397,0.7515063902763905,0.7582536120212656,0.7552482948485898,0.6687267206439539,0.688996357553066,0.64821180534257,0.6191842890491158,0.6549781359291104,0.7455606652636139,0.7576573594849608,0.7495275641283222,0.441374272622478,0.740411207175776,0.7417224113984726,0.7384689569360967,0.7167775746928156,0.7194632539710147,0.7314802060095746,0.7266043151327782,0.7400693382609429,0.7316228631900188,0.7194632539710147,0.740411207175776,0.7406252065275154,0.7396536579279664,0.7443067605774973
nmi,celegans_embryo,0.7770591744758428,0.7847816690205811,0.6996775097511815,0.6709994408306074,0.7950962978886897,0.6955849922216735,0.7195306326748957,0.6638627053066883,0.5500813262654224,0.2863906557741232,0.7780875822056565,0.7348838001284529,0.7596616276081436,0.6031490866323806,0.6423790220978196,0.7636653268963458,0.774142673332572,0.7753669162337166,0.679791722567988,0.660259127693388,0.7823661226716202,0.7789974223367103,0.7891921405027998,0.725532367048878,0.7704441547992088,0.7938583804020778,0.7925120877339255,0.7768836251470843,0.6750475449405672,0.7486148681601513,0.8153023819097251,0.8145180526033834,0.8079912968384788,0.5069530321825115,0.7617590959567058,0.8024588474170651,0.7807344364147751,0.7974426228958681,0.7632499721284335,0.7844878490019177,0.7205415005920532,0.7544460476359134,0.5996193523240101,0.6496365610819127,0.7028056661928702,0.7297458126762156,0.7525871808469543,0.7725935376408015,0.7744699902065324,0.8034588443717775,0.7784423467204408,0.8158934449819849,0.8125578381464799,0.8146516376287164,0.7788212337594899,0.7814156507193601,0.7890634516077945,0.6914572750042153,0.7651786702612943,0.7823764353786197,0.7858496802906184,0.7770928184588265,0.8196538348799699,0.7894986727875477,0.70315938373617,0.4796288467592408,0.6877067129293374,0.743404560833873,0.8146294032421798,0.7559560757827055,0.793369123652603,0.7888962331045295,0.7540730623099764,0.7822444813167851,0.6080431795682404,0.697131542498603,0.6332954924291552,0.7596943507833992,0.7399479747512527,0.776486529897112,0.7693156508555344,0.7791095968355981,0.7535256705164146,0.791122333511061,0.7363470357211889,0.8175027483099535,0.7740282096487503,0.7840299507917059,0.7487621240093514,0.6564953103698189,0.682377632522197,0.7394116070226525,0.7841146657662477,0.7824711364030071,0.7642289800850283,0.7626553840805541,0.7921572754619272,0.6955849922216735,0.7297458126762156,0.7850254323474122,0.7972485770955157,0.8021025477706998,0.8182942350088169,0.805205077377458,0.771551401241024,0.7730144498327882,0.6423790220978196,0.660259127693388,0.7704441547992088,0.7633619914132341,0.7617590959567058,0.5883615866772922,0.7600152237395409,0.7472424357656017,0.7505460711286891,0.6892204690997737,0.6957727807495733,0.7261567953446124,0.7259918694589221,0.7436168864554031,0.7481419778552157,0.7437660202756186,0.7600152237395409,0.7437660202756186,0.7528349460534152,0.748476723647097
nmi,ocular_atlas,0.8446630374771523,0.8440656896818313,0.541090502408145,0.5335667849432549,0.8468586301934516,0.7700491962737324,0.7725782771034488,0.7662975029070683,0.6662487829076279,0.4266159527045821,0.8769970452043361,0.8741179396270266,0.8757920808389783,0.7051013379027747,0.7026406948249087,0.8753217347099782,0.8661059013744873,0.8682399912609023,0.7165433150376626,0.7797141850529354,0.8749282396278031,0.8695046354615027,0.871212566208819,0.8462324074251144,0.854995331930753,0.8730251375439971,0.8755402616263062,0.8726134886032445,0.8404087919609845,0.858783196673789,0.8737590976900955,0.8741384148587342,0.8746273515246448,0.648717069881701,0.8522997591284801,0.6802731611208184,0.6729632650156208,0.6815152270613786,0.6517919370927702,0.5571872958814048,0.8163909757935361,0.8350896323351525,0.6896912083961988,0.7181283404658114,0.830467946151724,0.8419172456661398,0.8663873222584074,0.8733224360897685,0.8705444849905328,0.8718716628897426,0.872975144360984,0.8717092919750257,0.8692959159095266,0.8704898642542964,0.6607520400858498,0.6679856040505074,0.847293893606752,0.7721892956250734,0.8753564061071628,0.8629291759796549,0.8515740819994168,0.868271040697816,0.8708832083604062,0.6763112276958455,0.6868746035544081,0.5920070311848374,0.7943674904191551,0.859316188540672,0.8666815678814176,0.8679221577956634,0.8638373280424672,0.6168328315906147,0.6747857318019517,0.8443619607081564,0.7157784570982756,0.771184022921914,0.7850721677847194,0.8769736795058598,0.8241167792418833,0.860839736664521,0.8535454740194164,0.8428336911724466,0.8594399469231964,0.84046135798632,0.8079724889944081,0.8689966755470825,0.6525090538462904,0.6787300658679065,0.8193576678483334,0.7494686844247659,0.8307402677546827,0.8621896527254366,0.854222609599156,0.8701103973593942,0.873779322326093,0.6607774541895283,0.8448103527776085,0.762372215982712,0.8304591748224607,0.8739451163828603,0.8665188749678513,0.8753132187005358,0.8735039155715716,0.6802731611208184,0.6650677165308958,0.6679856040505074,0.7026406948249087,0.7797141850529354,0.854995331930753,0.858783196673789,0.8522997591284801,0.4266159527045821,0.8537668153265726,0.8571778186945468,0.8530949673094516,0.8416871462169976,0.8254642403646482,0.8461290157371557,0.8426202484982129,0.8540152585452447,0.8474055218477279,0.8254642403646482,0.8576598303473965,0.8540470185918156,0.8553240066896113,0.8574038704646294
nmi,tabula_muris,0.8052045975329234,0.8032775377748341,0.666866487285419,0.665006097662685,0.8007282322997259,0.7512089560657064,0.7508619424745444,0.7504703105311508,0.6390949606661448,0.3920580035246518,0.8490561205344255,0.8511638829803824,0.8512483262105678,0.7298986016172322,0.6359536794187902,0.834540034760729,0.8437853122554687,0.8407226378606119,0.7075281366671186,0.754674128848192,0.8323022991267371,0.8417938341066185,0.8321339855689518,0.8198156472985405,0.8363100779223774,0.838336926066944,0.8388125350976315,0.8392017388835126,0.8053998596573908,0.8389869082590041,0.8395744687376551,0.8361274200992401,0.8456423190286989,0.7917519597889978,0.5388207028824985,0.7605600533705785,0.7548909799522254,0.7517562591869684,0.7135545014895961,0.7470380766997343,0.7858847395784652,0.7857175839631798,0.6223464661007077,0.6518450972030804,0.8224349597244017,0.8582126202074185,0.8289793473836048,0.8319873039330409,0.8360248301104167,0.8372648589955736,0.8399793440815871,0.8392034660892558,0.8244570431348401,0.8367579317826046,0.7503162330553302,0.747027588247929,0.798974807406622,0.7514539554823161,0.8485219802172621,0.8125276167326864,0.8205564444998528,0.8129815264714872,0.8312460830954634,0.7626105847396653,0.7557512719198693,0.5287578517892583,0.7700742541573227,0.8117860597062526,0.8314344964429556,0.8487059635203358,0.8028414160884527,0.7448715195793345,0.7361797744912182,0.7865041511464717,0.6798246870353806,0.7527246479943801,0.814564145259641,0.8509591986586071,0.7866358185740743,0.8023359129414004,0.8341243729734228,0.7997164643885719,0.8368905578278927,0.8075467950296492,0.8048090538017674,0.83748806360142,0.73516670829929,0.7659981291498142,0.7843337761878576,0.7005387113093846,0.8441216644984855,0.8358450036722938,0.8303418892755245,0.8353065360704365,0.8212127532865681,0.7366768385797313,0.8009999307387274,0.7476715375670846,0.8253076481763607,0.8309385222483182,0.8310255032085155,0.8401233686482621,0.8395744687376551,0.7539965040449046,0.7783063717140941,0.7414678494156914,0.6359536794187902,0.754674128848192,0.8363100779223774,0.8389869082590041,0.5388207028824985,0.3920580035246518,0.832327115461348,0.8301907513294272,0.8348273255660644,0.8123616051322252,0.8068152130793558,0.8220819217904715,0.8238168679396571,0.826974656229794,0.8310747249656038,0.8068152130793558,0.8332502191963839,0.8339193048567649,0.8319746260508125,0.8314764757910516
nmi_batch,dkd,0.9107215009146354,0.9115149809996084,0.9841293294316696,0.9846351752826706,0.9113430596067906,0.9159300274355704,0.920924015687168,0.9265864505869018,0.9197193897913164,0.9899093835208366,0.7811930859070491,0.7844667369717077,0.7910264143626096,0.7774119565000207,0.9161685978083668,0.7874478363687413,0.9096858469586878,0.865130777425395,0.9371808771256128,0.917459344388948,0.7471811045775729,0.7987637794252695,0.7561735273981371,0.897685727092033,0.9010066193974512,0.909409381050971,0.8966461511221018,0.9096237998056104,0.9326439544889636,0.9327159258100316,0.9106139263968804,0.905687401502032,0.9183125096653638,0.9717978604024028,0.9679841430230168,0.9204782238785838,0.9199884650325378,0.9194759390498664,0.9231995207683104,0.941217503861295,0.959120835502278,0.9552438344380176,0.964553493754091,0.9337671668716132,0.9101573792089726,0.914041582381645,0.9142486785524196,0.8684428799586537,0.899621780378449,0.7954772707213013,0.9055575013139308,0.909183285119438,0.9133601650798212,0.9202119482069926,0.9273498911477566,0.919274311716918,0.9193769744840692,0.9175432421509384,0.7870774413656713,0.91017341570412,0.7957703442047869,0.9131510011147946,0.9145389024755672,0.9213994895615446,0.9694585598238864,0.9842957161089586,0.9108397179011276,0.9029342626092818,0.9095858233708102,0.918361045953054,0.9206695322226488,0.9311077457144448,0.9689533234536336,0.9162861129373938,0.9213384339581534,0.918160979511581,0.7982762223969032,0.788785261131524,0.8605375715990701,0.914796137014914,0.9115744181146368,0.7625160682348023,0.9273535014158172,0.9137361527901824,0.9661971349712036,0.9153073797492716,0.9234248893296916,0.920286698859596,0.959173995806596,0.9190612809948392,0.7834397048168092,0.6739383005730201,0.910529304066082,0.9194226384289188,0.9510307389462545,0.9223390680353016,0.9068870737467206,0.9170606838402978,0.9103477370886603,0.91041173558613,0.904552622518342,0.9035996676223302,0.9105925849452284,0.9204782238785838,0.9169117360632472,0.9250732800417624,0.9161685978083668,0.917459344388948,0.9010066193974512,0.9327159258100316,0.9679841430230168,0.9520359331158648,0.9125957387205256,0.9160382050529178,0.9094827948713828,0.9191058266127742,0.9140877243316196,0.9170448386320368,0.9125501063804544,0.9151057761775768,0.9085091490068083,0.9140877243316196,0.9125957387205256,0.9109590399054216,0.909170735345434,0.9156345965764888
nmi_batch,gtex_v9,0.6441945376542264,0.6546239187925188,0.9021764453732216,0.9212111507577208,0.6686352296355248,0.7775602025154901,0.7816293916318866,0.7922756208537027,0.7971391935656429,0.9496463259098198,0.4676129620359725,0.4974814192399468,0.5085343843752991,0.6275375211263665,0.8006271054839075,0.4279072188330711,0.4617827842836368,0.4768993876052073,0.7885291878346322,0.7955949961453102,0.4305360476799572,0.4326132374046366,0.4610075392700518,0.6296507741701358,0.6198063896029354,0.4648079306496546,0.4574903795364295,0.4631448325143406,0.8589867764474628,0.8638223385208089,0.4551276580837206,0.4710529306289159,0.4716449342967451,0.9150690902405716,0.910263085704438,0.8172671935303915,0.8076767496135441,0.8206333894039766,0.8657865394039541,0.8672206800439632,0.7095226661831749,0.6739072754036679,0.8682920298552876,0.7768070859800097,0.6310026262773265,0.5411112150599324,0.4847619240716819,0.466952354263754,0.4345825101252114,0.4597550625097441,0.5217186258527131,0.4529771656602769,0.5696079262759628,0.4699150873943775,0.8418991105475359,0.810203331915287,0.6083427363789579,0.7407829243934336,0.4524463762844904,0.365513067836238,0.4026507601030955,0.4404745883536419,0.4578686152611393,0.8109074659749405,0.8469360832983704,0.913679345071287,0.7043640423303502,0.5797591350285193,0.5239492493359447,0.5948493469072527,0.6566626616849529,0.8471502864999653,0.8268049555780347,0.6143473508716504,0.795639470368678,0.7770469834784052,0.6083248846660854,0.4904569388583259,0.6297467076364962,0.3644751428732301,0.5656003374238175,0.3542044956528651,0.6608944669554969,0.4338642352680348,0.7037874284958975,0.4583904394380506,0.8535151751985163,0.7723779080265722,0.7503421119702817,0.786754253817931,0.5926849199004268,0.4416812426569516,0.4467167641154579,0.4990734329602636,0.6010492550397648,0.8325699752781659,0.6170897493462046,0.7984031675184625,0.6050899815192388,0.4614617722281886,0.4617125114044213,0.465614410185648,0.4600110730731839,0.8172671935303915,0.6668511421912816,0.8470493320183718,0.8006271054839075,0.7955949961453102,0.6198063896029354,0.8638223385208089,0.910263085704438,0.9496463259098198,0.6189338422458555,0.6181435368932174,0.5975773650110368,0.6504633662186998,0.6688812901748127,0.6509399860278814,0.6323269784788991,0.6169935504417469,0.6517943848139457,0.6688812901748127,0.6189338422458555,0.6480071176994773,0.6260625946394219,0.6122930919453637
nmi_batch,hypomap,0.8194294430809352,0.8196404657688757,0.908058236501481,0.9317452645798918,0.8151867731599413,0.8378557725634602,0.8311846163148396,0.8608463214563379,0.8419149902948305,0.976379341940502,0.690763093898789,0.6946407325208133,0.6923176651318389,0.7454915372878675,0.8282187440549635,0.6445276102316532,0.6907296856706687,0.6773475248670905,0.8754428530860403,0.9086294209961484,0.622705540824483,0.6201618482558986,0.6914248467312197,0.7776601664707029,0.7887103557019324,0.6803347230317237,0.6626941196092822,0.6830297376697291,0.8361562942994226,0.7231521767557624,0.6138013475423311,0.6642839581167871,0.6592412290178447,0.830698909093902,0.7454051430552946,0.825261786956692,0.7987101340605164,0.7932116590723675,0.8453733459600467,0.9029114058162536,0.8523448892381144,0.8334499775941967,0.9099965090057814,0.8692371438230311,0.7092978177598006,0.6999730867764571,0.7238015248008239,0.6979447834547357,0.6855282553528709,0.6908999002234736,0.6942438532702334,0.6923751735195326,0.6761524778198763,0.6557218538796201,0.8383180159259348,0.8421847717175079,0.8057059062939105,0.8436049837813234,0.6140423657031974,0.6487063024438806,0.626797346629221,0.5075020890504147,0.6497650414291286,0.6517665796772335,0.8509819749849269,0.952859290418928,0.6978882990265435,0.7310045901167106,0.7059527355065719,0.7011925105848402,0.6901897529889416,0.880208336570869,0.8590570770259971,0.7853823040618082,0.8368534828210725,0.8433721401165529,0.6815369838787136,0.6963003323740841,0.8564546522277197,0.6435729647350318,0.7366444503419095,0.625547738590707,0.8275072974535128,0.6818244857492941,0.7845510763134523,0.6289104816888313,0.8409274698736203,0.7896747309309405,0.8365135515262292,0.8279482922561922,0.6997456796681281,0.7941718960477042,0.6271732420588364,0.8146693480647375,0.7487345431363785,0.8312784010493517,0.8133499349787188,0.8378557725634602,0.6118952869466604,0.6318578818464886,0.622705540824483,0.6803347230317237,0.6138013475423311,0.825261786956692,0.8025802331925233,0.7956016817368845,0.7963513317432811,0.7252036250748644,0.7818993584813951,0.7053371996992096,0.7001281296241024,0.8535028918341769,0.642116232964482,0.6370325452332423,0.6894274717166438,0.691644553805227,0.7090949422744759,0.6745167531601183,0.6779142551466961,0.6715237722525695,0.6853204010443428,0.681271463895015,0.642116232964482,0.6710781144534194,0.6375593051551857,0.6415695743849744
nmi_batch,immune_cell_atlas,0.8730358058939117,0.8700902047749955,0.9352597638783016,0.969654085944399,0.8569273308225697,0.916598797258393,0.9208882986309056,0.9188702532312576,0.9286801083215148,0.979831295560872,0.5428945560106239,0.739799495993214,0.8134832019166589,0.8369986934363658,0.8549554353205021,0.4536180284614207,0.6506037904352935,0.7475164369914381,0.9160607252609284,0.9294994591292238,0.4406824416029086,0.7289567707833695,0.7424733292742227,0.6941992673576268,0.8429992948183759,0.8428013743436026,0.8398259075842357,0.8315126865445086,0.8828459675379018,0.8669144786709042,0.829056397591204,0.8292860332493832,0.8318763845679302,0.8897493613224964,0.9052928580756212,0.8872700204368601,0.8829027078699888,0.8859519339610369,0.893643348383958,0.909242030868975,0.9297331657388376,0.9265582129712568,0.9420794044054004,0.9331813007929318,0.8442289986427614,0.6945579506087982,0.748495775667972,0.7159347773456531,0.7438354913969742,0.7377014439013769,0.8506904155211834,0.8519843980387017,0.837836634742221,0.8460282678233582,0.8872307028684966,0.8856024758858178,0.8073281662424128,0.9172293769516716,0.6869113278114485,0.7505350115045921,0.7497194385141001,0.7372090447229486,0.8159584097525278,0.7920705352327159,0.945281684917849,0.9624056478786922,0.8187521395373598,0.8303140465462526,0.7502271193935988,0.8486673577034098,0.8612216486517718,0.8894747830690849,0.9293824146560916,0.7874016417136632,0.924371847465374,0.9183408764828273,0.8172406316648196,0.8114623554414526,0.7799578981940336,0.6099935070031653,0.786778313156984,0.4545396866204314,0.8583019213767623,0.7815229250973881,0.8723194195856786,0.8220072067009698,0.889298367169967,0.7785178856021865,0.9157061707064036,0.9216290631853932,0.8037821773228083,0.6769720429791843,0.587696120818402,0.8624646467014483,0.8359006196123223,0.8850062197871083,0.8636096939042058,0.916598797258393,0.8159283593100012,0.7050550773469196,0.7393250586264215,0.8167088064641363,0.8251613719975914,0.8872700204368601,0.8900691300539421,0.8851635227019429,0.8549554353205021,0.9294994591292238,0.8429992948183759,0.8669144786709042,0.9052928580756212,0.9393887214208264,0.8238696324806547,0.8361461011102684,0.8362622414645958,0.8489364431096259,0.8492468486338883,0.8377441205967536,0.8464024123424992,0.8320661161282094,0.8435295873332647,0.8418814391249245,0.8238696324806547,0.8389427119559265,0.8487936346431332,0.8288173220768292
nmi_batch,mouse_pancreas_atlas,0.7234473327460288,0.7205952440066203,0.8577072756719264,0.8421367445005706,0.721549227943889,0.757173209657585,0.7572848738663925,0.7632041435434226,0.8076810727842816,0.9356786530441842,0.3289997147171994,0.4042947406232106,0.3951064038167352,0.515669405918793,0.6590060022560508,0.2565807887880055,0.2557098117190621,0.2756384781609751,0.8371345384625334,0.7910392660903748,0.2527410814586189,0.2451169919766105,0.2417409225484848,0.3563424811338359,0.3747223485401269,0.316115739196841,0.3052794240247891,0.35487369581166,0.6020378052671446,0.5484869559122861,0.6374267008030461,0.6394191539949267,0.6379898304800045,0.8620799467459443,0.7294741755740053,0.8579458362234396,0.8576996428527466,0.8620864415694426,0.8943131469264927,0.868788025279599,0.7218173016284126,0.7063391386227209,0.8510579529859236,0.8370772008377217,0.5455364539204455,0.3995803254141837,0.4116450645743683,0.3375876280307507,0.3344382527111453,0.2590749212600062,0.3734049652261733,0.3284973337443986,0.6563134993030321,0.6397808854098184,0.8540206705776809,0.8547105035972822,0.4764093748710737,0.7424471774637912,0.4809963514776863,0.314425742115744,0.3075367997694859,0.2712521762526033,0.6185399118020404,0.5202561234639398,0.7613385712643052,0.9025167685613794,0.6420634302336804,0.4985368296273124,0.3413307110770656,0.3964780839430266,0.7119834722065976,0.8620825644115396,0.7837838513601141,0.478036657736439,0.7742911351376809,0.7546336648382552,0.4935728512299983,0.4192457489821409,0.6509392419168485,0.2464143051987884,0.271402061898119,0.2190444553884706,0.3698136265987917,0.2449795229639519,0.7604734742549083,0.6210249845078801,0.860560064102116,0.4314210367578093,0.7703234551687036,0.7766119432635348,0.3222445848621705,0.2797840076060027,0.1774274062659978,0.3081099655194913,0.6890501591178709,0.873763556535752,0.7197633828317614,0.8303935133345334,0.7987758129426821,0.4750357100919714,0.6762546400149706,0.436378910657818,0.7147279122666259,0.8579458362234396,0.8315289502678992,0.8676198662329885,0.6590060022560508,0.7910392660903748,0.3747223485401269,0.5484869559122861,0.7294741755740053,0.9356786530441842,0.6184158148200037,0.6266573134379392,0.6217347631441752,0.6562760421025176,0.6592835681511775,0.6464526241813509,0.6391525597065082,0.6230833922355621,0.6285340347607993,0.6592835681511775,0.6227445507111118,0.6214031053327663,0.6195248933478222,0.6210076581641155
nmi_batch,tabula_sapiens,0.6499173660595248,0.6686396590859063,0.795169946709237,0.7618300605445675,0.6452501938929851,0.7935602295030224,0.8037388661690285,0.799180026439192,0.8573766209462376,0.9053387260980602,0.4658532010938441,0.472750823669824,0.4698282298997749,0.6751920729052187,0.6875792136010863,0.4039941537683876,0.3581408632260485,0.447964478856968,0.5154291920214819,0.5080330031343167,0.4349473297975563,0.3626632209190004,0.4322414334421537,0.4689855643659106,0.4264900589708918,0.4679946108334131,0.4939803942128798,0.4943850764334306,0.535252038766732,0.5465052980921224,0.503017519225579,0.5386321791096932,0.5220800286041434,0.6230699719153928,0.5641253331290231,0.759350291593303,0.7681872968676543,0.7636101788529914,0.7981858030212478,0.7829057653919994,0.6991433087914727,0.6526506050927046,0.8391463856842972,0.8168177702530138,0.5490913621903367,0.5481157485161973,0.4231361421591044,0.4868701175566778,0.4378770578603408,0.4119933962181797,0.4945109804267549,0.4675732466047916,0.5523562906772392,0.5233950541636283,0.7771405860997159,0.779159287046565,0.4495074362938365,0.759563047035833,0.4605229167102274,0.4310708806833951,0.3537948077525328,0.4071458121454566,0.4770818035065322,0.5722025820670682,0.7157405144553611,0.8707885369149478,0.5965828237511158,0.4296912845092955,0.4285389188427043,0.4989939475857767,0.5527089306824738,0.7814181463520643,0.7511716881008018,0.4515734597602154,0.8428709334139058,0.7050895546572296,0.5499684755414654,0.471146416087467,0.4676153665302384,0.2212304432220475,0.3555235544674631,0.2431374803453281,0.5142936081600141,0.2110500954769751,0.5430683509243428,0.4788793483870373,0.7921233989546604,0.4846056622125939,0.6837610128065931,0.8158316259524488,0.5202554332389396,0.4002581224223324,0.4440387958948994,0.5110226456166036,0.5480627696287271,0.7847099723049867,0.652826514599947,0.807002888738691,0.5323560806954692,0.4731795289996208,0.4602252015547313,0.4875732849582951,0.5183499929365526,0.759350291593303,0.6646581947077049,0.7772776588054039,0.6875792136010863,0.5080330031343167,0.4264900589708918,0.5465052980921224,0.5641253331290231,0.9053387260980602,0.6039096842009506,0.6059115966967177,0.6178741260587436,0.6525108203774825,0.6490520757271991,0.6349398294170848,0.639716011120679,0.6073161779595677,0.6205326590729587,0.6490520757271991,0.6039096842009506,0.6122798369962973,0.5867954110498695,0.587804638870285
nmi_batch,celegans_embryo,0.94716951454138,0.951407012269402,0.9649944168417324,0.9371180253486976,0.9509651590698616,0.8878462728439186,0.897250097063171,0.8926348540735979,0.927349504655846,0.9777210778542864,0.8905560661693043,0.8996453325570434,0.8838165986747601,0.8904894917397091,0.929145062589993,0.8579077470760006,0.9028523996480602,0.9041939345183544,0.9103481531715594,0.8940375205949904,0.8791849343639532,0.90704370684036,0.8944739962627557,0.904517673497094,0.9205368575016112,0.8814209511655581,0.8924813325089519,0.8627585617864477,0.9218264371462226,0.9190990696689024,0.9210063399234584,0.9286370641261006,0.9275222408088788,0.950212912690928,0.9436009600263572,0.9015644825144,0.9060349960999018,0.8983898686624362,0.9442489909143452,0.9408892639468596,0.9221789674492464,0.9404913105037632,0.9369004900503142,0.9167102727576316,0.8682868974603841,0.8583780306632576,0.9107500433136886,0.8985596640038517,0.9258628803041872,0.9386109137948806,0.9157918036115288,0.9034729126207536,0.9283757848969002,0.9111350341375292,0.9113283442655328,0.9094091376762448,0.925098847099634,0.8968672298857837,0.8907963201191308,0.898502189204045,0.8956117103299187,0.8395946261006481,0.9281064619355264,0.898515973677749,0.927255397080102,0.9584079601438888,0.8885731079831204,0.9063961585143984,0.9353747999125208,0.9032360187973448,0.9278596674105564,0.9388159297984008,0.9549622079258268,0.9524302234628356,0.915516238624401,0.8888329535732463,0.8764095608577874,0.87219095696903,0.9095974267595874,0.9010708476296716,0.9176087563410248,0.89078194779763,0.9123971142051504,0.8559253811788693,0.9414385261113556,0.9204748747012774,0.9125041680744196,0.8917552526678972,0.9486586081849152,0.9052362092138336,0.8620503343010423,0.91541835534301,0.915111042527774,0.9090368006433128,0.9159153190332584,0.9188952146808752,0.9505711050621052,0.8878462728439186,0.8583780306632576,0.9004963403215066,0.9033118674237997,0.8934391895959789,0.9265785929270436,0.9109886842028424,0.9337207709346412,0.9106491445246558,0.929145062589993,0.8940375205949904,0.9205368575016112,0.8764836153016006,0.9436009600263572,0.930008039191118,0.8706023474343789,0.863044030070023,0.8722461757966603,0.8678901047281024,0.8818551218663687,0.858551577365559,0.8685989792430183,0.8767664562584347,0.8644020448697796,0.8643489615561752,0.8706023474343789,0.8643489615561752,0.8749439289475571,0.8798419250754838
nmi_batch,ocular_atlas,0.5869331784852889,0.5855756954633304,0.7739290613386222,0.7678547813010942,0.5864269791350133,0.6664113925193045,0.666268565827438,0.6727956027746843,0.7487415245941733,0.8918765917834333,0.536722490392235,0.5349848585561161,0.5353826285621355,0.6613787619111847,0.7048645450168505,0.529404599941575,0.527967734364514,0.5348323545067862,0.6205513023100923,0.6086679363669577,0.5305693264105833,0.5132999356158078,0.5345698608543402,0.5464564348641044,0.5431542602566793,0.5285209215885943,0.5329496764472751,0.5315045439384941,0.5698279724464933,0.5477410635621249,0.5307575985463748,0.5315339253119896,0.5322408707562757,0.7109742945385676,0.5666477200215952,0.7779667739772232,0.79286322086136,0.7729679069544195,0.7784681118307561,0.8318425613423552,0.613729108407844,0.5974084716719129,0.7489082017663018,0.7289794097196899,0.5674541267991652,0.5606796619359923,0.5341497490212201,0.5248111536303158,0.5303804385813147,0.5267916490825751,0.5349334073825129,0.53274397653137,0.5402430891900674,0.537765047107144,0.7968717026934526,0.7960006291362709,0.5769281794304352,0.6672676324895456,0.5239550112802912,0.4733572792017506,0.5108473783178061,0.5068647465018045,0.5201425251761409,0.7679182997392977,0.6687071596205617,0.8153965658784762,0.6157326822172768,0.5442385814889892,0.5204271194274228,0.537784400704833,0.5423631639807772,0.8184510572085102,0.7011358125826409,0.5592946042869311,0.717543153587012,0.6664935187777541,0.6100415948186175,0.5368275592564148,0.527700584740312,0.4631371969492897,0.5205494213425192,0.4916038787027099,0.5460987361729268,0.4063400982333499,0.6042872439432885,0.5253465798450118,0.807632428415568,0.7665932484945877,0.6112104803158838,0.6785020862997905,0.574383636542472,0.5223770489065581,0.5083467292040225,0.5301737690772749,0.5387952353606064,0.7999054459099514,0.5871481291787972,0.674632575970683,0.577401786535817,0.5374383224167851,0.5178003740591486,0.530869607765559,0.5365738256205943,0.7779667739772232,0.6940440221371537,0.7960006291362709,0.7048645450168505,0.6086679363669577,0.5431542602566793,0.5477410635621249,0.5666477200215952,0.8918765917834333,0.5647659869959895,0.560709706286978,0.5594570393199579,0.5771631552764368,0.5952871967297323,0.5722128100037822,0.5713952243847968,0.5626969592781961,0.5620399113003565,0.5952871967297323,0.5577539426505989,0.5616276368529002,0.5676379362648762,0.5565534817108096
nmi_batch,tabula_muris,0.6670498988567888,0.6676289623614159,0.7623961687979228,0.762613891689369,0.6744852881647958,0.7313103214053714,0.7350689793283762,0.7295922589387552,0.8043713125153464,0.9217980927002932,0.5966117434855638,0.6140980075697545,0.6189846725589755,0.6934609744785807,0.8105042993448125,0.5872247263210916,0.599216613126616,0.597627227356748,0.7146517401946163,0.648848580168843,0.5593904730423012,0.6019522049935261,0.5697497509368905,0.6025726264002942,0.6027712487750091,0.5517971028478627,0.5626048575117716,0.5597180180692958,0.6341519055516601,0.6239304383270473,0.6135350662216246,0.6180196093287083,0.6261531497984457,0.65871542080612,0.7998366496470345,0.746605098355349,0.7538338365315143,0.7634657413986665,0.7853554486006339,0.7623215723190417,0.6831648862684367,0.6854334960078914,0.8153147966878164,0.8097377519887924,0.6417577010285896,0.6164874285864551,0.6315530829788728,0.6044134713731752,0.5818432518789466,0.5621216882743554,0.61757590678853,0.56119211491475,0.6352100247447732,0.6163423514836998,0.7569107554837785,0.760015873900188,0.5276146930659976,0.7270830158746582,0.5923355239909109,0.4589505021133638,0.5354137622067379,0.3823371973903725,0.560896277324514,0.5749596765693472,0.7060100856100204,0.8695644598693502,0.7382047726392014,0.6065980532355022,0.627679514811373,0.6200908318829078,0.6560185694631752,0.7646601198586578,0.7239928803339408,0.4666192783476526,0.7839899660220948,0.7257898402544838,0.6420700119864297,0.5922851999926445,0.603648812832021,0.4474312023662945,0.5973829376038923,0.3906852063915982,0.633981329936521,0.3851132605546434,0.6378007401633061,0.6065837960921675,0.7777139295957373,0.5528660385497578,0.6809684996791096,0.7755632805902256,0.6173883797695316,0.6099111177560372,0.5890923223478042,0.5695728689816881,0.6286236868643824,0.7682260449280008,0.6628526254984373,0.7327775255413655,0.6471964208145695,0.5662564488668131,0.5455551703374246,0.5544934198831083,0.6135350662216246,0.7561372856784196,0.6867498306692715,0.7622021814629572,0.8105042993448125,0.648848580168843,0.6027712487750091,0.6239304383270473,0.7998366496470345,0.9217980927002932,0.6444411029723083,0.6524337939362806,0.6450729466423232,0.6717571261697848,0.6751689582839421,0.662207997278248,0.660729658816991,0.6562092388953631,0.6571499788263248,0.6751689582839421,0.6439106694373371,0.6503302661919821,0.6392308246972376,0.6439259492392295
pcr,dkd,0.8685020681510601,0.9006820693900284,0.9964087354741108,0.9986934501374756,0.6848366443681585,0.8650501024598329,0.8324954507669653,0.9242901842177996,0.8247896017040924,0.9853468453390768,0.1457921793769172,0.2683808704289677,0.4558151253276128,0.3880913616082299,0.7543235542887088,0.0,0.5097000284424046,0.2729997736317223,0.90972907199434,0.9051708400921492,0.0397356899294361,0.3239347528525577,0.2375366827329706,0.6341441060834306,0.7232571406862667,0.4576162452942274,0.7191906835002797,0.6426782869679155,0.8551160289661717,0.8978553501292087,0.6709737632052808,0.8085630694454256,0.7990995971627566,0.8866369742407367,0.8812158689565246,0.7905150960896827,0.8310442330967701,0.9068811343295362,0.9282368960287444,0.9741563035291184,0.9966579415632076,0.9959910650580448,0.9550858478779212,0.9437899076865788,0.6346926567598757,0.5100674076621523,0.4826150580592664,0.2835076905741459,0.3469595668648069,0.22069043916247,0.8269794209363781,0.795812231638309,0.8200438115296745,0.7994637848117453,0.9454663326392244,0.9155931379133248,0.954213562055615,0.935642055806036,0.5435706319398295,0.4623710685761328,0.4348540551485041,0.7660264379616545,0.8739741697468405,0.9612986141230568,0.9979778917256374,0.9752700905489752,0.7125301225089814,0.8138028923582664,0.6105464798964327,0.8578161979849908,0.8661371594493299,0.9541873849757518,0.9959612573198716,0.9602245321063704,0.8434790375984155,0.9645823794474596,0.4683533277754604,0.6501632233296095,0.7989021102836009,0.8617406491617944,0.4994614836534262,0.882553620467853,0.8268322541105603,0.906371560709018,0.8580791124320895,0.9125892765860916,0.9176896533397368,0.939259840024686,0.9942838189639002,0.8512482167517402,0.3545049850929012,0.4799678182543663,0.2394316649055702,0.7797727069702722,0.8369334334006407,0.9175697575826872,0.6848366081824062,0.899526229654046,0.5900461618511118,0.3733491933039484,0.3399529653876647,0.6296449811607315,0.731804887953669,0.7905150960896827,0.9656032853366732,0.9434165752333398,0.7543235542887088,0.9051708400921492,0.7232571406862667,0.8978553501292087,0.8812158689565246,0.9515449384205066,0.7025535842963457,0.7488108964306309,0.7599391195518814,0.7868275324106248,0.8347189821360785,0.7678651102675483,0.8012960085734456,0.7418351696952706,0.7756681508248606,0.8347189821360785,0.7025535842963457,0.7338505955786291,0.87787626311455,0.8485404501359611
pcr,gtex_v9,0.9077616185769506,0.8738921815208366,0.992330162999965,0.9940225471517088,0.7317637939771128,0.6162275432607348,0.4855717232749669,0.827156636530337,0.4800341867249593,0.8940936851615131,0.0,0.2375467150500831,0.3637727642021832,0.3060522039934846,0.698208981553422,0.0,0.5080763447197499,0.3464182740255921,0.8685297269589737,0.8611569912944647,0.0198112328369581,0.44710174199383,0.3481739483777087,0.7158099071017708,0.744544387870929,0.0,0.3373738216190257,0.3407529101075321,0.849809146263337,0.8545855682073908,0.5463934210613278,0.6356863788967194,0.656325760415716,0.7529757236376571,0.7779952370731724,0.7736851344175995,0.8236109886650995,0.8626229436829694,0.9560084451421385,0.9717903408043226,0.9731760901858236,0.961537356559546,0.7797530172141017,0.6350730840255486,0.5067982180868358,0.3242372327760839,0.5090886174750925,0.2575928419490427,0.4833486276210549,0.2967948479111327,0.5897509415881939,0.309193262003019,0.6745871909210289,0.6212174282498846,0.9381967347899628,0.9335483098581022,0.9222886275231796,0.8982605672448366,0.5498961784876014,0.621911591944472,0.6649053265319838,0.7018808840499551,0.8322728057964817,0.924831325667004,0.9876231022140332,0.86319359403802,0.6269140419943737,0.6727572410355397,0.5848501149498875,0.7090981701282193,0.7110490155722183,0.947150640404094,0.98341286861623,0.9622236397401058,0.5481216076881734,0.7887013428532528,0.2977901275110497,0.5981490218377136,0.7367267130120777,0.8355816957865625,0.5728624770063208,0.8251458094527395,0.7049988014970395,0.7668198706136421,0.6944928322447789,0.8262517786509344,0.9449977560030098,0.9435761521532336,0.9652417765295952,0.5757476704601043,0.2867783147903543,0.5352950481439671,0.4441457731576517,0.5112860485461616,0.6677256852476625,0.8623458665734205,0.7317636837361048,0.6859023480012348,0.4983540117553788,0.3968946411062771,0.4564522954961394,0.4909134786729246,0.589807675636955,0.7736851344175995,0.9615371230176024,0.9387151007429488,0.698208981553422,0.8611569912944647,0.744544387870929,0.8545855682073908,0.7779952370731724,0.8940936851615131,0.8155567150520268,0.8340000548402413,0.8589738921731016,0.8461494906235708,0.923488655572016,0.8403025172722701,0.905594462261399,0.8267776399824937,0.8851443737814811,0.923488655572016,0.8155567150520268,0.8569157400638975,0.9092690045348708,0.9068155838756424
pcr,hypomap,0.8729742667357839,0.8546568217414657,0.9801282205255664,0.9876534748243008,0.5713372068322462,0.8032855586339644,0.8384765244156783,0.8858162630325042,0.847761878800908,0.964392960131251,0.112390597101018,0.2118813549064791,0.4542961215445953,0.392196957332322,0.7881078535072726,0.0,0.2083386668765235,0.3191333199265083,0.7918214995135492,0.883045026461453,0.026050935423131,0.223473779494752,0.3043476320889532,0.5941549973879066,0.8366982403655682,0.2100889529937635,0.3242571575214666,0.633619282286682,0.6814557215235628,0.8277869692783357,0.3385721576764425,0.4541936297403108,0.5465947185287533,0.545675445197685,0.7670745700790258,0.6642459350720724,0.79328868263656,0.8620790857749482,0.9753257587884976,0.9949046761079672,0.9667865832596072,0.9542732694770504,0.9300770322994578,0.918589590897196,0.6835584395660141,0.6314433214513804,0.6284851162685511,0.5879381820433456,0.2728077831006004,0.2033993981154082,0.5843421206201871,0.4263302972276683,0.6382302084571874,0.4803050880974929,0.9840480457264672,0.9819691641679732,0.914998795729126,0.9109779214127356,0.5282921786944177,0.4660909817280322,0.5709258812824042,0.8618049335695388,0.694149769349144,0.9145293982374224,0.9806557700109312,0.9500631669353288,0.7321568079147668,0.7997580607906729,0.6979197627034348,0.6931252746635039,0.7072770154509634,0.989684470775728,0.9637462238228665,0.9570285725338512,0.8493469989165731,0.9475052820131656,0.1703551611960661,0.5570481446055122,0.7273676073593414,0.4771712592220845,0.4236383312563407,0.733068875866687,0.5710699061517188,0.603960633435997,0.5533868870960473,0.6203106767087053,0.9493425222113848,0.9155591376462072,0.9467844278261748,0.8246938704761841,0.0836238469789881,0.6028925324990977,0.2967326530107672,0.4670581180372131,0.4878421885094399,0.9497529333704962,0.571338745403626,0.8032855586339644,0.2812782697674767,0.1020255337833495,0.026050935423131,0.2100889529937635,0.3385721576764425,0.6642459350720724,0.8124546424084127,0.8206845854408947,0.7378724703509387,0.6380823682798394,0.7963788548436723,0.6999370333339026,0.7073121225448576,0.8597260600697878,0.3431466399408096,0.5729949653557642,0.6463926736064349,0.7169447052063593,0.848803452879219,0.6911794034113805,0.7799731386576714,0.5866203589089233,0.6897840417400423,0.7640023478259385,0.3431466399408096,0.6354160403563701,0.740029270953673,0.7340455199267514
pcr,immune_cell_atlas,0.9321592472969372,0.8829676078792345,0.982125066503851,0.9982430355295668,0.659312104811335,0.8574977429074088,0.8658438393811189,0.9369482632869608,0.8807055967846006,0.9853433059460552,0.1423705552059484,0.3452812892268459,0.3360125530091441,0.6053270115563842,0.7172233141032502,4.854859892254569e-07,0.5099718756083865,0.3940327191615113,0.8638851822931037,0.9037094512808694,0.0,0.2532342145580066,0.3269476417965568,0.6317335450399738,0.7216514646779246,0.4312095428833963,0.7063996652615424,0.732329862024804,0.8489173301670792,0.9271552927151676,0.6626866412525346,0.7555285937235204,0.783726026699912,0.8407590740912376,0.8779287501159548,0.6786289235510656,0.870498465748677,0.8793850786133427,0.9267908172786008,0.975814868208728,0.9946523671931752,0.9934826095220256,0.9645643106725762,0.9543245208618544,0.5678538606879809,0.4022135383295949,0.7396265588738807,0.4995735161218325,0.3965476782382075,0.2991362129484876,0.8839961560021407,0.8623762206458322,0.8042703003686372,0.774263592399158,0.9480179333443692,0.9200839243375304,0.9340911886602864,0.9577219197225012,0.4143620812374437,0.676966825019026,0.6153246138877748,0.861165889344971,0.8841384489015713,0.9346993216575524,0.9968705777448414,0.9750311045749168,0.6279335091010025,0.821308001102818,0.6318311989846738,0.9090564455708424,0.8349036828286641,0.9580332639737016,0.9824371601775902,0.9770055211189198,0.8887403260178938,0.950856066134502,0.5540090325099828,0.5488047913193252,0.7437585819821434,0.8669363888975788,0.5540208841637689,0.7134047673410256,0.8556097566215188,0.8925485650815511,0.8388129164209204,0.8777672120747676,0.9132826837914684,0.96057676511958,0.9711274489249936,0.8915790742373111,0.4415054882270484,0.6621829975961301,0.4127534461617907,0.8435468973042864,0.8000305929394914,0.9062647815506748,0.7874115877051394,0.8574977429074088,0.5844406318882539,0.4716276801187403,0.3872989220009064,0.6368869879815552,0.6807848584258948,0.6786289235510656,0.9728250923606916,0.9510873575776856,0.7172233141032502,0.9037094512808694,0.7216514646779246,0.9271552927151676,0.8779287501159548,0.9609733995983248,0.8996050301843129,0.9121409922545356,0.9291071979524668,0.9169304420633964,0.9513020922643834,0.9156500119193492,0.9368404432584758,0.9071938236963508,0.9232037939750832,0.9444056544267604,0.8996050301843129,0.9102312433267636,0.9802785613684248,0.9591807524225848
pcr,mouse_pancreas_atlas,0.7840735049988596,0.838409482520307,0.9788883807152372,0.9875304815469746,0.4655427210757661,0.8738888771101749,0.872098608311758,0.91002784304853,0.8906424440168507,0.9709022030517884,0.3429845062020901,0.4680082114968403,0.6307270850951654,0.5496333688231028,0.7708325885303792,1.4518833097233506e-07,0.5112418287062162,0.4444861847983367,0.8998170807074483,0.9001540740202502,0.0,0.3610095143535888,0.300674208674448,0.6141080647667834,0.6415082350176798,0.0,0.4598918163345629,0.4861991354249879,0.8209043543907562,0.8071593566067348,0.5505661385571736,0.6675997257414302,0.6794813721379525,0.7967879507856866,0.7956343013198557,0.8422780179411579,0.9313515746308028,0.9366969918857796,0.9759558399052156,0.9842498220985936,0.9404613412873074,0.9131187142713572,0.9320804874652924,0.9125380895560594,0.6456740308188401,0.5351630537182787,0.7251912664343103,0.6887768122430173,0.4896009216646523,0.420646238384172,0.6937299482669427,0.6322881444040611,0.7349053499488485,0.6525555078598704,0.9644548917714544,0.9584124812705114,0.9385339070560048,0.9244718747696404,0.7284483673633814,0.7372908878853395,0.5625431023680648,0.7778638925621709,0.8126940059906719,0.9764593373133926,0.9737400523589368,0.9543581951858529,0.7011715925338274,0.7934330985006597,0.5917433138147364,0.7504755185461758,0.7876644328937763,0.9770051314438006,0.9597716287739924,0.9419654165739962,0.866020018939583,0.9159562192165328,0.5431449925143808,0.6353601984775127,0.8118435284570396,0.8941667084558251,0.4878902048172226,0.8592685250984579,0.7136327152843077,0.8585582540619309,0.7665078581937904,0.8247480102636531,0.964734666727738,0.985277750269365,0.9412480420284808,0.8713708932658671,0.4365416947025179,0.7072332655754076,0.4753706774444016,0.6371686496016488,0.7242975678110707,0.9442690715865152,0.8979650769064978,0.9107905219839952,0.829673277599736,0.7790647545773931,0.7326210262135154,0.7696908349906467,0.7876743952536353,0.8422780179411579,0.9860679206543296,0.9821738667959332,0.7708325885303792,0.9001540740202502,0.6415082350176798,0.8071593566067348,0.7956343013198557,0.9709022030517884,0.7394717090782171,0.819894171842612,0.8204675758662346,0.8559340020826454,0.8824211283091525,0.8311188957048034,0.8545600620672329,0.787721468661331,0.8242662097265184,0.8824211283091525,0.8120284135205785,0.8010066419541995,0.9407086472583632,0.9037010544991114
pcr,tabula_sapiens,0.874013238382104,0.8710444460666841,0.9671242037758946,0.9766043655660404,0.552325534716976,0.6807892336487054,0.8182041869517075,0.8143739590989488,0.8408294567598621,0.9136727862868128,0.0,0.080404576586858,0.4429300734637824,0.642652204316767,0.7204175017049792,2.440419788205352e-07,0.3263082274125106,0.188728287336872,0.6947001883859014,0.7081966914241847,0.0015168659580749,0.0404003386917531,0.1937624468389245,0.3648008436366619,0.3994269939735871,0.0034348027359682,0.2119932838833317,0.2360698806874687,0.4917737697870197,0.5778249222110385,0.4410176785397355,0.5576739192344169,0.5993295157436375,0.6567818205536727,0.6808675726755308,0.7026166396316951,0.9018895281321349,0.8720741159934096,0.9595731266506156,0.964656391242794,0.953710912905896,0.9434209305124102,0.8615102411202294,0.8352001322095103,0.559332353912387,0.5351304759065737,0.2170935570233509,0.0914456965583155,0.1838842832822883,0.0465539659636689,0.3360978939658295,0.0588867843725108,0.5816811131679948,0.4967811398303109,0.9532764611759432,0.947200259797398,0.9514591771737038,0.8740169344845679,0.496331266503107,0.5790158622682475,0.6284557177478242,0.6201723574698738,0.8458352705366714,0.9484308662246218,0.9651411081275664,0.8872631101010471,0.6197944135261899,0.4417460110500233,0.2468954645764604,0.4757424877262255,0.6512668220820399,0.959765304884598,0.9595159486602924,0.9649514700747244,0.8303373776842373,0.9360816592147848,0.3824526399179105,0.4240431835861425,0.4639228426184898,0.9025731713283994,0.1862896253981666,0.8428159232038865,0.4123950763790731,0.7922143259530339,0.629956167917221,0.8156238577080238,0.9518229992383264,0.9793020574498492,0.9459190991476162,0.8318803794897726,0.2373766086832841,0.2320978276910594,0.0353146815925287,0.3212785232160251,0.6017913144166638,0.9249926551460884,0.5523259782304788,0.7658395677796653,0.5480711930586115,0.385643524096981,0.2640403217509076,0.4498595680424523,0.4864386176627553,0.7026166396316951,0.9461448848229368,0.953276461175884,0.7204175017049792,0.7081966914241847,0.3994269939735871,0.5778249222110385,0.6808675726755308,0.9136727862868128,0.8470312440187376,0.8708541843877947,0.8951567896862278,0.8770743070950181,0.9248843604526624,0.876489064390564,0.9137946680848472,0.8696662991980305,0.901669238049085,0.9248843604526624,0.8470312440187376,0.8841408379433473,0.938051765680007,0.9279936987337508
pcr,celegans_embryo,0.893138809331203,0.8724162927961173,0.9918648042142134,0.996699054305657,0.7595908554335006,0.8582243701885632,0.8911019466483046,0.9236929406963996,0.925822389042028,0.9728572300716752,0.3171278883883893,0.5210500272708916,0.4583615027821274,0.6286139810942818,0.7356897125334182,7.957838960407187e-07,0.582240799421228,0.6169721778099848,0.8448769337840981,0.9029758864377988,0.032999985363181,0.4041049920146743,0.5649517646799747,0.7765576776710439,0.7831339029574055,0.3822362338640296,0.7685876739053918,0.7521829179310703,0.9533363572850116,0.9673377317095716,0.6118939149864869,0.7983994262354005,0.7757935339886464,0.900488195195014,0.8922417633114975,0.6014291970254543,0.8800784710916219,0.8209323605744113,0.976219559510907,0.9857539200092104,0.9933749795404292,0.9917276848694438,0.9385971313904724,0.9147409564190676,0.5390309285221679,0.41084227337795,0.7823397861433824,0.695340916626697,0.6527889019904978,0.6258754685752282,0.9260886563859833,0.8811320420040091,0.8055376299163391,0.7905925293707867,0.971414684975386,0.9665532801993468,0.9109768825438418,0.9451267200293044,0.5456875707382196,0.6985878556891754,0.7058481496508405,0.7890802104898113,0.8387093734173369,0.8719982648963264,0.9955323739216246,0.9560847120013528,0.6411219153502387,0.8034917717861718,0.6967851270121126,0.9533254427668312,0.8608299767865658,0.9800393936909196,0.9911770688245346,0.9648443563139462,0.9194090447662072,0.9602866820216872,0.5923250273806154,0.7385755542559543,0.8044944128916762,0.7991321889327491,0.6817909260120907,0.75467884634165,0.9201058745429348,0.8796306961374983,0.8565604590544988,0.9022497236442584,0.972502119734462,0.9596208779987934,0.9813953437794596,0.8961078617987808,0.4989126570640913,0.7880141380521014,0.597171665472861,0.913237025060831,0.8125924392198869,0.9470079485865002,0.7595904340426599,0.8582243701885632,0.41084227337795,0.6436354017056245,0.5446919153450321,0.7353743344132206,0.6766108512393391,0.7173751795110908,0.921093817424952,0.9465021237052657,0.7356897125334182,0.9029758864377988,0.7831339029574055,0.9186915490991182,0.8922417633114975,0.9364190241070748,0.9216315961750275,0.9348079138822984,0.9428275021490145,0.9444086797871374,0.9689902693017236,0.9405855865548908,0.9618684145251434,0.9332620920166348,0.9509487084587608,0.9415582585515176,0.9216315961750275,0.9415582585515176,0.9628646219204818,0.9563137302908404
pcr,ocular_atlas,0.7368202617999596,0.6681754171749853,0.9576453145680208,0.9713821086336328,0.2825245001110373,0.6345425507540853,0.6901796556931098,0.7582357558825368,0.7601328559205983,0.8945854893963495,0.2530246487346723,0.3517569456353451,0.4372524194308729,0.7112870327007115,0.7329709039811929,1.9131855272323946e-07,0.425800787211254,0.4382431127238128,0.7703297167590395,0.8072229532173026,0.0,0.39955501989292,0.4174873499439778,0.661211306076526,0.7088793705095213,0.0,0.5477814035863922,0.3879049201739942,0.7603165290136061,0.8015092261976603,0.3446012064497347,0.4891828924133548,0.5080399338693702,0.6649546969953649,0.6472414202862307,0.8719665948980079,0.9280133959375678,0.932867080219844,0.9396153647506283,0.9855510347512736,0.918709973140248,0.8969142935023064,0.817964644814683,0.7943918044260077,0.6125739240931339,0.5873279269403087,0.5741043438625674,0.4827117311215365,0.5427356128825802,0.3941719775903241,0.6793038641115341,0.584505326064589,0.566228018322825,0.5113833342489,0.9694295946965236,0.9658196335171844,0.7853558903124732,0.8508876990176892,0.525092037384969,0.6921518342752772,0.6984954604610505,0.5811354446580613,0.7060405610777803,0.9571465383364688,0.953451601954692,0.8515335598744049,0.6724711269906272,0.723515182975999,0.6214231852745971,0.7490493890673403,0.6208654248138827,0.9803946352638384,0.9487747498635708,0.8974296804841336,0.6871662359671113,0.8758888332568447,0.6593193567603661,0.496171486804241,0.6182380454517076,0.8002467824636232,0.6024888456357718,0.8236352813262492,0.7235006144059718,0.856946179099158,0.6494301170877069,0.7331931614359697,0.9428948643653856,0.9680625358438582,0.8765134758242272,0.6635226403001087,0.5427849991945219,0.5367541465604171,0.4986724179998586,0.6591224993160708,0.5537340876623825,0.9424512868039912,0.6508939845994394,0.7245017519187047,0.5981664460752693,0.532814072936931,0.5301621458035018,0.54082303257832,0.5240927288828233,0.8719665948980079,0.9579552020334916,0.9658196335171844,0.7329709039811929,0.8072229532173026,0.7088793705095213,0.8015092261976603,0.6472414202862307,0.8945854893963495,0.703797706557514,0.7465214870627473,0.7713017177976416,0.7820388424457398,0.8578466856234378,0.7851520137612961,0.8255934886439548,0.7310565306879753,0.7958180650793425,0.8578466856234378,0.7228782346866346,0.7633807510867203,0.8771666627652633,0.8376965398629387
pcr,tabula_muris,0.8324872074217945,0.7726651989653482,0.9790134282212962,0.9846792263568744,0.1299200134874849,0.6696260144240115,0.4941330315205697,0.8169396187870757,0.6190951660522447,0.9552599727884034,0.4007154982262639,0.5345267567245746,0.6717230063962228,0.5661401937267926,0.8447743647383249,0.0,0.5624866256882024,0.467841538698161,0.9083201808800622,0.9247070361756676,0.0,0.3378313493835628,0.2869631562171613,0.7116214161721156,0.7778564783539184,0.086552234413581,0.487126406266753,0.6163182845302125,0.7872210155270858,0.8472142191029661,0.5714091847770193,0.6028939234605513,0.6889465612981964,0.6239595193417645,0.7989336423194461,0.6144418665000638,0.8371364802179971,0.8469617344367898,0.926882845664992,0.9498850725819804,0.9560174692389144,0.9515416885884882,0.9002907578603432,0.8809120074832484,0.7175462414259515,0.6505765346421728,0.815320939012585,0.8074794255908797,0.6229172762789525,0.4036654131182594,0.7151529144716866,0.6903657725763375,0.6913721541609007,0.5940960138589938,0.921416680934034,0.9041897890314736,0.8962316374723833,0.84075468588393,0.7354602716492995,0.7665311335216929,0.6179624871447107,0.8444932961977589,0.903089551124677,0.93143150837925,0.9743164131770368,0.9342723501942573,0.7892893108428403,0.8822460776956746,0.7248647075388875,0.7540314554038328,0.7332960462003489,0.9378910162868755,0.9676461727054944,0.959188260500526,0.6499386494419138,0.8036733094407448,0.5251643430216821,0.7689152969977421,0.8611420436649304,0.8942594440122106,0.6546174738921327,0.8607678645277493,0.7551416831358613,0.8426322323207922,0.6332226743205228,0.7106517500930112,0.9179567246673254,0.9534719273992336,0.938243538369874,0.657694982480711,0.5037467063002047,0.7498720893089589,0.5872087536823877,0.7398748754081471,0.5954404154445051,0.9129389547766672,0.751415951050156,0.7850228670084886,0.7175463139915887,0.6009197967814535,0.4989044227285348,0.63154612039584,0.5714091847770193,0.7540770676571572,0.96200744737182,0.9483066364057934,0.8447743647383249,0.9247070361756676,0.7778564783539184,0.8472142191029661,0.7989336423194461,0.9552599727884034,0.7764586702158628,0.8234279608887513,0.852313101723159,0.8227855059468347,0.9275134642240496,0.8213805182577874,0.9067594712858414,0.8174239770785962,0.8875933672983656,0.9275134642240496,0.8261899752316196,0.8648893499228553,0.935458000203198,0.8768299764408
