Metric,Dataset,harmonypy_scale_pcr,harmonypy_sel50_pcr,harmonypy,liger,liger_scale_pcr,liger_sel50_pcr,nmf,nmf_scale_pcr,nmf_sel50_pcr,pca,pca_scale_pcr,pca_sel50_pcr,sca,sca_scale_pcr,sca_sel50_pcr,scanorama,scanorama_scale_pcr,scanorama_sel50_pcr,scvi,scvi_scale_pcr,scvi_sel50_pcr,seurat,seurat_scale_pcr,seurat_sel50_pcr,harmonypy_scale_ilisi,harmonypy_sel67_ilisi,harmonypy_sel67_pcr,liger_scale_ilisi,liger_sel67_ilisi,liger_sel67_pcr,nmf_scale_ilisi,nmf_sel67_ilisi,nmf_sel67_pcr,pca_scale_ilisi,pca_sel67_ilisi,pca_sel67_pcr,sca_scale_ilisi,sca_sel67_ilisi,sca_sel67_pcr,scanorama_scale_ilisi,scanorama_sel67_ilisi,scanorama_sel67_pcr,scvi_scale_ilisi,scvi_sel67_ilisi,scvi_sel67_pcr,seurat_scale_ilisi,seurat_sel67_ilisi,seurat_sel67_pcr,concord,concord_scale_ilisi,concord_scale_pcr,concord_sel50_pcr,concord_sel67_ilisi,concord_sel67_pcr
ari,dkd,0.7836999944677849,0.07760312225285239,0.7606259148198208,0.7432875356049864,0.7335180872110562,0.11319891837003314,0.5735349854123987,0.652654334216193,0.6219463298441334,0.6471490047292755,0.7258530502757055,0.7063183541517368,0.56268672269452,0.6241487498197573,0.7508164354825764,0.7625506403919377,0.767476721255964,0.6986746091354346,0.8300014035858386,0.7556922518449614,0.18944780056895755,0.6896876898014938,0.7111212258168893,0.6533174844341005,0.7551835998789455,0.08914640022027914,0.2597995738528235,0.7071650073441024,0.6952357826715305,0.2323975866447782,0.6507261909420693,0.5618433246792501,0.6821495973622217,0.7599586231639213,0.2262194289067391,0.7201597394386705,0.600106479334192,0.6835865311055022,0.7587723990176426,0.7582676144248658,0.6405882634822917,0.8032743357166732,0.8165970965577247,0.10805549417835111,0.6113984520008222,0.7007533011868197,0.7084537189703543,0.6554548693188408,0.6906667651452931,0.6857140242632561,0.6886567370839737,0.6625946548035956,0.6660785317108421,0.6840889770466744
ari,gtex_v9,0.6219019523095026,0.36124113095654053,0.6307998372679291,0.5607380254648947,0.5724969642981045,0.19708414728504012,0.7106295172454268,0.6787610830886446,0.3980127080671675,0.6961429794934412,0.6970542914869919,0.6834049210528947,0.6690491854627675,0.6941186555508776,0.6505518800771543,0.6837936718418489,0.6876880546112217,0.4505329538420201,0.6871981325751444,0.6463862347215061,0.21631227847582982,0.5098422630198423,0.4984118495028365,0.4885260932306157,0.5758275610639338,0.4458004501060136,0.4267955704949805,0.5540427410412513,0.5043052581566134,0.20991255448440477,0.6026496053135284,0.5372446594525058,0.5055101781271769,0.6894952498974432,0.6441310382987971,0.6718501169203239,0.7015591885792242,0.6328109715761565,0.6996198272318689,0.6852266289720257,0.5685169360912848,0.6900305541200236,0.6564197138607083,0.279417685837888,0.6171118059332245,0.49337803788695217,0.47965912544512873,0.46684283294979007,0.6417756531012898,0.6593985062407905,0.6508547984241172,0.5537911760291725,0.6442186552033831,0.6160539220102309
ari,hypomap,0.6524048902357718,0.6369100175130683,0.5299474876199338,0.23952897376681956,0.27763792974532553,0.2080380815664482,0.3057050197266168,0.30367299794538627,0.6540958880093655,0.28101746313132797,0.281992681632653,0.4075914917857093,0.30449622706187873,0.296418387621423,0.3153736493680388,0.2593838076019139,0.27398106926870863,0.4793129752093009,0.23530878247748316,0.24289350906855336,0.44933107838122405,0.3010947326625978,0.2988921368348867,0.6020759037944701,0.5280984625469882,0.795816926543318,0.6966093855231651,0.24860015411399475,0.24368293237269603,0.17829106424197752,0.3030815864958427,0.4214644273919473,0.6165645145179027,0.2533140173226114,0.2733242399788715,0.2950609219762301,0.30325258991376214,0.24683754786351297,0.3083770763128666,0.2500598748046987,0.8285425292332513,0.384423383508075,0.24441981657135645,0.3912989644760864,0.2569211116767101,0.2894315909693365,0.5356464805703091,0.4998781626265603,0.207963061872831,0.22171857268505654,0.21957874605869906,0.18067103458859243,0.22539771830333455,0.20350760681734098
ari,immune_cell_atlas,0.5890188122217435,0.21095899132904863,0.5979233481171888,0.5319201461504096,0.520935570845593,0.13020423802039688,0.4413787824485853,0.45736806796336205,0.48596524366484856,0.4045078288204441,0.43116885903380237,0.40991570372345193,0.39445731858967337,0.45030058441489873,0.46430570801944526,0.6065891584994147,0.548109975812137,0.527959053331955,0.7061415948172676,0.6434205553808285,0.3296821887178645,0.689051766263391,0.6667691158679774,0.6428904885376551,0.6212245082420892,0.389269649257639,0.26348168649822407,0.5147583605151954,0.4261439136825014,0.19689852248009015,0.46436951876844057,0.43696241842133887,0.5478433386339929,0.44731900362178095,0.38681692679456814,0.49421200052124425,0.4058305686307359,0.418140154779272,0.477742669854802,0.5826439632913233,0.46563733825799014,0.5410619485152771,0.6895842010325434,0.4440240074560077,0.567202948209932,0.6771112300744205,0.6235187220095987,0.6537412459259383,0.7130286808682234,0.7240667444701441,0.7004376753194012,0.6817699966034718,0.7195803207996265,0.6623083356182118
ari,mouse_pancreas_atlas,0.8036159730220935,0.47827470175376213,0.8234072477614712,0.6337496321609702,0.6210794226894157,0.19202577703194507,0.37708097015682474,0.46142393608514787,0.4988023419292396,0.3405038075796832,0.37048203865909773,0.6291472025139494,0.3678690173878351,0.34699690593349647,0.49670833269941017,0.44297322762541663,0.48576705271462095,0.5455991598133041,0.8661867524575221,0.8494693289664668,0.4900745333325178,0.5596526819026139,0.6196099562544691,0.5834610055676691,0.8002459408423372,0.4127228962230048,0.5169823403838572,0.6372834877225099,0.5193325072405165,0.2531209401526974,0.4585825812415993,0.3810014232698675,0.7485530640347465,0.3132161631741651,0.2813799144471108,0.5206427666429513,0.34615253674523316,0.3972445784761303,0.4254320541356439,0.4233099209867111,0.4264208530961787,0.5471756878521206,0.854639944739603,0.7503895864348913,0.7913142176084171,0.627785783107705,0.5674286985451977,0.6117828476182247,0.7694664612925395,0.7978280384425623,0.8610177353482766,0.734808213493138,0.8402232522160699,0.8472895880203645
ari,tabula_sapiens,0.39239370858088973,0.34030271387729455,0.41848888148228647,0.40668281186519795,0.3993623553936655,0.1717786718784375,0.43839248221970334,0.42461340539224174,0.32729626232015524,0.44779925065562415,0.44285472818879745,0.45759777329849655,0.44304954541166486,0.4557940275258537,0.4609034871314849,0.44990276377881167,0.4609218344516506,0.46452232819522843,0.43011235826505795,0.46847997030017247,0.45707752218168024,0.4148521995215645,0.4008520888336925,0.36633532143400865,0.43014075523880285,0.39237691975218875,0.3907421235942182,0.38914684098088853,0.2713738192307377,0.2447265909843789,0.44227849405977243,0.36324022074058043,0.3800172290453389,0.445648172994913,0.4387012592929286,0.460834729050589,0.4618321753017102,0.46212357587600444,0.45490490248607496,0.4567453167858932,0.4512814156255069,0.41789008962085455,0.45487809360687825,0.450009306223482,0.4558888274721731,0.38982122761297094,0.3857622054967181,0.37075570094230814,0.45668562487877457,0.46930098165434597,0.4583472251138971,0.4140781741918154,0.46360644278113955,0.4315915127297989
ari,celegans_embryo,0.602010042554275,0.6566479577521702,0.5999107935832254,0.3927830789005719,0.40642358609271934,0.08307787850331777,0.6152034445443318,0.6717802482436496,0.39864979638404285,0.5542438371848546,0.5659114147262647,0.5078036313213006,0.5180249974961005,0.5770268011693017,0.5196803305843292,0.47226574573631147,0.5727933289077676,0.6272555954054367,0.7040051523699077,0.7675782393205689,0.593888810471342,0.58258779210857,0.5656082895414558,0.5388112785477789,0.7358147937512733,0.5606785414004319,0.47101084171526003,0.3925685898051531,0.3165298607881854,0.1473021936213211,0.561482061609574,0.41687219722259444,0.37838875761395213,0.740392385687243,0.6877970522355926,0.6179617205103584,0.6548896955558576,0.6481047583318059,0.5346388220966597,0.5542263234749175,0.6032143059398819,0.5535960497707774,0.7512773832788568,0.752283385606003,0.6679117958982494,0.6048702291344373,0.5932358200641265,0.6037222749830726,0.4065953364478585,0.42772203035511813,0.40730197997667883,0.35109080059624564,0.33601851751403383,0.35693868299396575
ari,ocular_atlas,0.5356535568384976,0.4018898932938656,0.5402128588814152,0.4868079988754966,0.4750895413094629,0.14280792193911787,0.6374837701658623,0.634403192719595,0.15003430942900794,0.648917907976789,0.6598847249848443,0.661071616462197,0.6485966082475214,0.6769585224901385,0.6508036031063332,0.6720966817861616,0.6720135655963778,0.6514226495572036,0.7017175658981704,0.6817393552116094,0.5811387400793292,0.39683346652488355,0.37481744752289087,0.2559169827610257,0.5451077293318463,0.5544858595428795,0.5596501507004522,0.48369371948208467,0.3782484474041678,0.3316158604265151,0.6351821127725336,0.28158003173315826,0.2913171606721282,0.6598957375286294,0.6615588305212486,0.664532826437726,0.6631353321966963,0.666690271732405,0.6752979271704489,0.6713482540762279,0.6603352392161372,0.6687243715898026,0.6667619187968605,0.6882964158291416,0.643654146413551,0.37060747826588136,0.35446717031693203,0.33757564366007037,0.6210053072656786,0.6172647914706273,0.6114888833428419,0.5779151382095239,0.5874837694601056,0.6142989324089028
ari,tabula_muris,0.6778764131688408,0.6020885182791178,0.6641229621431904,0.5513232598767267,0.5373516529696994,0.1207150154562492,0.7125781812263057,0.7660839366167385,0.18253709850274097,0.6710659431525151,0.7132654864085659,0.7174166412298952,0.6675211682058153,0.7299187380091613,0.7431576593718318,0.605992936568571,0.6317232208449032,0.6906815996816807,0.6752697840690917,0.6697201457027792,0.6313420946958992,0.5530070775024141,0.5779301011738993,0.5615863839495068,0.6588185445141851,0.5975222933974798,0.6155545354056277,0.565746170580744,0.5022382571906356,0.2249860461235648,0.6945042651000874,0.3660813580283778,0.35050122745883333,0.7238534427722689,0.6967900230290232,0.6978076739759758,0.7357852035157891,0.7288772971795823,0.7536569239212558,0.6259851645777124,0.6401232171433927,0.6898940355889525,0.6693973719168396,0.6904550840125346,0.6987571128722359,0.5855832366270209,0.5707408805411038,0.549831973952983,0.6867812855140722,0.6792471920777042,0.6850284249707784,0.5694512894751638,0.6471556157737932,0.6311529721656213
ari_batch,dkd,0.8257136823487762,0.9337363580415328,0.8357974562176702,0.8570927691872506,0.8573512164450798,0.9774897483746076,0.6243313223543481,0.6941284859653261,0.8291169312079463,0.6850049261770689,0.7958721983496342,0.8334941801316663,0.5584482270603796,0.6557236530122169,0.8248512671986061,0.8379529423616713,0.8370256324722923,0.8766164336135834,0.844226857549115,0.8878241278175313,0.9762055092993499,0.859364048465154,0.8497280178926193,0.8732393493180979,0.8374049063010383,1,0.9291091243291131,0.8638261492779927,0.8663012626767217,0.9647154523718272,0.6889932645985484,0.7822034660594378,0.8531207205597159,0.831345547297352,0.9451994871765346,0.7956862127289103,0.5461239769906261,0.7158960006389733,0.8317098643968253,0.8291986963959959,0.8165151171925434,0.845298435490378,0.8549927869510829,0.9876921616684134,0.9169907362951359,0.8505588152418125,0.8618318334260856,0.8751434580543266,0.8427727760385283,0.8555080617751479,0.8536048082218551,0.853981207294355,0.8591065758208096,0.8502751652138265
ari_batch,gtex_v9,0.6562802977297438,0.7659425898963159,0.6573750131469371,0.755218871661084,0.7368288449596099,0.9549913031737809,0.44454811904648184,0.5022980377717132,0.8538622084121722,0.44807267675272405,0.4475938502994088,0.45116808514380136,0.4661318535541223,0.45001408200987214,0.48774166733152596,0.4346704676078168,0.45654088065709625,0.6475079204273663,0.4953664727142302,0.5601322571973089,0.8271729133234469,0.7804925683504943,0.8216162050648373,0.8120889988224212,0.6440678250985294,0.7443678075911948,0.7323243970100777,0.75892617372209,0.7725967109244183,0.8995862205238377,0.5655893520757395,0.5092108711881592,0.7810711598333958,0.4518669332397178,0.34834759183086184,0.4738621758789158,0.4645208839912211,0.4576356006658428,0.4918276110624048,0.4355275497596825,0.4685914893274815,0.5243793449402369,0.598766659609227,0.7291644419682392,0.572050935561864,0.7990635671315903,0.809260263861769,0.8061128601348556,0.6534591429005245,0.6443629379564492,0.642687602724597,0.7378619406480462,0.6662504870566478,0.6510336436924209
ari_batch,hypomap,1,1,1,0.6381367185613831,0.7339932937446484,0.7604123827835835,0.9915433820199641,0.9593002174859742,1,0.9095082709789174,0.9018204285067078,1,0.9903475669129237,0.9393421053511348,1,0.8745090782935817,0.9011793535967754,1,0.8015617628682634,0.8445098287008028,1,0.9798285278503149,0.975732149500505,1,1,0.8318708662056662,1,0.650831232455646,0.6682334810320881,0.5831391907330344,0.9728065391843916,1,1,0.8373289709092819,0.971102643310624,0.9150959925557793,0.9485727618216103,0.8665846845331091,0.9750875759491832,0.8161050681467795,0.9802388062040678,1,0.8505255071304614,1,0.8165197491587951,0.7825414420021626,1,0.7343322549517242,0.8016290731230585,0.7946632265917538,0.7985793320245617,0.614889833258398,0.830596676494775,0.7580240194385265
ari_batch,immune_cell_atlas,0.8324969963516146,0.8891691712059524,0.8528797518074712,0.910175111665462,0.9167882939024716,1,0.4392141911341056,0.621735144625421,0.8730571985525449,0.368805453152513,0.560460995154911,0.822515276285718,0.4418732812275295,0.5033196619250202,0.8361031521115102,0.7710592971545298,0.8728418000354647,0.8468681108463536,0.8290420258667414,0.8598901129013722,0.9178701412823311,0.8995531247593554,0.8848390253598417,0.9023789955339658,0.8510892601170342,0.9251230657995704,0.8656685426803494,0.923110464692671,0.9531063456565355,0.954345485239686,0.5955106166295502,0.6859421857880132,0.8621947781534556,0.4766234255884866,0.7569685389807966,0.8009582127117368,0.44320886097449935,0.5832408902684664,0.6375040672873203,0.8500231706195169,0.8898344305524282,0.8772390084120173,0.8336207784378558,0.9113096445699644,0.8657687436881326,0.8965305354763354,0.9004987809276774,0.8875342846996558,0.8350590249853933,0.863303446263728,0.8299925031092539,0.8537244746873861,0.8919849289062292,0.8477861714453081
ari_batch,mouse_pancreas_atlas,0.8761891802280141,0.9354219346178823,0.8717122906577832,0.923347891655545,0.9211222509449848,0.9592877622386681,0.42279067416784105,0.4743856984450716,0.8489812226666749,0.26780940465668257,0.28138233762627873,0.6704682665490862,0.2555054060767137,0.28140546426148133,0.5379562903704229,0.37723100171712104,0.4892342538368175,0.6314078757920738,0.8136459117761408,0.8180835401258327,0.8712214898482639,0.9277421979577539,0.9540766996764154,0.9477402412323366,0.8776885027559816,0.8645141324221534,0.9204019841219552,0.9204856679305324,0.9103784997233371,0.9499167974205768,0.4751470640457535,0.716963346933501,0.774846015594609,0.18196846398191419,0.5207939435522971,0.5524660526418287,0.30311344492855424,0.41019857211284594,0.4277004232064923,0.4108200559631702,0.5717042808584072,0.5768670419359071,0.817687557351666,0.8185070019114704,0.834016283397046,0.9543363002583316,0.9667489370211825,0.9616842307086311,0.7922497823254117,0.8027760810969657,0.8211592703916055,0.8503086320821958,0.8338889867652753,0.8560276814679755
ari_batch,tabula_sapiens,0.7192885488726974,0.7363667046512296,0.7175641567961422,0.7959741641559108,0.8035518495451609,0.9133206648304089,0.5535455886840003,0.5920581871092435,0.7688933375660125,0.43894128495083,0.537529586383321,0.587490944282618,0.42601513535309077,0.5611860398280143,0.5616059061456352,0.5656787696026423,0.5502431265912333,0.5793073222186027,0.5831230075257274,0.6087312158059223,0.6162288852623493,0.788321596852503,0.8010253875104356,0.8097357383636558,0.7408786179336323,0.7795970763033515,0.7521533775917554,0.8056440183719847,0.843456158686221,0.904778132183721,0.5858226478602778,0.7006558957997286,0.6895900116527026,0.4047625543572417,0.511354161764058,0.5509037670412068,0.46336533294315096,0.46662679899780046,0.5538807545282941,0.560667316782082,0.5730184629283905,0.5452421643365575,0.5979920700600229,0.6151064234530818,0.6027194076913828,0.7683593019501913,0.778507282263254,0.7877060972463169,0.7132055093247528,0.7151719168902501,0.7246391783993941,0.7326730920874291,0.7099968677901554,0.7214578737576182
ari_batch,celegans_embryo,0.8496123909505096,0.9206314648027526,0.8839512664474304,0.8876629580816895,0.8948900975495164,0.9704787686349015,0.8205489401359222,0.852387348378667,0.9261603915393017,0.8034754892528795,0.8028451864747175,0.8437988945696406,0.8525665603176751,0.8361923068407208,0.8584413250994369,0.845222427445651,0.8015495471840317,0.8592684308050089,0.902310173444493,0.8854564587525031,0.9433369347148761,0.8580420711993858,0.8467199777912561,0.8929564614631719,0.9286202795539765,0.86650292207378,0.8997029807341271,0.885028096282294,0.8919124565220569,0.9559432667218056,0.8171177237539385,0.7994968869585676,0.9218298687708928,0.8963483777687941,0.8853401231762098,0.9539173703086473,0.8928083633357763,0.8322095192015775,0.8499962155692397,0.8080401108154451,0.8262470242531219,0.7987211656910431,0.8924373621365508,0.9018027801144872,0.929864354742465,0.8574138247563338,0.8480158636359196,0.8510354829895781,0.8838658495644925,0.8813606568650953,0.8788551358662937,0.90922306121374,0.9083854479622873,0.8864118909056997
ari_batch,ocular_atlas,0.6077755169796725,0.7248501278396323,0.6173289743992613,0.7679739182344902,0.7894874333895477,0.9410593189911055,0.5821492963060245,0.5793093496052566,1,0.571669382688715,0.5949913145993526,0.5970841670985713,0.6178820044777387,0.6102094373531385,0.5944177988660385,0.5992503074749027,0.5996114057587285,0.6026566571960766,0.6231435004195199,0.6252654642047231,0.6510147919266442,0.790644414995307,0.7823063624425998,0.904582080623427,0.6050546052070449,0.6580391867829446,0.6573420839777675,0.7786707773752626,0.8423446205630157,0.8886402898250869,0.5858529797912758,0.950979706025309,0.9346336165259453,0.5966079579647187,0.5985882446065173,0.5912618313350653,0.5953025759830186,0.6145872045192957,0.6009685153529903,0.5960332475962827,0.6289046579138128,0.6229830217728537,0.6185748174189052,0.6185354486597673,0.6292202719663053,0.7989618908324799,0.8232257688881676,0.8627755573309331,0.6525195746718632,0.67596697918426,0.6705933689878918,0.7094618276488965,0.6916842627257321,0.6588995400270565
ari_batch,tabula_muris,0.5912688462253916,0.6358106483464765,0.6070109286337071,0.7103970481403196,0.7218882176965021,0.9306655934978406,0.5486808660088993,0.47603921404950633,0.9027174548206517,0.4881930145729053,0.37248567556081424,0.4975203019271897,0.5150126265973651,0.4493578019728725,0.4592325555957623,0.4849840844650727,0.4728735820919682,0.4212933958656316,0.5825986262225712,0.5647712684156849,0.6162380816642671,0.726102619978726,0.7153509160898471,0.7010798039975275,0.6124848087720598,0.6439465953804472,0.6339554404093672,0.7075787459645433,0.7275081855281336,0.8541521859641937,0.5651659710771194,0.8006036505737917,0.7757411545935821,0.44724326571776507,0.4431789677357958,0.42014397530794223,0.405267875814456,0.45240256976662324,0.4611412604502731,0.4634594197534947,0.48318044185775794,0.44685852173467644,0.5587001848695808,0.5716761566555176,0.5811390321124986,0.6900838820777087,0.7083497253001702,0.7000410482590756,0.5631054185822099,0.5808528769454068,0.5773247735722417,0.6817156682421478,0.6225356784634594,0.6448147556658853
asw_batch,dkd,0.7111028995636972,0.7509895809106452,0.6739121223212006,0.6215905491178888,0.61493568550315,0.5635810575863452,0.5575048924031382,0.5350495050431598,0.4322138564863288,0.6269826204660499,0.651457650926477,0.6711973192401718,0.5781683413309744,0.5809282429887058,0.5684300723100417,0.6874254601270932,0.7095135876038837,0.7387799228608808,0.7098044657450661,0.7022720724699588,0.6793777267762019,0.44685897372745104,0.4574166862977608,0.44650390621417435,0.7348186491924216,0.7566210638632517,0.7579910443527209,0.7256057223008352,0.6956055613023031,0.5901301714378505,0.5353433977313049,0.5147571240665308,0.48875960688020703,0.6926324201554204,0.7037342535971906,0.6594749660283977,0.6174522629205061,0.644040222945853,0.5880162504310562,0.7659322671134826,0.7855779692743866,0.7211489778927851,0.7046006450603413,0.6776780346490755,0.6989886150010922,0.46885995879260545,0.4701533635175775,0.46745660144184986,0.44954253475279926,0.4234152189910902,0.44617335193397056,0.3863892567816881,0.3975137519805156,0.43950576070103026
asw_batch,gtex_v9,0.6419153271341299,0.6783146570955373,0.6079810342640736,0.4025962905314657,0.4534014777457223,0.4548929813946727,0.5278294271352901,0.545233154244529,0.5049278245947351,0.515524688648418,0.5112646569984401,0.49399715493118207,0.4899804175975381,0.4759930902860206,0.44859051407666056,0.6029466537986146,0.663040802232367,0.7123801586668645,0.6978772274975972,0.7079026076431659,0.7170784679675686,0.45779410138005755,0.4707587020670225,0.4987945857065276,0.689990852119481,0.7227186115266192,0.6909818967622514,0.3758639474257082,0.3517967263012721,0.4433476128119583,0.5110079344614146,0.49669531934031913,0.549058683091192,0.5217403457739405,0.5039759905867078,0.4956306551319966,0.47854559656416257,0.48034641106233733,0.47168855446579194,0.710111112091189,0.7235252856727422,0.6913541247725598,0.7113469709482247,0.7122800611276754,0.7056675867249038,0.47290400380916464,0.5224416122656221,0.5048529001555851,0.5227698320462709,0.5247672397339681,0.5271937171116035,0.5078434506701852,0.5091197203060511,0.5030245469945986
asw_batch,hypomap,0.3884061753065595,0.4013836387993037,0.3536360862437532,0.2825356631607651,0.2303812552315698,0,0.3698472949930774,0.27133149183335775,0.11912049937352645,0.5251819230076433,0.4994331397825697,0.4145293184030713,0.46748314622779336,0.410088720858714,0.3758371011880678,0.4161701280251643,0.4283241609853841,0.36900570508711933,0.550881150144349,0.5142314079901494,0.42078262705323055,0.21083478588737917,0.2196588438397578,0.17307501396028585,0.4176691116790126,0.4562813888950762,0.39763887661620395,0.21310188831942078,0.1379372378082102,0.06463145165246807,0.38426293930961175,0.28643740073136525,0.2070250738976048,0.5580154033266824,0.5666209321536553,0.4814188051400522,0.515892519899916,0.5060819851578455,0.40046117924752417,0.5030348040544315,0.5137886345986427,0.38855613170605546,0.5074413189337711,0.470296533137746,0.477422203354747,0.2346104353999562,0.19110397890684694,0.16922935422228338,0.24243229281656292,0.1932794405830233,0.19703636672324829,0.015929222369876338,0.1333525269545986,0.0856437932334371
asw_batch,immune_cell_atlas,0.7305049362927936,0.7533816472039829,0.7129949569932362,0.5415374282129168,0.5301702026177247,0.4665877045102387,0.5483421956152376,0.570146421342664,0.4865226255594673,0.5912051332472076,0.6664731924526952,0.701517429715696,0.5283405467644098,0.5905959023168365,0.589188231041603,0.6611067555722174,0.7080915661855579,0.6890070145821175,0.7098791877956547,0.716298493494057,0.6835836848038447,0.42888528254311614,0.4207843909261661,0.4051251821808559,0.7506096340298335,0.7559931363314758,0.7580486800179455,0.5331947829611774,0.4536918461317663,0.4934509885927901,0.5727935251049519,0.5531127762524598,0.5264896974424136,0.6817370523025402,0.6952281476706649,0.6908808757448816,0.6053043557010251,0.6252824741738673,0.5946999022944884,0.7040212822769935,0.705978109462693,0.7080238756609509,0.7158790244597723,0.7090746841625302,0.7118976105643521,0.4060542179153345,0.38938720419237843,0.4039357360283864,0.5001614151606413,0.4798799241959734,0.4837468210624965,0.3981655067615006,0.45263404969139454,0.4357394733957784
asw_batch,mouse_pancreas_atlas,0.5001755778267931,0.4429934868689704,0.44097395819628277,0.14293906022881056,0.07028069491137731,0,0.5050913134538112,0.47954930990042377,0.20590265290946816,0.6406293460262884,0.6631007566109305,0.5933461393398767,0.6134994638040423,0.6208190949944005,0.5883792250990267,0.6419380657529759,0.6630082566636393,0.5860350007213325,0.6454642469746541,0.6429521713863303,0.5557339040485108,0,0,0,0.4942533194066269,0.5006795759788945,0.47484730737631825,0.10897717057039141,0,0,0.4734126651893319,0.33713966051413097,0.36022731148905396,0.6907062480209427,0.6559587400994659,0.6245089812597641,0.6569430160062639,0.6350127669194795,0.6142082439971567,0.6921236976744088,0.666597752333741,0.6304814415771666,0.6440113845575749,0.5990197654960963,0.6080358178350442,0,0,0,0.33054310527141617,0.28707999990938576,0.2409458803994273,0.11368829556341069,0.2578550816163636,0.20333034136681216
asw_batch,tabula_sapiens,0.6780829456446616,0.6869787497999948,0.6671033117808882,0.4893422848049799,0.48653708395443634,0.42587668914060306,0.5813979523328785,0.5976598066606268,0.5817545798956816,0.5952475217621502,0.6041693512967329,0.6146716489421955,0.5971865789467259,0.6039179239427964,0.5961082712143775,0.6554906769925415,0.6721343181553896,0.6905371869246049,0.6276343133505371,0.6273871879230812,0.6238398267489609,0.5516015596709053,0.5579215621839053,0.5412743189177889,0.680452788766558,0.689512070495134,0.6808703368154732,0.47248464966909626,0.44949665548639745,0.44734009969806937,0.5887375466113757,0.5833151289549843,0.5799232698884823,0.6209744160947512,0.6097812130012563,0.6084007027223154,0.6074890280711832,0.6076705802984382,0.5985405094142999,0.6878519960718708,0.6953863695348326,0.6799073795462907,0.6303346004616059,0.630684622622925,0.6289057014730346,0.5539385579010956,0.5504998089713039,0.552083508189825,0.6205421398479142,0.6160542733311138,0.6173508865683457,0.5714661749864103,0.6032892113590727,0.5983371865663702
asw_batch,celegans_embryo,0.6862387511185076,0.6825940838423041,0.6670962706545724,0.3934083340172317,0.35442331656134446,0.2728080147518888,0.498685825668968,0.4833311249920664,0.4020848766997893,0.5543129796806409,0.5958385528982205,0.5912036309186793,0.5240319056781796,0.5543916695761905,0.5434207445251189,0.5270179610459961,0.5604869868094424,0.6123669897326534,0.6789414461517129,0.6878305870918658,0.6821573181103815,0.45332746659791257,0.4688892406249183,0.47270805195541976,0.6958565055815823,0.6942732762457604,0.6896366536214383,0.40785844142554195,0.42779125549110913,0.28705139327335283,0.48684529302723345,0.4595701528867521,0.4475535422964992,0.6034479198347164,0.6166761799480731,0.5912131214362014,0.570540626714942,0.5764920703469206,0.5528205544538566,0.5829137603291269,0.6317259502291288,0.5979881280603611,0.6897127842912197,0.6701695829245051,0.6861322295449157,0.48089964987175077,0.488190356131414,0.4664481897206213,0.5248760193637586,0.5102245008281316,0.516994416842278,0.43566818354431824,0.4729683405171414,0.47880460494144117
asw_batch,ocular_atlas,0.7967318079213782,0.7982325038555972,0.7927389610548977,0.5254351969057659,0.5325771651136795,0.5170935611371756,0.6398734062863368,0.6292984794857222,0.5982731767529392,0.7610446438814434,0.7600666446474872,0.7517988771332569,0.750830916955867,0.7488991893891941,0.7358170411519445,0.7859173616996364,0.7840753430202607,0.7736307984280355,0.7321588059746764,0.7277919724150681,0.6972375530659334,0.6051728891387413,0.6137394031147184,0.5938905374226172,0.8014194770592807,0.8029507130273765,0.7984986190291778,0.5316508098215579,0.5071776325801752,0.516732707253493,0.6326882799399538,0.6338930141318452,0.6335955307928762,0.7624860966484682,0.7585323623731763,0.7530926853974673,0.748177399169659,0.743856498429678,0.7420434668793255,0.7876697621430685,0.7846959126865568,0.7790589888797109,0.7292915223343109,0.7187126618997265,0.714704993097213,0.6154772848141061,0.6041903824433423,0.606722154929794,0.6329545403312951,0.625371378437544,0.6307732297658838,0.5846106694716433,0.6097604817458369,0.608318960276581
asw_batch,tabula_muris,0.8098732761798944,0.8160675730578058,0.8070123918355866,0.6546724322547026,0.6545042364503293,0.6258584835935729,0.7313398414031792,0.7219194314464582,0.68932110785916,0.806545875566589,0.8119842565035369,0.8126373000885816,0.7948488128581429,0.7977908337399774,0.7983237941621334,0.8204864367653782,0.8220048152321295,0.8159895427431078,0.8113286824187661,0.8078453713890712,0.7853566767101261,0.7231213295049039,0.7266286201437314,0.7246278663627401,0.8151168769425534,0.8195567215341801,0.8165286398696988,0.6443566223869239,0.6187298097496844,0.6444970244577829,0.7177067605032263,0.7004410990635394,0.7085722233241708,0.8151582478198219,0.8150572864514446,0.8139230514089777,0.8023342349768176,0.8023276305982913,0.7963677776709217,0.8260423480285269,0.8254916915494644,0.818504465922276,0.8073079082901627,0.8045909095433225,0.7961011896347854,0.7320234153261507,0.7304505331978479,0.72963388778831,0.7292369920733865,0.7191439351209551,0.7231771638615195,0.6983615434915666,0.7161184391889036,0.7146874758644838
asw_label,dkd,0.21331989401433674,0,0.30982006193558354,0.20362160445776664,0.1688498509657077,0,0.2481814842962164,0.2581485731258641,0.18027250389828256,0.2733553740471464,0.28184682963318436,0.10224723659958965,0.28556190757788613,0.3064873034631478,0.2736402821817509,0.3073780058849333,0.29302542861027053,0.12620606219284006,0.1631537117077738,0.10469939731937711,0.046826669779644024,0.3590755468203894,0.23080673285628908,0.07606985744432025,0.14566673527205312,0,0,0.07862123066587952,0.07872605448525229,0.008188309304658359,0.23065849639147096,0.08870854753109189,0.22657471643006044,0.167610091497477,0,0.23846393070653368,0.17549347596029852,0,0.28644579595284564,0.20270092506186738,0.03170496321470719,0.15996485915169176,0.09459201083337788,0,0.08960389675227608,0.20414474444917927,0.018349785425031996,0.07363807797693377,0.14150368274193453,0.07360784267189045,0.11517827345593074,0.03446783689600923,0.031199555575786655,0.06882455919836772
asw_label,gtex_v9,0.09192617831188453,0.03279965801981185,0.11264837083345214,0.06273960420142871,0.037833125586252236,0,0.15966233862202017,0.1407129568506115,0.01921049874779171,0.1367669695522501,0.11422126836888398,0.05002212605223551,0.12803570187312616,0.10831455699716375,0.05904024929372756,0.15578627600829625,0.14293360198666244,0.09278144099985677,0.1703156069747279,0.14568745157285806,0.08969001120335794,0.07093478711182777,0.06332003007468189,0.03842802447789934,0.06993807183427551,0.04790190285094086,0.04017844505275849,0.022458916167530752,0.010888871706514322,0,0.1262581834962573,0.11444322798882535,0.07203333077284162,0.05934490876000925,0.015631463852205867,0.07639095307488152,0.051391220855057214,0.01100442602675737,0.05222887330752959,0.12781596210854085,0.08183549410160336,0.10939940187449461,0.14125517893470085,0.09940907529174882,0.12480301000033149,0.04470517396027373,0.04221391921421629,0.0467795044760407,0.12420402880400779,0.10988978304428601,0.10174558039758125,0,0.07185804443057436,0.03178768704645792
asw_label,hypomap,0.27021127221134456,0.16739181226004532,0.32753592416788724,0.2101103215312276,0.23415776236967772,0.22471648389577506,0.18982862090891903,0.2156678307421561,0.2463550835026344,0.27626602085427393,0.2774616885252559,0.11749134439947281,0.28369379187826976,0.31577628722986134,0.17680489490295018,0.30338908843993934,0.30641675127485557,0.17929166477976416,0.16967961890166677,0.1676525646237535,0.1276284111315438,0.35378138869484493,0.30690955155030386,0.11997907875367726,0.25066827153743193,0.13502902916924228,0.1835453968150269,0.18174725195782857,0.2029830907220394,0.196124014154895,0.16344806836722559,0.07530196934808732,0.236239692105057,0.25192253523398933,0.0613179918287033,0.2407958723297884,0.2614977705569987,0.1508087597059235,0.33308170066828197,0.28548708582326704,0.15356194054829414,0.31923945122882375,0.1488346406399963,0.11490014190008252,0.14637358227948669,0.2728145500502686,0.10290654348974695,0.11294947932903503,0.018211557908438078,0.004821237902468658,0.011993410380242252,0,0,0
asw_label,immune_cell_atlas,0.1388187712950689,0.036186389608477684,0.14505030253397277,0.15672039671471913,0.13094136566210396,0,0.15176577719311748,0.15772155881242617,0.11058144406216215,0.15867114571927157,0.1528691896297467,0.06203210231726571,0.1641876766292075,0.1718104498175296,0.13407764833820549,0.1742064109149363,0.1756831765706935,0.12512625749657916,0.14221186701248603,0.13235069670576036,0.07083963485848337,0.200902612705368,0.18682277372379302,0.12226959351869253,0.11688655472611126,0.05404009028708912,0.047757291901228766,0.14622658607781538,0.08558146480449251,0,0.14402639795928548,0.10329390926741319,0.13410343917002002,0.11723164020964663,0.04751972838176845,0.08230030509480381,0.1542545088240553,0.11464617939989134,0.16641295990955232,0.17250391074428864,0.09166476690950191,0.13343078835333858,0.12656857038176753,0.09501025113679205,0.10945243182590388,0.16315344156863842,0.08725328565733091,0.13391901682667304,0.12225312503852108,0.09759258861215765,0.0805021219258329,0.011446004921309672,0.08369752054263933,0.05680656298455046
asw_label,mouse_pancreas_atlas,0.17634961021377424,0.0090960523055742,0.2445089999537552,0.03395910522884626,0.02650754149472906,0,0.12603442933351885,0.12339973815596102,0.13124251307644533,0.24202279138701047,0.1841169885781042,0.11467411928464084,0.2299840417661304,0.2149004020187592,0.14941989438956893,0.2415938750475861,0.17810501199579834,0.08418845504579195,0.13426141746113832,0.09776767389638552,0.01765602969359114,0.09081263685548235,0.08069670949047636,0.04912231408041234,0.0887559172967429,0.01978175170975476,0.010088375740260516,0.022111278941522247,0.0006680880191391788,0,0.07495853926064412,0.014954937933446908,0.14465816712511106,0.05709741945331627,0,0.10301077569158389,0.08748310809118644,0.05455632636973559,0.17513405344689895,0.06458356636481088,0.001718077148286103,0.10693409930610913,0.08789463526659663,0.03274798265990156,0.04359216992915856,0.06459830818411298,0.02489117182951542,0.08160615962057187,0.08553629056611636,0.024134592601713065,0.021178469963647435,0,0,0
asw_label,tabula_sapiens,0.12662086027028394,0.04912419433063762,0.12697299599134965,0.03923156477584438,0.03742417089270351,0,0.1592120341397508,0.14240292715098882,0.018577004585221667,0.17484272473042406,0.17072082327566174,0.15695813156561353,0.16522924445151993,0.1593309732468314,0.14999678436198463,0.18629988489231916,0.17974470509238819,0.15237357413868197,0.18732710612992803,0.17898309868463255,0.16490684241051212,0.061396774554383186,0.05377681369305206,0,0.12562172315361791,0.05714867917093237,0.08498120052117134,0.023758128682646536,0,0,0.15633553167890943,0.0874003316064807,0.07224227204412309,0.16012857324324842,0.12116077962804965,0.16384509387741328,0.15491120309142145,0.12327245184719335,0.15649642907301342,0.18480697930756632,0.1669486761290813,0.17214211507458352,0.1807744600897486,0.17597845161386605,0.1799638120302149,0.03176614539047908,0.0145557642319829,0.009797936551518472,0.12526347742789662,0.09077765100089866,0.10586825204815951,0,0.03579306756454099,0.046415316209570796
asw_label,celegans_embryo,0.154101721997257,0.03899618960203814,0.14529936105825703,0,0,0,0.050682915389554065,0.04699988287077441,0,0.10666924138638828,0.11815239135545332,0.06584453208460887,0.10064573809119026,0.10348841709742194,0.09112488045864287,0.14438655312549556,0.1594639733892334,0.11646701477818378,0.1701958581432524,0.17150205749694963,0.09762617543630134,0.12607162357273385,0.1285648296807166,0.04666309163837967,0.1209366726766486,0.04459836492343783,0.05176888229681014,0,0,0,0.05719758036554422,0.028023267438731476,0,0.11188061618199457,0.01567902926597634,0.10122081788224767,0.09707308904230916,0.03115062366083206,0.0847609753784053,0.17095730275447638,0.11843518201731758,0.16639794098302946,0.16825065599659914,0.15556532320104377,0.1195563578103874,0.07523735697440899,0.052453576452099936,0.05920462563054047,0.12920487165352212,0.10934338734186398,0.1201000808163913,0.039879970101224814,0.06345588638864073,0.08601230858670438
asw_label,ocular_atlas,0.21761693625522632,0.09097321706130937,0.2202257652885698,0.1446267576155729,0.11065328045325043,0,0.30733390173806063,0.30442157017129495,0.09476411041829882,0.30001903837473276,0.29611029652251725,0.24407463919786615,0.2923443704126849,0.28684328878658255,0.21906805378369953,0.3121100776887788,0.3099623560989896,0.24501777167069322,0.2890564983237974,0.2694196846477437,0.17759509230843432,0.10402002540533652,0.09472147166330702,0.01853766789378275,0.21115193622846512,0.15189371977647495,0.1529516482173856,0.13419816331264484,0.02921931169685538,0.014569541865942096,0.30856470917322554,0.15187889125519638,0.14399823491404992,0.2804208441867847,0.23208272134087257,0.2761285529035962,0.2659300588635345,0.19725411805879886,0.25132102208109103,0.2865499406623215,0.22556188659179882,0.25637922523928,0.25297423926813895,0.27997762901890283,0.22489233382813395,0.091786749958122,0.057316969801791975,0.05461739839627911,0.23496178689596578,0.20218106736404165,0.21874726968079902,0.06577142581726513,0.12095869408750767,0.11611410604341423
asw_label,tabula_muris,0.17289345177102872,0.051985675714737126,0.17865628214147578,0.04387984990790543,0.03722797918570198,0,0.2817621377359628,0.23310322341716336,0,0.288727017358885,0.27079365264364696,0.11342497778436289,0.28910235707533827,0.285878873857865,0.19475162390308784,0.2845285765181042,0.27545977165944063,0.24024335082784332,0.2610935399541329,0.2392041695193019,0.14185435744540478,0.14998445303867058,0.15635762071084042,0.09725925937048016,0.16107591418322653,0.07153561827031468,0.07970660469761148,0.022709263591541164,0,0,0.2667334457265089,0.11360270515495816,0.07380238240393705,0.23121430655773995,0.12872928643809486,0.1483914408642062,0.2541607729884319,0.14530914515197044,0.2354855751616578,0.27753412676934824,0.16609336910643954,0.26272712628510453,0.2171857171704003,0.22301122950500624,0.17787877057138904,0.1566693078280008,0.09814366082016157,0.1252994926853954,0.15183645293332948,0.108623080709874,0.12467690897278991,0,0.08576032683477994,0.06886201136187117
cell_cycle_conservation,dkd,0.592214199061575,0.08585668506467713,0.9821769006435104,0.4940190149254753,0.41785047569122286,0.19492201723653613,0.7790414408634436,0.7134196996389509,0.5946054069373776,0.9552724166730971,0.9491548696585135,0.3759299163982903,0.9012187640805995,0.9135477979912787,0.7359424933976364,0.9723050473762377,0.9685930813473499,0.2759385600558896,0.5672450012486608,0.3289482007850151,0.18260077174740735,0.9585786135794361,0.4910934817562615,0.3943880351311629,0.6229595173896696,0.14791362758918541,0.09227608567129296,0.4769313685490326,0.6580690213496198,0.2306135661909659,0.6851301308351534,0.49805714530270445,0.6346661585403178,0.668416481752819,0.4389993740987046,0.7607326454473793,0.7104989795845786,0.4076520526706805,0.7787392698436656,0.71721961706037,0.4524526974312842,0.49990422439134236,0.31292505350391686,0.1691909095654174,0.33500313654995445,0.9066405514155612,0.3358790060294843,0.37169285217053494,0.4393633519950415,0.41858971279175483,0.39526960764883373,0.39241563463315404,0.4176848640334424,0.37220251706712315
cell_cycle_conservation,gtex_v9,0.7346130769670244,0.35042778187388046,0.9037514470605246,0.6692458576438792,0.593825124104121,0.48365836025588965,0.9641625281682413,0.8756645890148143,0.7642851811613339,1,0.922484916728432,0.7328931857677679,0.9771777855922753,0.8505650360237824,0.6438717474967125,1,0.8567326450631372,0.6186177102472675,0.652115156444488,0.5529973243953289,0.4454378905945273,0.6871882720730098,0.6997443514391063,0.291590084963065,0.511183879998883,0.3150802119657775,0.3963885512165564,0.6450673282959696,0.6426467972397475,0.5404001350146813,0.9005936251676596,0.9597046939698979,0.7586719232983098,0.7908022563625207,0.6829719219007878,0.8300877926826747,0.7047599471915784,0.6948157654149537,0.7380729665246586,0.6458618052071101,0.4458688638551054,0.67924171729961,0.4951587093551207,0.38651182533592715,0.46107992720922153,0.6843483858781899,0.5136284745054938,0.3309835323305019,0.5841733670470836,0.574079343889002,0.5164536646801792,0.4841848829459884,0.5593886136004105,0.5055583702933614
cell_cycle_conservation,hypomap,1,0.4123640817339514,0.8074436089949827,0.6817292484402072,0.5517943427042447,0.49157728147405233,0.7762995727489918,0.7158518260166088,0.5025604622378106,0.7818678056891188,0.7995428499042264,0.7242364763353328,0.7407004009132545,0.7691150247702739,0.6026906065460487,1,1,0.5759517913271358,0.7694127431287198,0.7622271007080202,0.7363277268762699,0.6640124363635111,0.9890953486749305,0.26666027894780353,0.9664066341068207,0.36231789488001725,0.4855330630371598,0.5311327508176298,0.4495743115743184,0.5479557275646656,0.8168687025999679,0.8270880443956423,0.5547465109688826,0.7779271954407063,0.6933030057258461,0.8193311428871772,0.8933354246867792,0.9545678708813864,0.6777161161046488,1,0.5648123137559591,1,0.7443238900541794,0.6720241701629174,0.8131851012978909,0.9073245458981991,0.3765158424922831,0.40686210007885587,0.6003504363114531,0.5997107423591793,0.530050816966103,0.3528331492761812,0.5736101772069422,0.4127369577232033
cell_cycle_conservation,immune_cell_atlas,0.8868296763134969,0.39395575484240586,0.9611788636400875,0.990725666415389,0.7184484023284005,0.47342082493288973,1,1,0.8241672304365163,1,0.98065879225814,0.6339798285618586,1,1,1,0.9134720898447871,0.8452820982918329,0.7042899749007071,0.9384329090629318,0.8550919278700528,0.7855820341874555,0.36450916109852083,0.21818859908059493,0.42595267041068147,0.778094474735742,0.535365833646952,0.7309835354469718,0.8074916874147691,0.7109622827123835,0.6595780953366629,0.9441592730079479,0.9230050167800012,0.992970084004966,0.9298147727022551,0.6847399005473587,0.747863502775981,1,0.8828008820062101,0.9190134949321072,0.9408867864237692,0.9061550834726859,0.7410257604668791,0.8626986916953814,0.8128698621561473,0.7196676511220301,0.14906970377416184,0.0918681165701141,0.2268088816352346,0.6081881876259515,0.6704970980107554,0.5973302956942941,0.6785012993758851,0.7075684634909565,0.658239014863643
cell_cycle_conservation,mouse_pancreas_atlas,0.7643721493960592,0.5743845608018223,0.9517678950013921,0.5873681846653928,0.4998103808098444,0.3611496501955467,0.8018131344475279,0.7336657085717392,0.63930599901453,0.9999997685281571,0.7877550403219973,0.6408739516975966,1,0.9487448820816523,0.6361100917676893,1,0.8592645940725109,0.658832019504384,0.8542514980589935,0.7658054497867011,0.5364607803980989,0.7740957666205474,0.7224620769091403,0.6516060103855581,0.6238261193663573,0.5502356607140922,0.5533459135232058,0.6512030201746897,0.6553534007448719,0.3419189039138289,0.6938416687189274,0.6608074598293392,0.6453800363937507,0.7224135318941908,0.6537035296523711,0.6666717674143089,0.7896295234445437,0.5710053636462713,0.8368386621913436,0.7148610237322548,0.6712277477392162,0.6566779427843494,0.7316917171303736,0.6613539478259323,0.6177996627792418,0.7094526814928283,0.6544695946548219,0.6866719307960216,0.6320066414976937,0.605623688882505,0.6004668881810271,0.6370051834101034,0.5988619196840597,0.6075122985955598
cell_cycle_conservation,tabula_sapiens,0.5396028608812138,0.32584046006535594,0.8784529535401856,0.7483074454091939,0.8065207020035922,0.7566531340314347,0.7617382433422298,0.7055997437150853,0.6558127930737062,0.9049505255993441,0.9219821291090579,0.9193614544801035,0.936508187519201,0.8410149870954925,0.764219325735964,0.9174370878078476,0.8876448317852815,0.7806077472566615,1,1,0.9882299345913412,0.8880050015181763,0.8015809271862586,0.4404544601250094,0.5841383833891116,0.4056641287764666,0.39221891386027563,0.7276178963471895,0.8538936822273202,0.7674046015790202,0.7391500840473921,0.6865210160371857,0.712558505999643,0.7160417620054031,0.6343852094139443,0.8501007983992329,0.8461950300106202,0.7851081443988621,0.8638057185041776,0.9086595022822865,0.8912398701344613,0.8071218001042698,1,0.9867112211569874,1,0.6223906580825571,0.5733810485496612,0.49201779783349764,0.7062080772879618,0.6393051672286958,0.6906325659544149,0.6288925154981337,0.669897177067371,0.6978929414542724
cell_cycle_conservation,celegans_embryo,0.5880372036852275,0.13134807817806743,0.9616548350130854,0.3211122924464841,0.21720620548552316,0.16916144702673402,0.6676596590875328,0.5909464516398539,0.3872169707688097,1.0,0.862065425964354,0.557039043912784,1,1,0.9626620609609311,0.9153471877000399,0.8033458702830908,0.22338662187773659,0.6217479476951496,0.4993943247265643,0.3282682835467412,0.7044145454065522,0.4723740462130188,0.15251642915583002,0.7115670745860758,0.4878722394440994,0.11892822025809698,0.3329273266247174,0.32483685820303737,0.1981178411506037,0.5640315283291312,0.5407345166123263,0.37511938675351714,0.8374019432378674,0.5506552875165271,0.9660937416076475,0.7780053834995099,0.8934880360692304,1,0.7628314268990092,0.2841955857518187,0.39233371208492823,0.47980655975171366,0.6284285099691718,0.35057217885386227,0.4587229519599994,0.3517063692671793,0.1955527923640659,0.33440745464370125,0.3066878341616196,0.29062491364774357,0.19421581650471262,0.2732189932273184,0.2231956951613272
cell_cycle_conservation,ocular_atlas,0.8452329641498565,0.35119471478278763,0.8253580767285904,0.6948468279800285,0.6242561069934119,0.4180882397695243,0.7307754402417969,0.7545090798945233,0.4707302817276884,0.7639423805236788,0.730329203622443,0.5552311957944285,0.7470904283510019,0.7458983950671787,0.6074344380656252,0.7742789885212251,0.7898691400505355,0.600510487451162,0.8282884782900294,0.7756911596248173,0.6879178882140683,0.6832517189591383,0.617309905675458,0.31909553787340905,0.7510471691517582,0.4449340645384512,0.43591503145679805,0.6972422691697213,0.6265529900474476,0.44771090581915685,0.7326988492336488,0.5444012979822586,0.608736860739242,0.820256646008245,0.5365440306230315,0.5985277250078722,0.7327042132596434,0.5940931866668814,0.7236057873889311,0.7720078455702034,0.5756196532548151,0.6615862377681629,0.725563022735173,0.8235435371762767,0.7485220805741533,0.560195035310975,0.4350009850646733,0.3377844060245486,0.6060824749757542,0.5969244142858668,0.6020951831932041,0.5874250367084735,0.5771764501322507,0.5548142076806246
cell_cycle_conservation,tabula_muris,0.7784149380240376,0.9721367237032958,0.9817767872716413,0.7075616187501808,0.7213965110292605,0.23243108283928143,0.8254857623284181,0.8365036170474054,0.8522679462797368,0.9893644149404995,0.9691674133981076,0.9441192011049958,1,1,0.9168330072310467,1,1,1,1,1,1,1,0.9635280848865477,0.9821620354816976,0.8265462382617581,0.9375636828894447,0.9327316480540887,0.8004387519290542,0.7856513813481437,0.752557754551745,0.8056262904820347,0.757386493000431,0.8253591862606822,0.8955527256057534,0.9837191657088429,0.8747364469103336,0.7901400734810071,0.6466249696172008,0.9730318035165466,1,1,1,1,0.9696280590419798,0.9712501814592779,1,1,0.9862386584938388,0.6974205248154526,0.7474400736347053,0.7934629089831513,0.7945928963164737,0.7292838871101361,0.7573964961114568
clisi,dkd,0.9987495568369045,0.27770770692427815,1.0,0.9964199805397214,0.995503841580838,0.5611245531177155,0.9989104144139701,0.9992675532384409,0.9860842040023401,0.9993213528906589,0.9993501367161847,0.9460769096403793,0.9999887986107289,1.0,1.0,0.9997609904458389,1.0,0.9538781859065538,0.9977332764264492,0.963656977045556,0.5427830963354991,1.0,0.9992681783851209,0.9956998940140811,0.9972659896123471,0.36199035341946845,0.368816442952917,0.9901760295434631,0.9883793872729245,0.8226988738939067,0.9982182708207211,0.9850660616552689,0.9973402815782474,0.9979891469479109,0.74297575066059,0.9978006984290348,0.9987590510983649,0.9751641017847801,1.0,0.9970046917687442,0.8915528750079339,0.9948926530523026,0.9593718742850328,0.4387266645643637,0.91784701961107,0.9993391241918816,0.9961380363010354,0.9957199534121123,1.0,0.9992085171708581,0.9993988544389066,0.9966130454353442,0.9986312478359298,0.998041588336109
clisi,gtex_v9,0.9774114546822217,0.842618627100146,0.9822254520640724,0.9291102293617725,0.9164836345675457,0.608767698591309,0.9950120155240973,0.9940448953513601,0.8568887437537342,0.9969676868200491,0.9964297434612983,0.9871056954258091,0.9955379048647494,0.9953123262040823,0.9860733497128695,0.996089283438271,0.995081366250714,0.9173181627168535,0.9955256201106188,0.9890953852712491,0.8006327978092147,0.9402852926255649,0.9358074749780717,0.9066726890712703,0.958498638391699,0.8602679466981067,0.9096680953251645,0.9260904723238117,0.9061994426064442,0.7724009246703175,0.9936722352615373,0.9759832015967989,0.9346388309053713,0.9954057957774414,0.9852834125045119,0.9943403847893163,0.9943064414090116,0.9834370684903428,0.9912578506964327,0.9941640710508346,0.957184655747869,0.9866500829281577,0.9880193542516218,0.8203285166783334,0.9584616886082999,0.9352965558760968,0.9205247732968672,0.9170488107369649,0.9945807414920436,0.993554904915646,0.9938351727797018,0.9809674718023983,0.9880464491609249,0.9873872912061478
clisi,hypomap,1.0,0.9911811876646851,1.0,1.0,1.0,0.8693671680721082,1.0,1.0,1.0,1.0,1.0,0.9971080146759638,1.0,1.0,0.9989170053321355,1.0,1.0,1.0,1.0,1.0,1.0,1.0,1.0,0.9948158068431195,1.0,0.9928233700919445,0.9976376882348752,1.0,1.0,0.9953892214360475,1.0,1.0,1.0,1.0,0.9721621606074592,1.0,1.0,1.0,1.0,1.0,1.0,1.0,1.0,1.0,1.0,1.0,1.0,1.0,1.0,1.0,1.0,1.0,1.0,1.0
clisi,immune_cell_atlas,0.9656794620434686,0.7010347666928972,0.9692229774140441,0.9497993869156273,0.9457397544391644,0.6905713526341384,0.961681058745552,0.9637897473897928,0.9280491909954933,0.978531554616987,0.9768404684269844,0.9045664946921425,0.9820916323172496,0.9809168707846233,0.9710218876470171,0.9806799407419565,0.9783466602756848,0.9440981017756819,0.9843272863620703,0.9787776336857424,0.7989714569019195,0.9808935213656093,0.9799360704263019,0.9678359559013741,0.9607442577744241,0.8452387884101952,0.7979915408897194,0.9459933623338744,0.9061121124422297,0.7869461371431086,0.9570623692804979,0.9245003687704703,0.953550875794397,0.9717965634847915,0.895628367093219,0.9572305246631089,0.9793244057326065,0.9541987245693371,0.975551702509888,0.9783224005352013,0.9110375489483018,0.9571764901239923,0.9744881825114139,0.8956798102101612,0.9454910007112538,0.9782630484514783,0.9665881378748148,0.9737456611547022,0.9956154041349755,0.9949452749064324,0.995374543087704,0.988980201679056,0.99236501606788,0.9935973928460758
clisi,mouse_pancreas_atlas,0.9980969606338109,0.9202519243133056,0.9990173263960754,0.9741135984945589,0.9712234852478082,0.7517832643635085,1.0,1.0,0.9865630762557291,1.0,1.0,0.9975338062215187,1.0,1.0,1.0,1.0,1.0,0.9975766044645992,1.0,1.0,0.906633189282327,0.963123443930808,0.9616519481229485,0.945008214015542,0.9976368898782283,0.9254971659602433,0.93557219070102,0.9736074909027889,0.9565060494410355,0.8505817879584459,1.0,0.9822140540883988,0.9985785837029757,1.0,0.9630579496003242,0.9991740641758512,1.0,0.995205428752425,1.0,1.0,0.9758814414908703,0.9992959117988162,0.9990733926120188,0.9724372695446587,0.9837414853584064,0.9606119417152728,0.9393439225515094,0.9560316719222463,1.0,0.9993923709997193,0.9992597013335134,0.9939674123705543,0.9974341650976006,0.9979521672543941
clisi,tabula_sapiens,0.9536174389270866,0.8943506794681868,0.9549202358043677,0.872517014914385,0.8703595231291581,0.716456831420772,0.9820448436804042,0.9781820380400061,0.8855427031604801,0.9899135997508827,0.9887734188576861,0.9819670664154012,0.9884851395364538,0.9861338727372524,0.9814797019216996,0.9864677565414108,0.9846695409497707,0.9699156884982281,0.9887140065666946,0.9859078876771051,0.9794968710053771,0.9027675193057751,0.8985984042630244,0.8776237566789239,0.9518227034653061,0.9219315741095858,0.924935861393255,0.8701721149539026,0.8141167826530321,0.8017430788856147,0.9797277476505029,0.9399416555306132,0.9415542759680997,0.9867524595792071,0.9837039212549639,0.986125524046949,0.9870704326124706,0.9827424341904571,0.9848643482473536,0.9830964864085372,0.9780703362560564,0.980311155971822,0.9866087140187233,0.9842819673616889,0.984545356121492,0.8969155015286328,0.8897567998830738,0.8858895053536585,0.9762083423637502,0.9728410182153719,0.9751852890409286,0.9544338411761171,0.9604378714664182,0.9648734970781395
clisi,celegans_embryo,0.9992422952437241,0.9733484008127484,0.9991845821487653,0.9976224865752591,0.9965601437139349,0.5622955466823799,0.9996625092377746,0.9995390113255874,0.979148926332029,1.0,1.0,0.998149903909169,1.0,1.0,0.9991364619247336,1.0,1.0,0.9939883035328353,0.9996089462066237,0.9993954615117585,0.977480963079,1.0,1.0,0.9955507084125205,0.9991778855519484,0.9869469951048723,0.987216037320963,0.9965227487196954,0.9655350585645738,0.831948800358364,0.9995234825791531,0.9946235327429419,0.9923570921554453,1.0,0.9963662505845885,0.9993503070652998,1.0,0.9988978722990599,0.9995071154296141,1.0,0.9958823817625042,0.9996459333073979,0.9993595107030293,0.9992025629383812,0.9933222079594208,1.0,0.9991809188040458,0.9981817465059181,1.0,1.0,1.0,0.9972097788583869,0.9993540845896888,0.9990425282634651
clisi,ocular_atlas,0.9836927169059401,0.9442905172600351,0.983746997778036,0.9324668113296711,0.9281014451212232,0.7711183620532253,0.9969004962122517,0.9965356242688507,0.9106993744195889,0.9977986490564285,0.99785662060828,0.9964669718352708,0.9974467862978318,0.9970275838971221,0.9946978159471547,0.997796358024727,0.9978269110276229,0.9949337075101671,0.9986358362281819,0.9983566888433597,0.9873915962546138,0.9491876630950046,0.9485943728910222,0.9083919606275344,0.9829936937086667,0.9754676607252195,0.9754282192921542,0.9319120508404797,0.9020928867356816,0.8947983436538426,0.996526639461726,0.9552401011246207,0.9519890612167344,0.9978917123469858,0.9971321587371427,0.9973369285005006,0.9970505213824874,0.995374237346872,0.9966182712546235,0.9974428670544342,0.9959404585662369,0.9963126058741186,0.9979052165608177,0.9981489004543276,0.9962529340166696,0.9460523155619223,0.9357838294447751,0.9337185038658241,0.9989760801832771,0.9986463488286853,0.9988427594970646,0.9944320685243344,0.9974837606534266,0.9974353763432092
clisi,tabula_muris,0.9889966840724512,0.9670547189239299,0.9879166828031049,0.9396251433692829,0.9398120366265433,0.699416125254239,0.9984411574417451,0.997608873813711,0.85549847261258,0.9990532477213637,0.9990700470804216,0.9930202609547578,0.9989525015030682,0.9988569141084592,0.9973462275558499,0.999093586957714,0.9990558134997152,0.9977741331890277,0.9985053997012899,0.9983835169442008,0.9817579142428035,0.9804476866064924,0.9780152033447328,0.9675364164478994,0.9879999168699122,0.9744330944595505,0.9786449905333008,0.9417256008825822,0.9269948417766984,0.8335496414900491,0.9979382102568787,0.9490127493577862,0.9406645161552087,0.9989210460525737,0.9963617768679115,0.9970010652592937,0.9988114568553118,0.9969996874732031,0.9983897634108236,0.9989005402359206,0.9971006548266801,0.9987163491326737,0.9980458460802484,0.998041232181473,0.9951173421511192,0.9772448155220093,0.9723422025359798,0.9738616420158596,0.9972490083051476,0.9953085578104652,0.9966949163925684,0.988018368036044,0.9927628792133715,0.9925709082906581
graph_connectivity,dkd,0.963773363367953,0.868045417104637,0.9698462520942294,0.9465387782152624,0.9328142488061192,0.6770218098520807,0.9773094225011552,0.9743053455880473,0.9458340763100939,0.9591831038753262,0.9627446425754497,0.9394447589188892,0.9643344501766382,0.9628844077766078,0.9579632844204324,0.9598896643542806,0.9578598785158052,0.9338131394448375,0.9758228580023856,0.9704371801748585,0.9400465389705592,0.9746119854732684,0.974123960477404,0.9626012995785995,0.9623523372021778,0.9207839775831124,0.898307177121868,0.9117589572315946,0.8719432786598216,0.8693649209760378,0.9769662186878689,0.9481286574103004,0.9571101883885741,0.9605542442767636,0.9285582225989873,0.9559029794967019,0.9602620497337189,0.9373390722004498,0.9586779334304865,0.951359735064115,0.9207448349281355,0.9427318269776515,0.9685076952924995,0.9200125885487782,0.9677965400113644,0.9697148738765846,0.9581411835068022,0.9632063597682107,0.963189948545245,0.9626535142724363,0.9583205043333332,0.9586996688819771,0.9621570456735681,0.9568279314440492
graph_connectivity,gtex_v9,0.8839490576863331,0.797589653252612,0.8789172847607781,0.6881946902364189,0.6608094934671338,0.4055594755837142,0.9259973470896639,0.9157544447848929,0.6853169628231127,0.9467155949777748,0.943372789487482,0.9097106788318053,0.9282014041259657,0.9161095810950808,0.883184276475279,0.9519764703325586,0.9503410903021565,0.8751072917412354,0.9672028156425916,0.9592161467635014,0.8823575499532286,0.8349670727889467,0.8394725214545875,0.8046975051592137,0.8719669166548614,0.8348006232210411,0.8473842121487807,0.671182362533201,0.5948090839039545,0.5041250950639886,0.904507029458509,0.8635215792089843,0.7805861556541335,0.9469310404030479,0.9120586214882254,0.930230364067313,0.9273206412371344,0.9031977860786683,0.9034202866125854,0.9472289152937404,0.8974616716339823,0.9187534591478694,0.9571748055294589,0.9011948004510636,0.938824404962337,0.8375108423498475,0.8218796389443727,0.8155320799480518,0.9214570438277376,0.9203387155652527,0.9177405704624256,0.8640673078831962,0.8965098887184936,0.8855402808004769
graph_connectivity,hypomap,0.8903881636711969,0.8661125214141285,0.8947553399166558,0.8320520026710277,0.8586806153647725,0.8205417698577067,0.8755994751978889,0.886943937470751,0.8658989117742745,0.8821987969201719,0.8827379304051934,0.8688193493381019,0.8842062997415976,0.8844572237070256,0.8832647941719167,0.8902182785621551,0.891869240351571,0.8622876481181846,0.8929404223549158,0.8924916116262525,0.8854056772588665,0.8932727604237561,0.8929884406788305,0.8670287911817613,0.8870815128006423,0.8554341254685859,0.878842845910766,0.8587797679473361,0.8219467338812646,0.8338159979048371,0.8730461940378593,0.8268491665591706,0.8844866640550136,0.890902435996482,0.8670220813564483,0.8891682604783097,0.8894653768482536,0.8819311596959107,0.8919953122206727,0.8917008713368629,0.8770021259335355,0.88815740807225,0.8924468981495137,0.8896339641664966,0.8884540690653239,0.8913891485789671,0.8803545056225688,0.8785432749865663,0.8882835977729492,0.8713441260808975,0.878693332638807,0.8735525804063875,0.8581620123197882,0.8752162955426339
graph_connectivity,immune_cell_atlas,0.957144186826735,0.8651130634739831,0.9630449769924669,0.884994929274175,0.8701793576961068,0.7407759176059189,0.9652147399327565,0.9665435508552394,0.9313349138458794,0.9751028006337796,0.9720745252031349,0.9235216960626115,0.9737124691718935,0.9716081945382,0.9570431236535606,0.9768844222523044,0.9743263920345234,0.9487968729576359,0.9817240837163096,0.9783167139960874,0.9287599314090109,0.9669983024745721,0.9610139191330834,0.9413078596807566,0.9476546023812771,0.9166658288399476,0.9026980595922658,0.8874115058279054,0.7936032877732245,0.8157801806798446,0.9669541914983217,0.9408905977926204,0.942247800279496,0.9591677846863891,0.9299801205042433,0.9462551365832456,0.9704588945295766,0.9544977439682396,0.9691528068700157,0.9739438315393584,0.9477980708127633,0.9553914353477805,0.9772073227749518,0.9592906662477464,0.9672065568901219,0.9514406797259031,0.9455022233499714,0.9467387180858434,0.9755461073665745,0.973735651270397,0.9751206415969126,0.9528181833765826,0.9640963736244783,0.961771547199086
graph_connectivity,mouse_pancreas_atlas,0.906369924391583,0.9016617031393575,0.9025759721610072,0.833440285033886,0.7773933418290854,0.6151516022260467,0.9399975714499103,0.9114648227290655,0.8225186330140324,0.9389459828258603,0.9436807390883662,0.9178359903058922,0.9607576632333951,0.9619298735469911,0.9239171497400667,0.9662377562353206,0.9468215392934394,0.9158880109642855,0.9841865973283531,0.9846244858114396,0.9525773184193399,0.8875075946012375,0.8879839337462402,0.8661187336547322,0.9093075066370034,0.9045437132632433,0.9025288291340212,0.8367313269862136,0.7598447454404643,0.7338678258230951,0.9053308752386947,0.8556302987184415,0.8792100790080032,0.9549619456301105,0.9379313002519422,0.9379012509985328,0.9524255765048558,0.9438628106787662,0.9471254600294278,0.9494844954084437,0.9216691894946513,0.9284685819121257,0.9842745078024483,0.9703299506114101,0.9726042881660271,0.8916743808378202,0.8819584987905802,0.8870667866393559,0.9678907281216532,0.9663915026975769,0.9637196102028633,0.9499740094732431,0.9613489433432469,0.9562411035027443
graph_connectivity,tabula_sapiens,0.8429091947463716,0.7731044920188502,0.8358886233315258,0.554723246290194,0.5577231665278982,0.3804740629952925,0.8529531189494902,0.8344007104658544,0.6988792768289913,0.8755979697700352,0.8755933398653711,0.8573042546170722,0.8726851657452798,0.87211538877174,0.8498962666818117,0.8785526744656061,0.8778668064609335,0.8556146339053387,0.8871683109869591,0.8879415103854764,0.8671139316389583,0.7255196169448959,0.7290383953485734,0.6821690781081043,0.8454133144258607,0.8204874231809759,0.8215102204477746,0.540765044691479,0.476470308914798,0.48400411901016105,0.8454750471327052,0.7856213510704945,0.7834665266684372,0.874501197534836,0.8614225670403044,0.8681383825538009,0.8705447861823564,0.8610021083290316,0.8762236578793522,0.8700322618808418,0.8797620872230416,0.8739312591992551,0.8871610549354436,0.8762911681178667,0.8863431124905775,0.7169725234940737,0.7042736073056222,0.6930610788596893,0.8185320841868953,0.7992792240538521,0.8110290322326186,0.7519989186212659,0.7816506491422458,0.7789781891730424
graph_connectivity,celegans_embryo,0.9600321284369269,0.9458828697544214,0.9616883645471286,0.9153899445236806,0.9215053055549716,0.6971014491675,0.9611552333688752,0.9631238654347946,0.8967498135672263,0.9587159532895319,0.9600006941584399,0.9610026648653316,0.9479253570657159,0.9622617353604831,0.9575818288416932,0.9744218770213899,0.9585568765751435,0.9565741907973022,0.9825582270989636,0.9820033986065249,0.967394855962505,0.9778382255852875,0.9763160845034613,0.972126562756063,0.9631065277712527,0.9503856861951279,0.9435224590493079,0.9186765136560434,0.8607846579097053,0.7669813060314596,0.9536871263194217,0.904444807251684,0.9352925335823061,0.9604409092405746,0.9590508043141687,0.9541229396846083,0.9625226601170206,0.9626864198036901,0.9630384843924867,0.9649629590981254,0.9622251817496382,0.9655277278052871,0.9814102787381788,0.9793902743847204,0.9740538275432994,0.975816977406116,0.9752068430909042,0.9724218014492044,0.9689915948151747,0.9664662795522356,0.9699665298040497,0.9620737269323657,0.9605669650762138,0.9657634045589424
graph_connectivity,ocular_atlas,0.9657950521067509,0.9189331897536739,0.9654164668976367,0.8092457632874801,0.812101474477605,0.6670324155398893,0.9683844432076745,0.9673228672817094,0.8810391689579257,0.9819666318287776,0.975376390427835,0.9700911383987623,0.9817401115079432,0.9814167241935896,0.9712293095619493,0.9811669783757224,0.9820898843464161,0.9652854113268413,0.9836551427537341,0.9836252036105188,0.9681319998864758,0.9031467825613302,0.8976571125423658,0.8496432549496813,0.9650268736868215,0.9532887425384747,0.9529160937402444,0.8043813861107832,0.7503635901432738,0.775683121322694,0.967827825785323,0.9326481946886861,0.9408220339393524,0.9753211288213985,0.9790620230052528,0.9820498813969687,0.9804282285175917,0.9714546316953995,0.9805607820475427,0.9737565508418586,0.9656179639774735,0.9710465921661725,0.9824217102579375,0.9837136738534431,0.977683600305788,0.8957258804633431,0.8799196082343526,0.8838376727607437,0.9713957443461061,0.9698521414911916,0.969627111150021,0.9638549496192347,0.9671840309902118,0.9724479543044099
graph_connectivity,tabula_muris,0.8954522599119473,0.8746090831507298,0.8902507134707363,0.7175199367081367,0.7110858287831612,0.5400533502061917,0.9047548221473769,0.8963268038474049,0.8337722230524002,0.9382388869958346,0.9369752637111931,0.9264731821162367,0.9346271459506659,0.9353270057196852,0.9283249590586048,0.940944357509186,0.9431880156917452,0.9308734936139954,0.9490987227748269,0.940565325084519,0.90232410191603,0.8631996388159514,0.8587162236951262,0.8381794748216924,0.895544045352536,0.8779872012323967,0.8791969329983993,0.7124341131420909,0.677732211137857,0.6703578153407123,0.904398858589882,0.8766434632048055,0.8748776817963521,0.9336746891822774,0.9269543994602909,0.9306768807972322,0.9296626179941161,0.9342388495270803,0.929100127263393,0.942814408683235,0.9336593587186305,0.9382394616442017,0.9406870873720928,0.9388773666620209,0.928943483927324,0.8603713605420111,0.8483692115471739,0.8505120125310179,0.9002506307343566,0.8950900174927299,0.9026056878407833,0.8751521345620911,0.8902283171729,0.8907132973061483
ilisi,dkd,0.6605608845331365,0.8135886197295897,0.6490534357082532,0.7854198341338039,0.8003807417971482,0.9198663609182385,0.24443727288006423,0.3154606705214853,0.6231957803774475,0.1400408169383342,0.18370777078763914,0.3872813745892204,0.1584367552270092,0.17492394442672154,0.3319094180595301,0.4273842683251808,0.4589018762819138,0.6605121469160835,0.604791727532038,0.6749202825338978,0.8007799393707712,0.6893080999763755,0.7061206411950377,0.7596029053958127,0.6875876096301804,0.7859284996275244,0.7842798690639209,0.8103636190998178,0.814379002084109,0.8919282668937302,0.30937405350399144,0.46927285243229777,0.49025227791111187,0.19345207763205288,0.3641407111805044,0.26850801758688375,0.18615792139401738,0.2654699872835361,0.2728022687550877,0.5199085035607727,0.671134241076387,0.5763598493069988,0.6598566722786378,0.813837450546055,0.7168316262965285,0.7046025887553317,0.7412840801982092,0.7407090079855617,0.6118831766393136,0.6201191877933694,0.6118178052333471,0.6417932276699904,0.6225332344422112,0.6211962050377899
ilisi,gtex_v9,0.33074098676213937,0.5746299245522428,0.31674878170611953,0.6035296368091353,0.6385418263730425,0.8461730814365412,0.1971471026223911,0.2132214989197001,0.4954289908910092,0.10198331860245226,0.10866571876434195,0.16280903056180568,0.133890507893973,0.14211275207609497,0.20218764574318154,0.19203300423795677,0.19983340655868065,0.3702308381553536,0.16600501678431853,0.21969796904970992,0.5132932805269302,0.5085176573364582,0.5335552897358322,0.606907510230353,0.37212247478798427,0.5467500194819627,0.4716921726625355,0.6081682192113893,0.6409956851328111,0.7810200517134036,0.21156947825213815,0.22819556961196902,0.38144226556911626,0.10932562258300939,0.14176491998773028,0.1304708447526773,0.14573298910043284,0.18052932721237538,0.1694222479147152,0.20778071806031762,0.29206304922525517,0.23893087559595017,0.21587047675236218,0.46713950839967644,0.3017759881012888,0.5387818476880106,0.5722254786475985,0.5857989537856058,0.22361463245276358,0.22962226246238995,0.228666258251397,0.2937089545171943,0.26385592083467396,0.2720400885356623
ilisi,hypomap,0.1374953256546162,0.48642187339306686,0.13073588255929106,0.29890614434744406,0.3328399133273859,0.8897397019404817,3.4569169703106518e-15,3.4569169703106518e-15,0.16956235473951772,1.728458485155325e-15,1.728458485155325e-15,0.017264964786003433,1.728458485155325e-15,1.728458485155325e-15,6.913833940621301e-15,3.4569169703106518e-15,5.185375455465975e-15,0.1123695486786911,3.4569169703106518e-15,3.4569169703106518e-15,0.10529702847021595,0.05881138506844409,0.06745073809556307,0.3015738170820477,0.14885423561165015,0.4303803868117842,0.365559984330805,0.32549988795682266,0.33380270997022365,0.6318728243496194,3.4569169703106518e-15,0.05558695031595359,0.08620076529321245,1.728458485155325e-15,0.10388925986822886,3.4569169703106518e-15,1.728458485155325e-15,3.4569169703106518e-15,3.4569169703106518e-15,0.019860782018977414,0.15276905249705505,0.06572543820619355,3.4569169703106518e-15,0.05703386986402343,0.031619263703521534,0.094223951113408,0.31348762050651796,0.21928565099173278,1.728458485155325e-15,3.4569169703106518e-15,3.4569169703106518e-15,5.185375455465975e-15,3.4569169703106518e-15,3.4569169703106518e-15
ilisi,immune_cell_atlas,0.4849098518531208,0.7617264352546859,0.4721114490363917,0.7853172855045611,0.7907846035738423,0.9406639229765037,0.12892040264017995,0.1807546054590122,0.48977649593148365,0.06383945731381103,0.12813597663606402,0.39868811336738713,0.0818776486667644,0.12226993137451533,0.2363833865057682,0.3301365324056232,0.4289074649278578,0.5914528257661091,0.31844728835276004,0.389009401273126,0.6999911830370229,0.7905678280691939,0.7975995933726445,0.8043161231786762,0.5579816950801356,0.7394844405256191,0.7200894477073323,0.7772785019204723,0.8000805838453172,0.8999470140866761,0.18271180794813946,0.32159858922025214,0.3958572181476071,0.1394680833931633,0.3216147164704408,0.2643165686216316,0.10930619133646267,0.18415268050914502,0.18155144821442376,0.41391321412576193,0.6216344653803418,0.5604056375054521,0.3819547856608553,0.58047682703791,0.5250764923442964,0.7982066083009768,0.8257948389204758,0.8107618159513977,0.41892802338770335,0.4296871334191199,0.4361119304279126,0.5074091712926084,0.4658590519677734,0.4789705303423067
ilisi,mouse_pancreas_atlas,0.4751671386540354,0.5976738762584834,0.459544232621673,0.6898870387718982,0.7018061108572745,0.7873340661236686,0.1344901897237911,0.15967694713815836,0.3874320928529987,0.09997638332984758,0.11604698786514969,0.19170276389034144,0.10810289014870218,0.1151763669619551,0.15161111820981357,0.19904052297775163,0.20994030012654685,0.28841354681794307,0.22548333517215988,0.2539036021417926,0.44471857802024467,0.6320300437517754,0.640003457146134,0.657982214852194,0.4818117827200349,0.5645241404678601,0.565806025089794,0.6907236065777345,0.709340212561751,0.746771804050641,0.1721841160224615,0.2905516172138511,0.26209215083650655,0.1250095907670082,0.16972066607187533,0.15709991001342366,0.12567121284031033,0.15293527432146123,0.14035727464260536,0.22239215087204278,0.2850824430302119,0.2510025545265109,0.2611770013356991,0.36625640220022393,0.33888138698541137,0.6406296325846922,0.661618095151687,0.6477717164671689,0.3465792819602743,0.3546262609023043,0.3679022193712194,0.4230195748735138,0.38757777736651394,0.4008359988500334
ilisi,tabula_sapiens,0.20104407342036115,0.3541983083133146,0.19364469781456908,0.6070365809737033,0.6142880939265296,0.755013872887718,0.07611930933427577,0.10150833588561702,0.3868988688338932,0.034031803368998366,0.03899991264224336,0.07239405614815995,0.04520424112418353,0.05976117791082743,0.09275480255910053,0.11418042567173659,0.13135030575094564,0.21209687207327055,0.09357983862563608,0.11597886979295098,0.15187733793246097,0.5432825789685561,0.5793177346332634,0.634210838114081,0.21207635933008118,0.2881218528772719,0.27762364268246725,0.6047830689795379,0.6545107379243306,0.6981648729748956,0.11582770140668962,0.2250292612402474,0.2245035949476265,0.041441236678694614,0.045640992044173684,0.05484689497573039,0.0478535340262866,0.058106335987555324,0.06840765702912266,0.13740127604245375,0.16413725717545993,0.1564670807636254,0.10879716579446105,0.12432544515552774,0.12314412513954853,0.5886047636829815,0.6155977797022775,0.6285317929955302,0.23386754931418732,0.24798750028660108,0.23767220624358154,0.2942311313789224,0.2818771235962973,0.2675507447123257
ilisi,celegans_embryo,0.5428668124414415,0.6354515108349393,0.5436343642161156,0.691592847442008,0.7185717673854007,0.9116841462592589,0.4321208425981539,0.4706308024812796,0.6203676409937107,0.3720567171517252,0.40703050732247614,0.4847961910164506,0.3790039049592454,0.42183944168359033,0.44972941225121843,0.48482883302214863,0.49791976991850934,0.5655417001399374,0.5393222773005756,0.5513734111351001,0.6201299719098314,0.5770377964896645,0.5850796173107073,0.647949858318891,0.5508145921329933,0.6045541389183778,0.6118519257724196,0.6944217829322346,0.7536417182836213,0.8476114968206643,0.48564460136887583,0.5138421398312579,0.533757413145264,0.40837861196004205,0.4739478479052021,0.4501339366026576,0.40664353607830744,0.45151820764552286,0.4386136533287564,0.500371528313525,0.5416994965865124,0.5324725385634627,0.553899060314094,0.5629285302013307,0.5886855776746078,0.584346947418213,0.6133333450020495,0.6279480647819664,0.5742877414716862,0.5762377117077656,0.5710819410511274,0.6047906269536083,0.5870448456500338,0.5914337672409095
ilisi,ocular_atlas,0.41725416642656477,0.534599198677563,0.41325741666678445,0.612956321545177,0.6164834046322204,0.7907465805516419,0.2643717824337256,0.33104675571466313,0.584716723888918,0.22237232958432837,0.24019734093172967,0.2937076006552946,0.2722613778074573,0.27579663300123514,0.31533467276455684,0.31696128869826895,0.32191031267523257,0.36096701036264606,0.23972317240409535,0.25259430430024316,0.3468647037657622,0.5813752439483111,0.5975515879367921,0.7358600250533982,0.4200311973015737,0.44344115322627714,0.4412168050441703,0.6128241912801126,0.6469148278830769,0.6821801303824717,0.3307651500726683,0.433148065560291,0.45606917457550056,0.23607272485706624,0.255983080372428,0.2713660007575057,0.27981856834745666,0.2860583120921603,0.29815815020101816,0.3268929479690002,0.33505312864267817,0.3381547887142102,0.263147053873121,0.2504813885364959,0.2851481491837599,0.6064874001088408,0.653274841092724,0.6519283389915183,0.33750522539814076,0.34558483160834924,0.3388652533920906,0.3804700618159017,0.36033083980870056,0.3597051555797002
ilisi,tabula_muris,0.3552812757519497,0.42293836400430307,0.3543417310660679,0.5678798488881186,0.5662077235665973,0.7499941594367147,0.2754984254146616,0.29349994293167775,0.540164255227823,0.2370778225440438,0.24071383251449338,0.29537362130795786,0.25364912014664376,0.25743645766259604,0.2947577270949078,0.27145444892082377,0.27989494521588254,0.30861464021071255,0.26011170378467213,0.26869835153270377,0.35315293086858945,0.4374067919739263,0.4432798097486245,0.4765604245687941,0.35613410669199336,0.402117968008099,0.3902376439162331,0.558743718081359,0.588219856062984,0.6672243115363173,0.30076023036398114,0.4238032384454485,0.41915997534053917,0.24385988860126834,0.26710395414166427,0.26928977290076334,0.265357421439161,0.2726308450131075,0.2790166158055457,0.28269397855812656,0.29671570464808034,0.28942305485649844,0.27628213532299034,0.2741769893477108,0.30122181668415743,0.4461787526203446,0.4583039119167979,0.46267173081869084,0.39711522745027555,0.4095872470311377,0.4064487257988034,0.43939760329893424,0.4271806943644,0.42932017655637295
isolated_label_asw,gtex_v9,0.2651345396102319,0.25076097456239915,0.27166682821206073,0.36205346602417243,0.3501705727769597,0.28961295844627166,0.29370963515247644,0.26820992342585864,0.14339623886148065,0.2841393739181469,0.2677930354074103,0.22819863337916552,0.28730073252957794,0.27005336932012636,0.24042402917378525,0.2592915535589293,0.24024704366950028,0.18775345165335483,0.31233690077342835,0.29020744170641616,0.2501283408110587,0.21945922060561718,0.19685747167373377,0.16578172310752717,0.24838341180492404,0.22241076869043866,0.253583461638679,0.24333425228080754,0.1651184425467042,0.31445840291806293,0.258840063408877,0.2608894983754847,0.2405677616607137,0.23759213501317547,0.22354761558466552,0.2548567088809076,0.2454428393705545,0.225517917691773,0.24079775244748586,0.20058312645731016,0.1636493408953005,0.21697396729713822,0.28694093343275406,0.26735383218480063,0.27081916707904197,0.18482370853044275,0.14741528362297093,0.15645621013360392,0.3704658986894396,0.35752299215601474,0.3656051907757825,0.330796272674297,0.3509010668698983,0.33501723570544045
isolated_label_asw,hypomap,0.04053121269674134,0.07648023681141262,0,0.09181352820325141,0.06931467205617785,0,0.05351812601964506,0.039655594157591754,0,1.765141715787187e-07,0,0.060716418068520156,0,0,0,0,0,0,0.12692458917429753,0.13074315729633823,0.16010876803257745,0,0.057358408690016335,0.016089580528065084,0.07544458275128832,0.1699353119689405,0.030279594035056596,0.10956162059044032,0.047119173176674224,0.030427870504744246,0.08474255304005987,0.005480853287157226,0.020741430126644506,0.021779698235214556,0.1708829282995021,0.0016272400199989735,0.026461683976573034,0.1181073630853183,0,0,0.04732310575513659,0,0.13833914014045956,0.1473580020713937,0.14528678478112464,0.07801978430360235,0.04290029827101389,0.04607222079677247,0.15243931553099654,0.1485050965182171,0.1650129052646125,0.1635304952502242,0.12240940079175423,0.15543820305042966
isolated_label_asw,immune_cell_atlas,0.21636608434644733,0.16571262652099827,0.2139651267723566,0,0,0,0.20038757127403542,0.19705265481082704,0.271332808130406,0.21567542885263907,0.21673344559251478,0.20189364646328875,0.22685244503532004,0.24563951336613457,0.25091324442641244,0.15736750033863356,0.16147260969131544,0.18739348459401237,0.20350009675823735,0.21288020642806096,0.19585947642214002,0.20111552900532548,0.188951645513938,0.1978287224151381,0.22042725591132042,0.17459128126130796,0.20034697262793297,0,0,0,0.17484656040854638,0.14567169927259452,0.23424729072729727,0.21772463628160127,0.20345243260190163,0.21506723421779503,0.24613433921332145,0.2494817651612488,0.25850230190054907,0.1632632222768518,0.13580839497131178,0.15872022742156364,0.20199221717504728,0.19912060192315337,0.20704103889468056,0.18425496785881568,0.1822180924801268,0.21538296376420932,0.3612924545341426,0.36833245416180166,0.376160675493436,0.3190693018328214,0.3222065005273618,0.4023393680080538
isolated_label_asw,mouse_pancreas_atlas,0.4085446049618908,0.2720803940108864,0.541979361506933,0.4858033719407236,0.49516630441365533,0,0.6490243786503335,0.5356506845211376,0.008606070267329778,0.6354603797859683,0.5207308122999527,0.4572646002863707,0.6588004056609801,0.6096321727973537,0.5356126828837904,0.6568555474814395,0.610772914603509,0.5531999488609398,0.48006212371685697,0.44519998867217403,0.3191861724817093,0.6327115705175922,0.616309313904199,0.5339515105119124,0.4809587606243257,0.3031989410810017,0.30339445482673005,0.344378748781152,0.02938722415425016,0.5136521956844625,0.45105262459213635,0.16960108833916193,0.12223793515967654,0.5095536789641548,0.4686754652334923,0.3994372204069386,0.5996358973106715,0.4998311369252376,0.5089262670323194,0.60522633330457,0.5563855235860063,0.5652058595115552,0.4427808749019694,0.3764740792479279,0.3914747420809045,0.6037821177167887,0.5803552713823424,0.6216528857488426,0.7976317906178125,0.770874151902025,0.7605888876512218,0.7483816711759826,0.7863682333817583,0.7556100936609116
isolated_label_asw,tabula_sapiens,0.23374926083247186,0.19846937488755495,0.22552575227500077,0.16826587408543486,0.15412629434299693,0.01042496233554656,0.24481087951237535,0.22052298401144937,0.11603580423644114,0.26103061423646057,0.24913501072146027,0.22775902048951246,0.2558038931053697,0.2347735883814831,0.21477724460986983,0.26036105489308337,0.25116708983285574,0.22041317853886663,0.3061328016669837,0.2959617311484353,0.27978328894825066,0.19299597112617148,0.19225486976710054,0.17148827682111256,0.2341957675972393,0.1947489458594483,0.217401713926329,0.15825048407903433,0.12265470574456754,0.06151828015407409,0.23956242648976175,0.17352417721443095,0.17508447221076953,0.2600371659390516,0.25309367255041737,0.23701911611592483,0.2634743268614534,0.25287024526148955,0.22688520722082248,0.2553711478852834,0.24827240274072884,0.23654546873229254,0.3003290917336627,0.29669234802892724,0.2943191537086785,0.19090446109927872,0.18030007314271834,0.18112018669803456,0.25569637739537365,0.23108411944337656,0.24836349044307707,0.1946551993325168,0.2034129681671578,0.22286200317994959
isolated_label_asw,celegans_embryo,0.11443609579789081,0.06902313222855547,0.11086361367675361,0.08894379358464777,0.020899730687631006,0,0.11584349404547083,0.11898371569404446,0.09262496919914602,0.16634934860484543,0.16748673572356254,0.14650948524461083,0.18225407193086507,0.18691238018669104,0.13619455309315576,0.26220555221905095,0.2545171732970172,0.15664588152584813,0.3458951078513568,0.3421475518205018,0.30234254430401075,0.2369959882621353,0.23724588882872258,0.20436245759887015,0.11912877907391176,0.12209189017415453,0.08153115832260209,0.11313569288870243,0.07231374518775029,0,0.10945005579247175,0.0951318168750723,0.085415796351647,0.17129639853860185,0.1651992987589504,0.16548445665364545,0.19393169292789614,0.18815556636420913,0.16803361226863295,0.24267362803911177,0.18820466187808402,0.18289808479206146,0.34081451936972446,0.3310001751457264,0.30943393207602493,0.2384068475538312,0.22723174875007196,0.19243520666869013,0.39907858709880095,0.38577101280984716,0.3895328609933633,0.34611490524173655,0.311792129993873,0.381498653953746
isolated_label_asw,ocular_atlas,0.2869657591986082,0.2438879215937373,0.288569652955044,0,0,0,0.35912204982112184,0.31450315599310863,0.11956327337244754,0.34425149902214747,0.3509039391478013,0.3386793082726849,0.33642452706450376,0.34054140655553644,0.33262090598968735,0.38356220051912643,0.38944236707378355,0.35614361279965995,0.39672523510408275,0.3851921089251445,0.2935644341266296,0.05389092945000052,0.03555782481471443,0,0.2851056155151649,0.2568596063822078,0.25915509193869357,0,0,0,0.35804688136072677,0.08881104873626751,0.12307760788765006,0.3487169677527746,0.33278046280650286,0.3515807999616507,0.34587311143340344,0.3255655636164307,0.3406269433238002,0.38205281459604595,0.3240179661746975,0.36580534405613185,0.3689190059276079,0.3937752987629466,0.33411721334536326,0.026690440282933072,0,0,0.36839507187373927,0.3195280628086478,0.34589545355058593,0.07118904257182962,0.2003458294170721,0.24420213558225187
isolated_label_asw,tabula_muris,0,0,0,0,0,0,0.42667966160684007,0.4902296262863648,0.32443852840590404,0.3730092853227486,0.3158886030761556,0.19315494435354316,0.39013532088878694,0.37753975408712337,0.3300701381774652,0.38598689401947467,0.2738727641464141,0.22609802469846949,0.5652942229323811,0.5541972948113116,0.4846602788599119,0,0,0,0,0,0,0,0,0,0.4240703623802198,0.4456470271055593,0.24075849044197342,0.2685346309972531,0.16612199996278693,0.2389621633512719,0.3175506764870039,0.24742902925006316,0.286484177518607,0.31795735479421183,0.25160435026800676,0.26097870581854293,0.5479060922584721,0.5197386038913797,0.505347130275812,0,0,0,0.16053564664783948,0.11386436292922782,0.1506308428326957,0,0.12744465390982435,0.12496872152588567
isolated_label_f1,gtex_v9,0.08311321720467883,0.02563404698812497,0.0796381648244483,0.09018890336786048,0.08617161583185386,0.014419118583613985,0.02424788414875638,0.022536649136022123,0.00893256422719516,0.09546987781006154,0.09277635912258148,0.025787523728891277,0.09366107712743216,0.09303417482367311,0.07527685140789006,0.022704613124335686,0.022370250796961626,0.008799906700166586,0.0901907616371231,0.09467443150285172,0.01907813405876371,0.07580837389119777,0.06707703555773628,0.019460070716842894,0.07590706444054877,0.02435208603237028,0.07793545793342455,0.04148550947360293,0.027723157092817384,0.020485883218548058,0.024216861310072668,0.043554371780941965,0.013281032628363517,0.06747174481928868,0.07011407636478185,0.056181096905819676,0.023206848786691967,0.07441112928446693,0.024694480160096812,0.021812800275415073,0.018153343944209883,0.020500932349634553,0.09338151186371935,0.10235436502080787,0.10839470179498274,0.0598338756523506,0.021433794783968264,0.030387768588021263,0.11022272040723258,0.10669308565481048,0.10933681615213474,0.059413391957377444,0.1050263676900575,0.10332692749095979
isolated_label_f1,hypomap,0.003312332209030713,0.0027526806918907096,0.003266916520317741,0.0028085750690870514,0.004643976370644473,0.004770346314703526,0.002954802646559616,0.0029287862304513386,0.0028480925308040864,0.0030089758391160216,0.0032966816222678844,0.003792221191025002,0.003282340223408767,0.0029955439950535884,0.0029367528265522823,0.0023298341861405537,0.0023368527888840856,0.0018877612661591897,0.003324452681570637,0.0033111240761982508,0.003352602586878228,0.0032692818122321585,0.0033342005903982106,0.001647751765097374,0.003236415914032363,0.003220758689111633,0.00399169558154954,0.002915912661493356,0.003274020654281064,0.004389663004623798,0.0029337613697163986,0.0018976121546164632,0.0029031276174740005,0.0030058677575252758,0.0019468893866967294,0.0030079392484015075,0.002980162871079404,0.002947762604789201,0.0029873251966476074,0.002221657111953142,0.002169061888818264,0.0023738625128408722,0.003312332209030713,0.0032966816222678844,0.0032978812856687,0.0028982336715735984,0.004371766473049733,0.003196642843512737,0.0036048668100298878,0.006175718137668631,0.0036539317674062423,0.003639802090850453,0.003331759298684683,0.0036482691244765684
isolated_label_f1,immune_cell_atlas,0.013056792203053164,0.007078182812924502,0.003970793956399192,0.06588089248265715,0.15625845392806834,0.34361591652168555,0.014813804838919156,0.01462942070112354,0.012369730624230474,0.01788273035088409,0.004047599361026084,0.002093266102121873,0.005145425894728061,0.004573803430468418,0.01212881929914293,0.004328111034417662,0.004037926577277929,0.0035244004708358053,0.08477715327763799,0.004696688763217496,0.35059872592039104,0.02289491920204636,0.007086866326010735,0.007616801378624181,0.01843259619540328,0.024963262483966166,0.011306310808950022,0.06815852222730824,0.0018404803105694474,0.15625845392806834,0.013169682852535428,0.024353429975472286,0.011042585943453087,0.004181553331556523,0.00775013406382691,0.003863876895399701,0.004492049330294296,0.017124777687246913,0.0043004260001389,0.003976761307583184,0.0036378443362152725,0.0037446171744842495,0.03147128419878198,0.004327016933180151,0.004605871307187585,0.004781726068233847,0.007832571069107884,0.02520505166093894,0.024454486680606173,0.023968277867697074,0.024519591637902703,0.030237483023722093,0.04247968763494848,0.032928068755444954
isolated_label_f1,mouse_pancreas_atlas,0.06727925372184657,0.058752011604586936,0.06619759789750382,0.20236179966396317,0.20630539373529155,0.0061961209481273885,0.9056878777106291,0.9065607451034106,0.09802648684083032,0.8846440844378989,0.8821286644013131,0.8845810139537206,0.8814555481807073,0.8867006054350526,0.8617031588359202,0.9088507963499993,0.8839959765858044,0.8170110684299227,0.8989567759262002,0.915186580724136,0.9159321932012863,0.3013542996636587,0.7505660898379971,0.0873899880306977,0.06517514538684491,0.0610805053605805,0.061533591379891714,0.20887272211082916,0.03798231685712867,0.19516843328009298,0.922563597830382,0.26355125661592393,0.0323982008518091,0.8660990176743838,0.730631695754883,0.8864890286011311,0.7800138612145889,0.764545632917826,0.9033929987538236,0.869827354525225,0.9164397264468714,0.8925282663271191,0.9137710314817156,0.9509641721608192,0.944975160344977,0.27358791926818643,0.5784682628793071,0.4848828553563126,0.20701505215544974,0.8425714078284138,0.22964678645926903,0.7379684176075928,0.7228937241674189,0.7768269724020912
isolated_label_f1,tabula_sapiens,0.04140353713313239,0.03769543285580226,0.04039102794491153,0.03749778305054745,0.037792542133064135,0.029882774395449105,0.05179860052356447,0.04652459536670724,0.04374998809448206,0.05485990071404426,0.05278803686137263,0.04581599997072756,0.05252199025601709,0.05108622324409243,0.04579083780909734,0.05727609386293704,0.05708424484923313,0.04528178456221608,0.08352851485507981,0.08206395773326618,0.0763220778515855,0.056752346816481794,0.057210513772000766,0.04638510791004655,0.04083691165181134,0.04086809108600067,0.04124518883449055,0.03763986485267448,0.03745234337705711,0.036820177040413585,0.04590867790970187,0.04623715561667555,0.04282250395612695,0.05306401355774235,0.056050454722505715,0.05256130246635292,0.0520067605214513,0.05198014591386874,0.051636401787104304,0.048814246635036404,0.0467659447335982,0.047600357343305935,0.08111294870096326,0.07398342599954326,0.07559148995354324,0.05426081736061054,0.052898924929459336,0.05196429088425366,0.08217652744536105,0.08253378384560492,0.08045128369850632,0.08539255821481422,0.07514834690172041,0.08113713961662568
isolated_label_f1,celegans_embryo,0.11675054401816329,0.11407879705213217,0.12345173610998433,0.13189315418860234,0.2870394825681897,0.1413115644017192,0.18420385372531176,0.1886665953142796,0.09027407896452908,0.1037872298702536,0.13564379595991005,0.25789091683425824,0.04716587899586775,0.13323698703287454,0.1278932500113085,0.16217409089009543,0.14241264575392915,0.2260988244038717,0.42815099347481556,0.5740709652980731,0.3621991571920689,0.30626066192750984,0.22616033169463737,0.13506322634121967,0.06485457584469392,0.05446486360537879,0.16743258203461897,0.1294020065399166,0.17589680678705485,0.21521728796792233,0.12477119282852109,0.0873226683708682,0.06687395633114247,0.10884305248124648,0.15384793526109938,0.18430703135126913,0.04691015103375597,0.05810491729079893,0.13458183370240412,0.24409783651362255,0.3441621511508922,0.28918875966495583,0.508025252548701,0.4862967342440858,0.3004693853085111,0.24421105091571155,0.23967651034312035,0.28051870968203335,0.493142741296191,0.499337324555572,0.480478210490671,0.5052910006803786,0.23264962326897642,0.4709241464401381
isolated_label_f1,ocular_atlas,0.5336306456002847,0.5384555684563495,0.5340120820999216,0.2661318493098858,0.2653474377229489,0.15331723345787804,0.5313900215044278,0.5275726624170103,0.16819818131898132,0.5373056902769024,0.5326696896900853,0.5356594696866749,0.5491059462183481,0.550804067808646,0.5391779923218832,0.6355954066743345,0.6343985155119973,0.7139575899396821,0.7294628858061849,0.7111296155306369,0.7322433938693209,0.19200473079221778,0.18393517737528223,0.15924584470000494,0.5325689391073899,0.6004775140235046,0.6085990028483831,0.2658235679625881,0.12404473914103105,0.22134483266710553,0.5025261873432246,0.11216569104475675,0.11296046213841207,0.5384581960826563,0.5324090715023632,0.5460131698069517,0.5421342973889121,0.5505754276863161,0.5418595954091252,0.6415259356452523,0.7064670947971727,0.7099416745411764,0.7282708285176006,0.7050919824825129,0.7002031737535714,0.10395449429753523,0.1840389700490342,0.08314819356090698,0.722074541590169,0.6572088306006898,0.7076092427012707,0.6121498578154126,0.7024238311158172,0.6890197480185513
isolated_label_f1,tabula_muris,0.020839217310713767,0.017707884576409125,0.019161763272186293,0.019679404608558704,0.01983289253983743,0.004102331324874801,0.021961406082615372,0.025541786906580634,0.002401619606390418,0.021950417570855522,0.0400562246234822,0.038838897846821215,0.021950417570855522,0.0368472034719203,0.025570731424874413,0.040562451565275,0.040358520142715626,0.03240660662738358,0.025326595545573573,0.05873231885850957,0.023048178151173177,0.011067692332899096,0.012254574298369885,0.012003390120033918,0.02084922690526648,0.02085924511392802,0.016775208706674174,0.019679404608558704,0.019679404608558704,0.004366612647370723,0.021928470219284717,0.021928470219284717,0.002485102812655439,0.040123031721985,0.0368472034719203,0.03548400085129388,0.021961406082615372,0.0290045835045861,0.024547510742369525,0.021972404502861944,0.02352323027666161,0.037032779661666314,0.02549848214352965,1.0,0.024533552852681596,0.01210046870169902,0.011368191618959569,0.011919419542012944,0.021583536090835347,0.021633675185021493,0.022614691506729956,0.0350410441821861,0.018256963433343598,0.022719439155579096
kbet,dkd,0.46986725311209426,0.714373464241396,0.45286176362830965,0.7585413849289503,0.7833471947090714,0.7334824300565784,0.18419449007250197,0.22785677127535262,0.3537729379066463,0.179385913293293,0.18581371110703135,0.26687372005205223,0.17546581142187256,0.17546728855601249,0.23542967029931103,0.2476101336947845,0.26741301405463164,0.39199180480596585,0.2681324157358858,0.31741313596127735,0.3925228296440323,0.34561468775125886,0.37832191568540585,0.4363349332661356,0.4983144978953765,0.6351633721120845,0.6559713332070176,0.7779144313431239,0.781492039745027,0.8638982228190881,0.22214536147810396,0.27702164869744794,0.30720935416189915,0.19843276242368835,0.22243786713657332,0.22836656738864014,0.1820171812317053,0.215131956037276,0.20165431387757782,0.31674531274515016,0.39013691925973987,0.34418496178136465,0.3072669173923701,0.41225535230364396,0.34053673651389854,0.36974407157015265,0.41704165076659605,0.40765020229390625,0.3360908271983086,0.355519088983959,0.34848773239132697,0.39811756041881885,0.37168571103311043,0.3771481196050498
kbet,gtex_v9,0.2928424032654618,0.3085722449159028,0.28905662143475097,0.3169427077257523,0.3350674952935368,0.23237751245722865,0.3160945305021561,0.33794479518271653,0.28669668008794047,0.28225260120697554,0.2676936059948065,0.29044582995438906,0.2940420871873371,0.2986410102864375,0.29020573132459687,0.3243932653888313,0.33685755570631104,0.36356314773549686,0.27490783039622446,0.2924632201853698,0.3091604745864335,0.28158381424560663,0.28862284129214677,0.31976589944112693,0.30115108679400804,0.3198625077016694,0.3163366874614501,0.32553605158024734,0.28588416791328963,0.3076231885549455,0.32484626942919664,0.3084779834556162,0.2936386364256647,0.26567865893462717,0.2745454528944647,0.2778931427681461,0.2816239453147891,0.27862908505911765,0.28053705586546185,0.34957467265779746,0.3406375033437042,0.33496342799338696,0.29396990916656895,0.2956453243504685,0.2917415948588714,0.2591834323952883,0.30164018792264025,0.3051671019821186,0.3094139305718147,0.31452855716379285,0.28724434565451024,0.2802925458767263,0.3030908299014581,0.2890366941288434
kbet,hypomap,0.9275393112354886,0.9480483877238202,0.9075155439571992,0.9813358448375398,0.9664769953408656,0.7805722997972693,0.9522654589282653,0.9333383880758565,0.885335734320637,0.9671557660919774,0.9428440587306212,0.9476277565175234,0.9357401704183056,0.960826408455242,0.9647875595666818,0.9595164411253033,0.9543970248463736,0.9297337903253547,0.9909921417614107,0.9429245294321312,0.9545560634561934,0.8975469439489078,0.8768321375270202,0.9343143880119826,0.9440107271595604,0.9179407319262103,0.9033106675264562,0.9763392345104269,0.9714146659413609,0.9383438812706962,0.9440277522554592,0.7971901418178813,0.9157440243918015,0.9480815424497746,0.97287130732372,0.9529668179578861,0.9384204615942087,0.9365989385466871,0.9665732306176221,0.9532304260138592,0.9615442589159471,0.9492232530700342,0.9441840907433615,0.9705156557884634,0.9342309611579553,0.8520207470818276,0.895410182868967,0.899371120935497,0.9548991917339976,0.9663166059032068,0.9549645807189735,0.9492207767669624,0.9609821392286969,0.9540061434999341
kbet,immune_cell_atlas,0.23741122282922408,0.4522110585627045,0.23724479158367226,0.5742132906185635,0.5763682318410488,0.5625209746432221,0.1846112048999918,0.1941201841298132,0.2850732312041042,0.15968599611212111,0.1776524626736683,0.2527265453171136,0.14949719489889227,0.16823231846086387,0.19531499948873954,0.18408001778317334,0.1925680176327813,0.26172015301064266,0.19377580300582134,0.21336937392675245,0.30395398769328463,0.258104122690878,0.26269122941725065,0.3315871812731489,0.28505747156024214,0.37755976593440715,0.3942563735134938,0.5845890558285852,0.5334076851677167,0.6239928536736223,0.21578300540427955,0.2535861304266325,0.2642869966678356,0.17537845223800855,0.21841811203545675,0.21675533984069129,0.16496897371148941,0.18735611375820305,0.17987821233410142,0.19001822858825165,0.2326997581626536,0.22947585547821286,0.2095793285376275,0.26622360987106203,0.24628137696603525,0.26443170330321736,0.2968535824579367,0.3017430778949822,0.24694949488720727,0.2566242076880924,0.2541001630381179,0.3096420785707944,0.2756366525107769,0.280122655604719
kbet,mouse_pancreas_atlas,0.925578176132693,0.940282044909849,0.7620780768079602,0.9591235836158889,0.7843892374387501,0.5902345833096626,0.784977520368967,0.8029107022358062,0.7132451796318607,0.453120618589822,0.6615030977878986,0.8804350982944324,0.5598071403290961,0.6696775127517498,0.7479494984661008,0.7671323698095881,0.8077373870144879,0.8628399119421808,0.6300117995194231,0.5691637793215427,0.9099779919883969,0.7510112250205965,0.9825267537355052,0.759904596652773,0.994617185036012,0.9874470770956063,0.9749248554321275,0.7999010136975481,0.5893982914224435,0.7856628955610906,0.5391528661406129,0.6888516429508832,0.6566483708321864,0.8214569669340746,0.867590940219482,0.7019400549711059,0.689606117475513,0.8876998147258924,0.7686014521912583,0.8257305317640238,0.9260657113043743,0.8331952723376905,0.6513806343835626,0.9125772452774101,0.6971186189911354,0.9720950340005332,0.7750071774565671,0.9475799783007984,0.8186045857108185,0.9047926539730455,0.929054316976709,0.9410354970609215,0.9442728123760624,0.9282807827429909
kbet,tabula_sapiens,0.34211007486209544,0.3358583938194318,0.3348462372181889,0.28332602381345695,0.30077152987760164,0.2150716875652528,0.332318544784164,0.3333873860049956,0.37985066446957927,0.3354986840422109,0.3268760766446056,0.3283329903667846,0.33479314562722057,0.3460596126545883,0.35814161504535186,0.3583965302476851,0.3680479397715805,0.38128901415924005,0.37101466377700715,0.3709468077031484,0.36788514803162675,0.3115706367789697,0.3100966350920654,0.3106428206319266,0.3341045771833046,0.3558404636634377,0.3399602567440535,0.2707946967552122,0.23612821582515833,0.2640830907049378,0.33213014404341556,0.3524254398748341,0.3440495385597773,0.32280256912102123,0.323234560574526,0.3361401968905189,0.32557631117741115,0.3326764269244488,0.35086052021904013,0.3659561245917566,0.363764244233692,0.3516315198529594,0.36783732701701227,0.366336540545203,0.3626325913810532,0.3234483865940243,0.32582539070926764,0.30969986381840603,0.40813213793543923,0.39795995892243674,0.41553363917229863,0.4132088914208547,0.3947425511405282,0.3965130930996247
kbet,celegans_embryo,0.42256821501118447,0.44706608352411287,0.42354370719338896,0.48772139470066966,0.581912825582391,0.5429924248767793,0.3057861774944217,0.3360102851436602,0.38900146694530113,0.2582707769190329,0.2789517190541978,0.3437058093679753,0.25980669886482866,0.2865139968869947,0.3301315814807781,0.33323626210380913,0.34014719947891675,0.39337034564802514,0.3548992548643836,0.35859406099774965,0.38797514479119516,0.4266952476170593,0.43187052868452996,0.4693568475545504,0.4155816062561773,0.4436861576980258,0.436604052950122,0.5318616556781199,0.5855106675617218,0.5709943152712371,0.357573393618377,0.3720365450555731,0.3738649015666897,0.2736257394680781,0.30723314064017543,0.32133610340606716,0.27049834052600413,0.3027832530992774,0.31282749049863356,0.3442917146415649,0.37550808850838846,0.3710154236470335,0.35889804797791064,0.3761476172218474,0.38005127374722175,0.42046706081416363,0.4420071610030863,0.45081048468980306,0.4353053500947902,0.4474976143047859,0.4430562669635882,0.4656294812333462,0.45432299597767034,0.4532118075199852
kbet,ocular_atlas,0.6281370725316443,0.6844298721319907,0.6061409950552556,0.6496955419927687,0.6476670322414919,0.6132513653938418,0.46410292985912527,0.5076661826022588,0.6849646149102595,0.36765528949964543,0.3857838022574953,0.4998349137748408,0.41524440714647126,0.412378120037178,0.5417300180394378,0.4714777617265437,0.48097565836843037,0.5792302382033699,0.4166665667370945,0.432692274885474,0.5806531110577147,0.58506529517838,0.6024825886121963,0.6144737398916705,0.623617220208969,0.6611618056899488,0.6630667557500612,0.6528540277349765,0.6136698074362669,0.6336054423958657,0.5260304922394213,0.6428291892336289,0.6431707834497236,0.3777074957172119,0.43498104323944303,0.42328923996432727,0.4258793069069078,0.5130336573521607,0.47367197400089867,0.48365579893395333,0.5341670538188764,0.5372842744079729,0.4263005856835263,0.401678476111921,0.4631863930779916,0.5900578760292413,0.6145605475853958,0.6098109560264613,0.5241926591526562,0.5411038167110392,0.5393458782454369,0.6415100592672639,0.5940049710934464,0.5843819740988394
kbet,tabula_muris,0.5596011172322736,0.5922598010177748,0.5643161602435431,0.5994804521449781,0.6028628250241895,0.43868180492471537,0.5715608949281386,0.5941042106364939,0.6317328987959023,0.5346246480374527,0.5406324268044145,0.5789144713285174,0.5496603712920257,0.5520006224699802,0.5833876478842436,0.5933065602425893,0.5996239699109939,0.6093405850564391,0.5683284466368028,0.5573187674433179,0.5985177912807118,0.6018640892987279,0.6137636532539744,0.6412795791793021,0.5473296091443632,0.5795222157951051,0.5762497604830322,0.5997285739832562,0.5946361642605975,0.5715206363764775,0.5923358250385673,0.6098350567518237,0.6290209719777357,0.5460071359299502,0.5555406187334143,0.5513270626611528,0.5615972149786458,0.5513224238684348,0.5520802744705162,0.5983231280245612,0.6017430163484843,0.6140521846510605,0.5899791033878232,0.5930943977226364,0.5574592464860437,0.6170857902807503,0.6168912899430056,0.6184394258106436,0.6948458680767513,0.6942588747711242,0.6877996470572344,0.6973895785086571,0.7059362307292173,0.7063805018366661
kbet_pg,dkd,0.06983157951107184,0.5138565346614186,0.06166492623236137,0.3796021099418962,0.3791736953436688,0.7711730527217715,0.0021420729911371447,0.012343695611427927,0.047072053980239344,0.0023562802902508386,0.005756821163681064,0.01941253648218055,0.002195624815915516,0.0034540926982085966,0.009264465686668241,0.014780303638846427,0.018823466409617837,0.09467962620826303,0.032077543042279125,0.07312501673494524,0.28034380271507753,0.01804696495033062,0.018850242322007025,0.044314135004150206,0.08498674592336729,0.3966048143090476,0.38110156103569226,0.41979275443810743,0.41955177122660453,0.64438910755884,0.003721851822100766,0.007095616783141806,0.030524540123704685,0.006827857659249636,0.018207620424665946,0.009907087584009322,0.003909283208825274,0.006801081746860451,0.0071759445203094675,0.027150775162663645,0.12065226122580125,0.03772726055640344,0.06471738024473177,0.33483278442712927,0.11604680429485631,0.0193054328326237,0.03095295472193207,0.02950705545291448,0.046991726243071685,0.054221222588159625,0.0502316116421667,0.07143813425442466,0.06000481966422998,0.06351246418721716
kbet_pg,gtex_v9,0.007347988488151337,0.053594391035454,0.006490723164533608,0.11265895127875408,0.11902210519870184,0.3617761721062193,0.009782009674851426,0.010001428775539317,0.02963178413242707,0.0021941910068784746,0.0025615904312860575,0.004531259567693344,0.0040107770497825575,0.004679239891413036,0.0073581940277181465,0.004663931582062716,0.005439552589145332,0.02652419733431299,0.0016839140285346034,0.003556630539056563,0.059156410099401896,0.003954646582164787,0.004225093380686936,0.007148980466597172,0.015058273630926853,0.05046639315820619,0.030330863592758082,0.11317943379666477,0.135549976527259,0.21941399791806993,0.010532116833016913,0.014155083379258162,0.017272875716939053,0.002525871042802012,0.0038372828771456283,0.0035056028412221974,0.004934378380584972,0.006475414855183394,0.005715102157450992,0.006296817912762954,0.013507031616761514,0.008761455718163792,0.0036382748555915698,0.04934378380584972,0.00967485150939929,0.004148551833935441,0.00460780111444484,0.0053732165819606464,0.005347702733043409,0.005419141510011607,0.006153940358826666,0.010623966689118835,0.007853162696711697,0.008766558487947195
kbet_pg,hypomap,0.2749050574286773,0,0.28488560577991845,0.2799416450537238,0.21634170062986277,0,0.29260837347165597,0.21975731752500943,0,0.4414134864764726,0.41844201556131877,0.2371248610596516,0.4241848832901076,0.39152232308262297,0.28035846609855486,0.28076370878102996,0.2646697851055947,0.15976982215635438,0.37532419414597984,0.34503519822156353,0.1256947017413856,0,0,0,0.25611337532419415,0.07397415709522036,0.040964246017043265,0.23108095590959607,0.19492173027047072,0,0.28347304557243436,0.15242914042237854,0.05049323823638406,0.42680159318266003,0.3717812152649129,0.33627037791774717,0.406979436828455,0.36886346795109276,0.3673467024824008,0.29242311967395307,0.385547888106706,0.22776954427565776,0.32947387921452415,0.25589338643942194,0.260165802148944,0,0,0,0.40197758429047775,0.3877477769544274,0.3932127639866619,0.3385976287513893,0.3527463875509447,0.35885976287513877
kbet_pg,immune_cell_atlas,0.03377998515800929,0.283029051108491,0.03032970422032958,0.2305070370953389,0.2428175366793134,0.5913987130516354,0.0007131865625371435,0.0011051179167242034,0.021218906511521758,0.00036944348960249034,0.0010922677083901786,0.02269346791784856,0.0004176317708550029,0.0010312292188036415,0.0049473302085909715,0.0057922314065516275,0.012047070313127397,0.0334266044288243,0.010203065417198,0.0181284314071941,0.12952688745466287,0.02166223869904481,0.02274486875118455,0.045178119950269664,0.056634080680033,0.169368958394238,0.2112863379797545,0.2461682285024046,0.27060932475367755,0.44760809434622956,0.0012271948958971714,0.005162571198185485,0.011880017604785397,0.0014488609896587503,0.012946584896507633,0.00740172000038542,0.0007935003646245585,0.0021138592709433815,0.0026985437501404913,0.010974077917238203,0.03377034750175885,0.02554300161591365,0.016737396355038302,0.05831424541970387,0.04471551245024553,0.02238185036574902,0.03658454312690535,0.032546365157945054,0.024810539740875527,0.02888084323067083,0.03019156448073911,0.05529444646121318,0.03785671375197166,0.04263056614805367
kbet_pg,mouse_pancreas_atlas,0.0016253819647616301,0.027208894090111155,0.0009174378201098533,0.11349139269950652,0.11288819539258384,0.25191614473845797,0.0,0.0,0.000592361427157549,0.0,3.6119599216927083e-06,5.0567438903697924e-05,3.6119599216927083e-06,0.0,1.0835879765078127e-05,3.6119599216927083e-06,1.0835879765078127e-05,0.00036119599216920267,4.695547898200521e-05,8.307507819893229e-05,0.0031604649314810143,0.0006248690664527359,0.0008018551026157347,0.002568103504323465,0.001820427800533078,0.01571202565936326,0.01574814525858016,0.12031799695150577,0.1460062559145843,0.1470103807728149,0.0,0.0001444783968677029,5.0567438903697924e-05,0.0,2.8895679373541666e-05,1.8059799608463543e-05,0.0,7.223919843385417e-06,3.6119599216927083e-06,2.8895679373541666e-05,0.0005779135874708116,0.00010835879765078126,0.0001155827174941187,0.0009752291788570217,0.0006465408259828968,0.0007440637438686752,0.0020913247946600347,0.001267797932514139,0.0003937036314644985,0.0005562418279406506,0.000502062429115194,0.0012786338122791649,0.0007946311827723112,0.0009896770185437592
kbet_pg,tabula_sapiens,0.021832206163992333,0.0655734164030738,0.02038264559203982,0.26592236691161997,0.26909508061380727,0.4098248527640048,0.02056984050033833,0.02296257541794863,0.0635094725423468,0.012314065057430336,0.014118815968205573,0.02338976379842461,0.013547631504422968,0.017658719682824623,0.023624957401158657,0.026862469340833833,0.03147034400664301,0.04394040482098877,0.025189714839756305,0.02903681019876254,0.034587859210229395,0.032322320832873265,0.03444386312692289,0.048521880204858404,0.02425134036354206,0.04740591055923274,0.04219085240881445,0.26782071527654444,0.2837058831999769,0.32006729416959856,0.024522532987102736,0.036123817432165785,0.03826215926926786,0.01555637686654917,0.017526723273126914,0.017593921445336627,0.015757971383178304,0.018570694877099326,0.01954026850469666,0.0338198800992612,0.04086608844239427,0.036757400198714554,0.027407254522676894,0.030611167376247278,0.03152794243996552,0.035099045305967656,0.03915733492049012,0.04096448576598707,0.05170419364593278,0.055097701342523384,0.052256178631941104,0.06542462045032375,0.06351427241179035,0.06187751693153944
kbet_pg,celegans_embryo,0.0335738303228967,0.08101988746768492,0.034131422874811974,0.14544717232989202,0.1744588817734822,0.681006370072487,0.014750857509757865,0.018806076069141402,0.06709697041380121,0.008059746886774872,0.011050470574320268,0.025024077860196295,0.009394589662571983,0.012216345910143022,0.01801192910126213,0.02161093557271511,0.022050250916648338,0.047817785512731595,0.03865975026612361,0.041363229305712707,0.09252657012993586,0.04384705067333524,0.04389774090532744,0.07243634151698965,0.03715594005035225,0.06336278999036883,0.06125069699068979,0.1502289508811652,0.22710913606947938,0.4648801176013381,0.021661625804707416,0.03291485730699692,0.03374279776287106,0.010492878022404993,0.02206714766064577,0.019566429549025804,0.010898399878343347,0.015595694709629444,0.014717064021762993,0.02149265836473306,0.03637868982647041,0.030464829427369253,0.04156599023368194,0.04296841998546879,0.06648868762989361,0.04310359393744817,0.050166432928374645,0.056756163087373024,0.0651538448540965,0.06540729601405805,0.06748559552574213,0.09061723805822613,0.07363601034080727,0.07671121774833985
kbet_pg,ocular_atlas,0.02742200469649138,0.08975803607524709,0.027069337760306844,0.13320488228665792,0.13600041287836423,0.3104587250660175,0.005565256285642993,0.01062301624848386,0.04098677929070934,0.004068572215006363,0.004808312617734763,0.009633828500649356,0.005401825266435488,0.005969533017366687,0.009805861152446665,0.007586639944261357,0.008162949327782361,0.013212107658033424,0.0036728971158725837,0.004343824457882103,0.013969051325941654,0.005943728119597052,0.006606053829016656,0.016540939470311388,0.027912297754113673,0.04110720214696749,0.03904281032539977,0.1325941663727775,0.1329296300437823,0.15147474990753243,0.01000369870201361,0.010442381964096744,0.011354155018622454,0.0042836130297530285,0.006081354241034923,0.006554444033477497,0.006623257094196377,0.007517826883542476,0.007922103615266171,0.008765063609073,0.010012300334603416,0.010321959107838594,0.005049158330251063,0.004851320780684118,0.005711484039670667,0.006872704439302482,0.008790868506842527,0.00881667340461216,0.0122057166450192,0.0131863027602639,0.012592790111563175,0.018897786799934566,0.015242092949241705,0.015250694581831618
kbet_pg,tabula_muris,0.0033062244192844804,0.007292829426460339,0.003136129272311689,0.042747036623611255,0.04320416733110075,0.22523786743209476,0.001796629989900543,0.002647105724764714,0.03432732684845578,0.0006272258544622952,0.0007335353213203564,0.001987987030244947,0.0008292138414925583,0.0009248923616647603,0.0018710466167011328,0.0005634401743474586,0.0009461542550363725,0.0015308563227554432,0.0007547972146918625,0.000892999521607395,0.00629352043799499,0.008898102376016584,0.009302078350077004,0.011927922181470213,0.0038058789135172084,0.005995853930792524,0.005007175889012821,0.04004677616541745,0.050390687290703146,0.11066815499920267,0.0023388082708764952,0.012098017328443005,0.006197841917822681,0.0008398447881783113,0.0010524637218944336,0.0011481422420666356,0.000807951948120946,0.000988678041779597,0.0015202253760696902,0.0007547972146918625,0.0011694041354382476,0.0012863445489820619,0.0010524637218944336,0.0010312018285228213,0.0025514272045925115,0.009333971190134476,0.009355233083505981,0.010290756391856603,0.008164567054696122,0.00851538829532767,0.007590495933662804,0.012385052888959715,0.00993993515122516,0.009631637697336942
kbet_pg_label,dkd,0.358305051562816,0.6111546154437868,0.3388665875967051,0.6907302041993469,0.6977354423667014,0.7917661630198592,0.14072815061566454,0.1742636245176253,0.2649630874580974,0.1092129475182475,0.12550122110084935,0.17943428708077944,0.11100808515087794,0.11911492279891556,0.1460847603042161,0.17760062146271735,0.19818119956771824,0.30878576362958604,0.22260358442079128,0.26855953060915566,0.33236971907883006,0.19438599148616426,0.19885528318155382,0.2514391027083783,0.38761631936470525,0.5244437244235584,0.5230680337804582,0.7182280761626475,0.7489693615785185,0.7902141891684245,0.16361605480316763,0.19421948460575592,0.2296814650972318,0.14143067338513735,0.14994680305806374,0.15538600107137127,0.1267490852553988,0.14070638478800104,0.1377304810282547,0.23415753222434965,0.29975465811388136,0.25863395132358113,0.2535270340503182,0.34969014207241755,0.2905484639511966,0.20492870618084214,0.23566271606896988,0.22109961043011278,0.25406893908020567,0.28312859510498484,0.265819487212846,0.3156962123696843,0.29844213837647027,0.2932564705640935
kbet_pg_label,gtex_v9,0.2529675331351011,0.33123653792900015,0.24582651455733834,0.48011696895999545,0.5131429618091422,0.6798403857438592,0.27920295975734993,0.2996248182878083,0.34073282657678683,0.21913477345112228,0.22616523733801672,0.2578736536372188,0.2314226780004458,0.25177734894185566,0.274916083802429,0.28241902882604775,0.30362238169766104,0.3861500202813534,0.23078854475618307,0.26194118778976017,0.33242546651358423,0.19853400919003272,0.19699845128086726,0.22776242054159135,0.274627235451673,0.3218470535453958,0.3008335432791299,0.478100849188586,0.48318384941177356,0.639897924194915,0.2976499715573512,0.2943450296444882,0.3352199796017574,0.22335941022815062,0.23334350940256338,0.24114534492215123,0.24992309622536482,0.2565601877263947,0.2619168056371527,0.31150985061232456,0.32794370453841043,0.32904125923301675,0.2608135813801252,0.30248672023945966,0.294660204921268,0.20294812838558338,0.21148310772491938,0.2135185485813083,0.2657494756905863,0.27369915932279015,0.27418261245487385,0.31901129483278284,0.2931443719439098,0.2953993225586582
kbet_pg_label,hypomap,0.04162247608759348,0,0.03590599507926862,0.6400887153329786,0.622807061285079,0.41045445768170413,0.21652309382793564,0.15525276930336826,0.018720986687492724,0.4015118046407726,0.3587642258313677,0.2669442395826883,0.3705481821417461,0.32748727579145565,0.24464174411416914,0.18127398988211677,0.15284169818380058,0.04833175998623358,0.3520588966169629,0.3505579568123785,0.27530884144456635,0.0006646469744458325,0,0,0,0,0,0.6292928784801988,0.5756542123600186,0.4759391667936934,0.21821518986902783,0.118315269954457,0.10306296256818231,0.376670498326217,0.34064310631944156,0.30289018888921054,0.34513625388534563,0.3175365514807423,0.31775948662012904,0.1831335323037912,0.17877050815394976,0.11746989709435057,0.3477809316475616,0.29879434324911475,0.2969500443844317,0,0,0,0.3297711147306623,0.3319965640006508,0.33463658796557694,0.3220452276859972,0.3103040184664098,0.3493540730992326
kbet_pg_label,immune_cell_atlas,0.2204548841489848,0.4147632019693672,0.20811632261509952,0.5082399828711495,0.5220683967609857,0.6419132671181732,0.1438471027994426,0.15398056897337367,0.23911718415209487,0.11514077966927601,0.14421949488129177,0.20482233087613638,0.11674380694908817,0.13487794612660872,0.1577093311320186,0.1546234671328942,0.17626075146316925,0.21844992836770782,0.16527148128692823,0.18834995855762876,0.27555645912987786,0.17702379140383045,0.1798008002023008,0.2245193998099675,0.26403072199689337,0.33981208171607324,0.36721982402532627,0.5190814908478618,0.5179355112657769,0.5785324108703276,0.17855915611520584,0.21180397628285397,0.21653109625936703,0.14887695854107116,0.17518436506602378,0.1794479047347291,0.1279637594818106,0.14920739544184972,0.14959754746186346,0.17122696614828167,0.20660523452618126,0.20951036757060823,0.18129309792793183,0.23644070745513926,0.2291333693910118,0.18017817344845058,0.19675205749266486,0.20223929165560278,0.20757699333847734,0.21156702473529368,0.21124271426743568,0.2587545399341504,0.22921386304955052,0.2342948037513482
kbet_pg_label,mouse_pancreas_atlas,0.3391220440884884,0.4809510228465228,0.3134568712813913,0.7116903939035625,0.7337651341462146,0.7668324098132446,0.13176364657982126,0.17451751543084743,0.3015132945822978,0.08991729746320021,0.10625115643351181,0.1673234612073293,0.10532651791942592,0.11212728711594366,0.14467463183797052,0.18348386367765976,0.1940961500098864,0.2604033102927871,0.21020880475295778,0.22423113891800628,0.29651439027499477,0.27370299798439374,0.2697854637076989,0.3088910836593574,0.3450823428096141,0.4164464210931302,0.42614753482828294,0.712982533045718,0.722609154738517,0.7500864551243533,0.17129052968415362,0.22437512897772893,0.2452570352117595,0.10877668158255842,0.13969878524456608,0.1445092733412543,0.11258944484166994,0.1306055961615834,0.1356013875233476,0.19900713579895302,0.2504045747342839,0.23776496327587793,0.23159280915994973,0.267120546500227,0.2568714791099249,0.26372214561783797,0.2829060915249885,0.2903135676390459,0.34300886126287267,0.342994451141641,0.35904036884026014,0.3923782951393629,0.35564929989807015,0.3758383675922909
kbet_pg_label,tabula_sapiens,0.21502020583176848,0.2590439424014593,0.2111161591511829,0.4139891700359903,0.4088686382840588,0.5036651872491466,0.2066683069957613,0.22011211091108215,0.33667343914963066,0.17725045206916867,0.18326787541050799,0.20406218457951708,0.1896327830368121,0.20527921789024672,0.22539086202229983,0.22314201929740946,0.23658533753880412,0.2800989707943083,0.2304356188376206,0.24139711751900683,0.2562940636489494,0.22888043726817656,0.2297573049500883,0.247842209506702,0.21874949394697307,0.23932737265226794,0.24252352709470146,0.4187860208971593,0.4383099540450353,0.43732274084369877,0.2243321524605553,0.25096784721880117,0.24859156580510194,0.18607182113587847,0.18694394514140322,0.1934962078567434,0.19769327840945666,0.20092497848451835,0.20988758614763192,0.2409632616408392,0.2517378158841571,0.25279799133457403,0.2404599414215408,0.24607689146405184,0.24115650480861484,0.22931227406115595,0.23223692044784086,0.2340772718606839,0.32151088431508723,0.33267646577519644,0.32266999547795444,0.35302899745940236,0.34395077186643913,0.33927143450708047
kbet_pg_label,celegans_embryo,0.3154391064683531,0.375637437106037,0.31133080376666733,0.46936834432638175,0.5276787104473679,0.6714052492535166,0.22011407096811186,0.25744162219134065,0.3225257183939134,0.15826541479833967,0.18712987896044994,0.2649957444024682,0.16990411092189328,0.20776777474186775,0.2501569559636781,0.2504647760223428,0.25313958003767306,0.32130938293555394,0.27073567963602096,0.27179605259688006,0.31387658281290015,0.3077512957805552,0.3134431850583059,0.37302032997855195,0.32783458405465576,0.3704669819460109,0.34919765450024554,0.471025070719199,0.5282391588510679,0.6168285361818893,0.2684524288093493,0.2935539573115609,0.2899770743763976,0.179941856824676,0.22289241499874407,0.23790446334334547,0.1917964726206789,0.22263013172510931,0.23461614251163446,0.25225751205677094,0.2940020743698348,0.28712147950294725,0.27774693008571716,0.29767789320491284,0.30109468548938156,0.314615659080693,0.3299892747425145,0.34046428468274775,0.3552818113650186,0.3625053818513956,0.3647875613186855,0.3894296889468758,0.3802190825826085,0.37949211851627535
kbet_pg_label,ocular_atlas,0.30711482121322764,0.40356949373382006,0.30115677202188773,0.47940092497460096,0.4850398083338831,0.5542586754017023,0.19316024021402323,0.2799408345879127,0.40740584072114683,0.14795048535726182,0.16284755847835175,0.2261353311792773,0.18688821782987527,0.1953022336779733,0.255567115829351,0.2560957162727959,0.2620277652169075,0.34654265089386027,0.15683623031705798,0.1704821290176398,0.23679383953023275,0.09319712807511765,0.09559652933534023,0.1302337439016543,0.316385024911992,0.35621728192668567,0.34978153247860927,0.4829556572690413,0.47638911120361027,0.50952267354734,0.28192368127607575,0.3473684058306841,0.3488629869476186,0.157237565201562,0.1815410036404209,0.2006836154670015,0.20461227535904697,0.21600800883238638,0.22645401963387804,0.27481139971867496,0.2875493432584375,0.29646060096683835,0.17364405903942332,0.16460604552209432,0.1885093084339449,0.09724297152742357,0.10692368697729816,0.10970504601869785,0.2540504453206425,0.2705507023728702,0.26178379204540336,0.30121667001366026,0.28092155197071644,0.2759024017601368
kbet_pg_label,tabula_muris,0.4409890352017703,0.49243201933710173,0.43961281692896087,0.5394644358241619,0.543219132673068,0.6596634410178438,0.5211527416393339,0.5352916907363242,0.6136799880572837,0.46961154554282725,0.4734699172036305,0.5111115358148941,0.49452960822122144,0.49887571146084125,0.5295029771145795,0.5450486256252061,0.5539257958972865,0.5825097390376466,0.4853043121080173,0.4946331895258659,0.5451433903224147,0.5529914692708469,0.5609649439592687,0.6003408538406796,0.4461885471451972,0.4776880819297064,0.46398884415913677,0.5419775047880504,0.5964358962217192,0.5823726589215864,0.5337291487031969,0.5762572311276847,0.5760105005233298,0.47720798910767487,0.4891048770239722,0.49763585301110014,0.5031595482030125,0.5129451384706706,0.512091613428888,0.5500524439551449,0.5664005273972702,0.5648485041044735,0.49968770771065246,0.4984757190114595,0.5133261418892899,0.5646582843557925,0.5811680155056137,0.5855401818509935,0.6500802261334858,0.6627737530483783,0.6513288526312071,0.6745658913522715,0.6682486727617277,0.6672832383750675
nmi,dkd,0.8360562133659654,0.2778518126556407,0.8219375104214741,0.7932921307375596,0.7851957618046954,0.31616106701536617,0.7760480411440102,0.8020695883252478,0.7446161523151628,0.7871236511691423,0.8058819254757119,0.7533583991909334,0.7694998854758724,0.7848812092863483,0.8105206630182865,0.8297545214093489,0.8334190371841392,0.7408384417546628,0.8499697219703347,0.7830806826633893,0.48140349451392095,0.8024488475213943,0.8033043227035617,0.7507365117697982,0.8187962417351368,0.376185601344969,0.3714458127156669,0.7328899531728325,0.7177666671189561,0.4660381642320917,0.8017430098520688,0.6989968856275414,0.7877411546620574,0.8205442840399527,0.486062013189811,0.7968893723518639,0.7829923787756868,0.6992556080896303,0.824049831411717,0.8264573035068314,0.6433027351676857,0.8189416933282184,0.7989499330301857,0.3374335817542116,0.7064293337196366,0.7932914238866613,0.7543839552056806,0.7497672265069679,0.7926997623555717,0.791931216976411,0.7944974722295073,0.7466720627282525,0.7617794082105894,0.7843899150223871
nmi,gtex_v9,0.7516828151736605,0.5322484274871961,0.7647460985031188,0.654020842099207,0.6463828545008311,0.3811724637231122,0.8267809264307737,0.8174804913418703,0.5024919386978743,0.8243240877210034,0.8241033715988868,0.7818026569921533,0.8111638371540257,0.8140737846705653,0.748743562928774,0.8300529718187012,0.8311086130549313,0.6204615739424599,0.8317423112598286,0.8022867732852155,0.48315597544860106,0.6236312557732923,0.6139369508969735,0.570546252885421,0.7152260816800736,0.5814355555348107,0.6120407521219066,0.6346782793785498,0.5924504545843513,0.5147415352655833,0.7898136185916236,0.7153547735527438,0.604346810910613,0.8178451064785868,0.7617008330668568,0.8001305786131319,0.8142452023564916,0.7522029631777646,0.7974319494916622,0.8287671934845187,0.7374913418521234,0.79585821093757,0.8029171285196501,0.5200463103157021,0.7496195076229808,0.6111631657182428,0.5882875666266881,0.5806245521345034,0.7843204162383676,0.7695833842632354,0.7836242908337322,0.6791270533702131,0.7475605169407604,0.7408978768643866
nmi,hypomap,0.7189343410067095,0.6779186652206577,0.6742708820307765,0.615042876973743,0.6246285312170025,0.43308089203533134,0.6399088031810739,0.6464705588943909,0.7348893134128064,0.6120513758061614,0.6204646751338926,0.629988241870162,0.6320393463146815,0.6280102246190082,0.6266737547820619,0.6131614907157354,0.6245456263325817,0.6660296122587169,0.5917496160454145,0.5984714500668428,0.6617333133368986,0.6361076254740138,0.6329726168761828,0.6368393840141863,0.6776324975655301,0.7468335488014332,0.7374000122814879,0.6120244432247766,0.5812112093615058,0.5327800403463044,0.6365928279920218,0.6320468266056689,0.7531008373869675,0.6077601558588274,0.48298791969368365,0.6319903814662917,0.6354657767842194,0.5848864511390267,0.639863149477117,0.6183590148010251,0.7536634742877283,0.6639770268461854,0.6012195381383699,0.6480091716969162,0.6148695938799484,0.6449774541609619,0.6824383791440048,0.6225690182444792,0.5796136400710603,0.5926586049089804,0.5844300995216605,0.5652265528464681,0.5932152786518378,0.5790997271232399
nmi,immune_cell_atlas,0.7209831814197558,0.41784558678800426,0.7440223433927073,0.654667022937664,0.6506022008971962,0.3103202709873319,0.6657186260189766,0.6937829240492417,0.6953996888307734,0.6587917141697341,0.6918803551307766,0.6006765445415485,0.6646190277458721,0.6826989070917169,0.7214529399202687,0.7531610977958246,0.7622546214793718,0.6973653921707031,0.7856060929856199,0.7722022725157178,0.5031159592161089,0.7652489489528159,0.7587835904043234,0.7374380051812381,0.7462595722952846,0.5669456305346445,0.5129594414748783,0.6414622935713992,0.6026426299440028,0.38669183988681816,0.6816803887750846,0.654320209121428,0.7232048759685696,0.6789967643055811,0.5809015626931354,0.6970048855267836,0.672131936752955,0.6520563824778117,0.709631277941256,0.757728344273041,0.6471963044669566,0.7284520599349652,0.7711622216185251,0.6340347706509398,0.7069094226049973,0.7630218402077839,0.7157484658725705,0.754543693186642,0.8030224238929223,0.7973940073050281,0.7937208042581844,0.7609285154473237,0.7785993261672127,0.7830663206933013
nmi,mouse_pancreas_atlas,0.7826252921013138,0.5379824851924389,0.7950249285289254,0.6365170001079644,0.6265231931553781,0.3460699707636038,0.7123413746863408,0.7429808284476692,0.6885208350301797,0.6925099511194768,0.7003999578776506,0.7616528307046545,0.6966129789642298,0.694507218669814,0.7561664325219721,0.7248701492557558,0.7240793736440444,0.7419142164096137,0.8483081095699929,0.8371610628664284,0.5882432410936252,0.60632409694114,0.599555331523282,0.5861753824162866,0.7748730594663706,0.5273928605580853,0.5730747778286404,0.6335452344769765,0.5789501342840937,0.41790221892817553,0.7325463824353979,0.605293407476832,0.8023354089138277,0.6680431901994155,0.5267632723284136,0.7462902458449343,0.683514265270667,0.6296470573211651,0.7336902426505926,0.7029482347469271,0.6198209307248951,0.7381940953896874,0.8423426607405545,0.7575872242255826,0.7850272815498741,0.6086290387963131,0.5872603808919264,0.5982277397104693,0.8082840233201287,0.8240914152268055,0.8409185684723948,0.7574388437704335,0.8145789368898436,0.8022367295790042
nmi,tabula_sapiens,0.6934453790169535,0.620115398346898,0.6927083619379577,0.6417248901515286,0.6348844323087192,0.4099249381602916,0.750467773701783,0.7459982462406806,0.5720199366285397,0.7458994628732579,0.7445354278314942,0.7442459032232802,0.7430718774786549,0.7508830714457697,0.7473585689993129,0.7493361522458638,0.7534204673825006,0.7439095558848937,0.7581476616177878,0.762623582270738,0.7545988164348851,0.6661659888992403,0.6606921562163771,0.624377011555458,0.6981648406358675,0.6603835329742626,0.6599147815335938,0.6301894247545573,0.5279838118987927,0.5082306170367077,0.7502160962850959,0.6765071416324576,0.6669796344388239,0.7411202266480985,0.7329070112529005,0.7531030931415799,0.74849031486616,0.7349796840086346,0.7499748181343536,0.7523449339074714,0.7488792016074629,0.749170959607026,0.7569530596054945,0.7559310712654733,0.7584889301152083,0.6574165387156485,0.6435852438771399,0.6376018338926042,0.7387289106296273,0.7356409576701416,0.7358779974205527,0.6894266211270585,0.7154598670788376,0.7119001260496949
nmi,celegans_embryo,0.7686152224513292,0.6901423043451153,0.774350372039165,0.6853339770278618,0.6809865893924988,0.29301846099659506,0.7568632852592637,0.764518593907428,0.6279642104125306,0.7547626802628884,0.7533960039987361,0.7147471658242224,0.7507265088715972,0.7653425282420095,0.7479845755766897,0.7474919027285799,0.7562453587189932,0.7422063334028811,0.8002346510949998,0.8185397098443368,0.7003931243419259,0.7774393584448357,0.7641475231917092,0.7297685821603164,0.7931197866293952,0.7096373418606869,0.7094058830579435,0.6727017876478042,0.5993463588242012,0.4685974661059042,0.7436901589536185,0.6577677012158731,0.6450118557971495,0.7802149938519681,0.737139948802645,0.7498551671663213,0.7707070178047567,0.7612740512000256,0.7564703444832959,0.7534981069167498,0.7419818502952436,0.7513136736007127,0.8121847943721677,0.8095143136552052,0.7509601957333022,0.7649700153437674,0.7614448385713671,0.7551389704465393,0.738565781500874,0.7462647497185718,0.7360575144138861,0.6605578245404781,0.7115102937859842,0.6941280868675515
nmi,ocular_atlas,0.8214517075359095,0.7091761077656389,0.8205488763948352,0.7327816242650231,0.7248453595845576,0.48697026581409025,0.8657165794780682,0.8647107015655832,0.6657701587293914,0.8700245799467089,0.8700398211824949,0.8670696156786319,0.8653461144252215,0.8691933693130632,0.8632568577796474,0.8772636367661307,0.8768915573513326,0.8617602770748416,0.8817132995369249,0.8745396473305076,0.8217704886255024,0.6857068624864437,0.682227862217641,0.5864351019196418,0.8232032253368183,0.7997317203841741,0.801746062209545,0.7235087313304017,0.6497905451077637,0.6336412873345084,0.8647237734936896,0.7698461732472257,0.771331933944269,0.8691338016308334,0.8666760265795003,0.869106902564053,0.8710995952762596,0.8613392944397369,0.8665421118686221,0.8763958168842462,0.8692372201647447,0.8717398416380621,0.8730457645123093,0.8767445109425088,0.8583795875329899,0.6763659927517001,0.654472399326063,0.6565653784856172,0.8564801198987599,0.8525129868213089,0.8510434244029419,0.8211231091582603,0.8411078891743219,0.8390779553712392
nmi,tabula_muris,0.7936582145352146,0.7480703693492543,0.791115456311362,0.7130946386014256,0.7090387045216017,0.3630110776693832,0.8362082039552045,0.8459714775035244,0.5594985730785185,0.8252741529781236,0.8312733497677709,0.8248762310761474,0.8290377403064438,0.8368011007304361,0.8416499859457102,0.823098246415822,0.8281967910451536,0.8345362336647073,0.837178445588828,0.8421869513748299,0.7763787347155543,0.7527048251690697,0.7514506675902846,0.7342578168804309,0.7957903186645788,0.754832440371287,0.7656287174570299,0.7142278759852031,0.6600456201962246,0.4989695142461998,0.8335334440603193,0.7162892283506899,0.6923182413909236,0.8399009601735842,0.8282306802569634,0.8329147087840396,0.8425745928152332,0.8390341474886286,0.843443908657217,0.8247274907354348,0.8203910985756604,0.8328089321873837,0.8398404229402917,0.8405257976498715,0.8285674864119462,0.7560357387163144,0.7448631488657494,0.743794021704288,0.8327160586671241,0.8207716013357027,0.8300019894213005,0.7730343579476179,0.8025176839316149,0.7979907064083511
nmi_batch,dkd,0.9126631819210885,0.9689201622224453,0.9160602303365388,0.9206533913667367,0.9211149430471426,0.9806926270520087,0.7572550479273158,0.7885529357902064,0.9121789232667133,0.7851890770179704,0.8684033906264497,0.9121150186537728,0.6909238916472372,0.7557117130053239,0.9085307640465615,0.9089698076181848,0.9088889953239748,0.9220563818038533,0.914958354720588,0.9282107982890995,0.9624896286019079,0.9194073032664636,0.9162523930626906,0.9277436620152514,0.9152381770492011,0.9636941629691739,0.9545550211523165,0.9256425334724276,0.9271171162373619,0.9673409789522225,0.7866488291411559,0.8289961845614857,0.9154085174037501,0.9089295044803373,0.8355555611218134,0.8688487097695882,0.6977020346193457,0.8050197026649332,0.9092461223243251,0.9086020576682687,0.9081795104820587,0.9192717052044498,0.9235343307471161,0.9762894030163469,0.9432741499793008,0.9201078112682505,0.9223325187227096,0.9291642508742626,0.9069634542588829,0.9131887035747037,0.9124928468962268,0.9151462973429173,0.9192571792585751,0.9138483666339299
nmi_batch,gtex_v9,0.6693582422943087,0.7919146559006287,0.662413342616745,0.7775602025154903,0.792275620853703,0.94964632590982,0.46569189928652477,0.4941296709039542,0.8360199708317784,0.469815427954636,0.46825390028886216,0.5039312269861979,0.48888304576857716,0.46327880410473377,0.5160277105771387,0.46629369718607466,0.4625819809542112,0.6950902783364902,0.4787074480438461,0.5692348169500975,0.8069533282770144,0.7921963293089944,0.8243216237072697,0.8305345371683597,0.6417064047308558,0.7718467248509067,0.7405953137480399,0.7816293916318868,0.7956394703686782,0.9136793450712873,0.5487341330218898,0.5006316478095197,0.7674182474012103,0.4255949772489671,0.4800187668322694,0.4917305969958725,0.46478406581093396,0.49459644249904094,0.4965234154628083,0.46497256449752794,0.5248602471794306,0.5451931034921892,0.578669884475817,0.7287243589826724,0.5964293037309113,0.8040681830346648,0.8237000403485023,0.8069066343253152,0.6198536092039921,0.6270151833510182,0.622411936592494,0.7240269458173333,0.671669453454523,0.6700592602383305
nmi_batch,hypomap,0.8182105930225184,0.9053439438617321,0.816533866093001,0.8353169779525195,0.8355519424803516,0.9525656531154792,0.692986333837499,0.6936606165851071,0.8450944212653436,0.6196984359537502,0.6322038762707388,0.7391174100862541,0.6715414895776061,0.6809669849880436,0.7115124978863145,0.6811250150660635,0.6857487583019072,0.7944887190613142,0.625497602827651,0.6646556357679022,0.7855617574434934,0.7422764582646653,0.7544296206483125,0.8507258727228123,0.817512153270708,0.8275123337449528,0.8530996178472098,0.8440670465395766,0.8474775238975488,0.9073697551108324,0.6973658218676247,0.789937377636517,0.8002479501246769,0.6300761791575465,0.7294654840339966,0.6891300783151666,0.630622738942976,0.6785457237519088,0.7077161993419964,0.6856482269272375,0.8174467082554772,0.7659206268378796,0.664328279986481,0.7686080723147729,0.6777126336868987,0.7824448234174493,0.8135439627180984,0.8433471754797738,0.6224383852065775,0.6320965132287847,0.6386500848190314,0.6839993016739309,0.6438518960265622,0.6455921916650763
nmi_batch,immune_cell_atlas,0.8648688640109414,0.9362081580426665,0.8708517984785381,0.9160671749013922,0.9143617474219502,0.9797138496050903,0.5136833159885565,0.6778494461319966,0.8568621760078255,0.45254270163386534,0.5811220658446088,0.8118491259479576,0.5048768240333346,0.6083766404126649,0.7900148352447398,0.7821131332308547,0.8502206711460273,0.8576211106812245,0.8271029349004761,0.8424845913082439,0.9016248190818265,0.8858183092805948,0.8872939268065736,0.8896254592142974,0.8751555869216988,0.9122122238786592,0.9155014343755028,0.9191800900926486,0.9265899928902126,0.9602129369044663,0.589768785777859,0.7158549709824152,0.8415925076721782,0.5448767325682421,0.7102483380827918,0.7389632486470238,0.5245945805016544,0.6783663167125229,0.7111400522023589,0.8188268588754174,0.8520810189182468,0.8388087471601061,0.8343471356168923,0.8583484805443782,0.8556940089366345,0.8842089035555895,0.8925976134633711,0.887921614054231,0.8515011842707888,0.8453570874157299,0.8488182308625585,0.8580010736703083,0.8522342195617919,0.8561675415789723
nmi_batch,mouse_pancreas_atlas,0.7150651095491857,0.747082639520771,0.7200609239728982,0.7614028205215826,0.7712716766552099,0.8889191739698502,0.34140852864111226,0.3976584961972734,0.6999961070275648,0.2645552229893546,0.28223743619094077,0.5170359789159722,0.2652450460292319,0.2761450288907676,0.43320026995970157,0.32258690321093303,0.3390418379347343,0.4975792623265273,0.6393834674915662,0.6395221626471554,0.7475440343905799,0.85321996486964,0.873359988388963,0.8600967929511176,0.7161553495896037,0.7253789278617216,0.7376410429571102,0.7666501475816657,0.7959163571726551,0.8485551780182699,0.40566246061088623,0.5527048636685735,0.6115358955466808,0.2156386151266039,0.3507870382631763,0.4482609750690289,0.27511597578599706,0.2867187846161246,0.36782230886767864,0.32271985487472843,0.38157203515339627,0.4288027905236521,0.6397659656992216,0.658419111315739,0.6708908588140406,0.8613922188737297,0.8715635418063983,0.8741713633185284,0.6115777010751607,0.6199238298792523,0.6472373748394402,0.6992239404862183,0.6730668113155551,0.6932284032366471
nmi_batch,tabula_sapiens,0.6498637264921848,0.7475058572714617,0.6837420514150532,0.8040835767424503,0.8114198523023036,0.922667648653018,0.4748039801570051,0.5000616091421108,0.725758167320611,0.38825724811346407,0.472221295702775,0.5359062954951505,0.4098898666338347,0.488352357668167,0.5522155915744646,0.4661328068770599,0.4748854714880628,0.5219921540251119,0.5374642923933463,0.5415616200347265,0.5466546769219782,0.7690582465239374,0.7554202744481331,0.7867350552724623,0.7093466979818652,0.731815170240823,0.707926527102201,0.8120249220399185,0.8474142672699454,0.8896295358105659,0.48828161524983393,0.6111905400515232,0.6236078963426168,0.39890587426536717,0.48460694878882543,0.48299393217347664,0.4270050204603972,0.44740911314731435,0.49453702453756326,0.47338858412158263,0.486061600054881,0.5089447065203146,0.5220770264238083,0.5421943841614548,0.5444399740872051,0.7643656381011407,0.7716929375139105,0.7859245117235633,0.6174772651147156,0.6277607384098604,0.6227363330860253,0.6963881434245083,0.6543575340722442,0.6799593660335154
nmi_batch,celegans_embryo,0.897649018868518,0.9401133301178627,0.9136167022120113,0.8871757840126009,0.8916610066029781,0.9770972741047776,0.8628654913738536,0.8751286210468419,0.9315012174315067,0.8561129214263684,0.8595865934999906,0.8751106699976008,0.8635727270232966,0.872200864639827,0.8733381628250606,0.8489540227267661,0.856787456849757,0.8945358993214348,0.9148277305607085,0.9149357697339395,0.9421435122576083,0.8959217098527626,0.8903299403990866,0.9232806532380984,0.9433837505242201,0.9065284119958138,0.9115094793316152,0.891731618204791,0.9152669605682427,0.9652601884105912,0.8625893710546437,0.8695054524635344,0.9200850648770099,0.9305879937914647,0.915925609239522,0.947527021754625,0.9092719525454409,0.8943355255626781,0.8729065551302988,0.8621202780328808,0.8763436886513243,0.8648041570077901,0.9188970501309441,0.9304794594896378,0.9410021177744251,0.896244726746415,0.899642461756871,0.8991064167562628,0.8819213035342535,0.8755654079176312,0.8766265221938253,0.8919484130562001,0.8663235976129322,0.8699351874894317
nmi_batch,ocular_atlas,0.6102564496290608,0.6688230274440807,0.6130189932592729,0.7069199565505425,0.7106478448550215,0.8664263486116047,0.5402306050370005,0.5404178516779305,0.7540276550543641,0.5356930391214306,0.533406796289938,0.5412654700665728,0.5366335790180143,0.5353405999822581,0.5451380250173509,0.5382107922732657,0.5386555394944905,0.5466911076497407,0.535562123855251,0.530891097712649,0.5913133157270357,0.7429814365512343,0.7681254997963842,0.8110511809298236,0.6108956248770888,0.6286312597493756,0.6259098811163144,0.7121750898235762,0.7442701375276927,0.7835618284700049,0.5418061533444769,0.6271277409779576,0.6374241007226857,0.5368559627154033,0.5404893715997743,0.5388776010806329,0.5414064967392516,0.5413428292877374,0.5398064271416937,0.5375748557961613,0.5397382795922534,0.5382647344407726,0.5353828508142561,0.5343350942245544,0.559849491559856,0.7594009902116445,0.7660487989462199,0.7772231390466461,0.5590260141620584,0.5717947025561659,0.5741605461143245,0.5987135834607691,0.5840345983882297,0.5826141978538237
nmi_batch,tabula_muris,0.684057117467627,0.7226551772699854,0.6782002853435315,0.762558121934121,0.7614083297618973,0.9122170104182764,0.5821298774205667,0.6039864058469969,0.8599207228826111,0.5493185419709717,0.5393317842557793,0.6464731172321618,0.5779270403046606,0.6004354655250594,0.610875324054308,0.4959774809358376,0.5101406138742551,0.5781907489648891,0.6143178703298763,0.6231405755091197,0.665290460535088,0.7587064907292075,0.7574198320452855,0.7771386037389844,0.6827032770730515,0.7151193003730979,0.7224250736618402,0.7634118902904751,0.7800819206817425,0.8870779505607482,0.6201771395973451,0.744399410558872,0.7594608031411708,0.5967550794572315,0.557030931973624,0.5873113981590705,0.5650085708227267,0.6015963592423526,0.604543174287476,0.5146665923540754,0.561983098287844,0.5538126631260915,0.6215898192864907,0.6049599618750897,0.6440201079895403,0.7575340674659695,0.7676154232981001,0.7629833546750087,0.6471100585280704,0.6708276628142583,0.6571232708596384,0.6988748336925337,0.6904091751772677,0.6940283825457074
pcr,dkd,0.8963481708231633,0.9961273654779248,0.6896680827912876,0.8582659265521547,0.9029021916649211,0.9672760339997672,0.17689377141165402,0.47496258209440684,0.7654953934812152,3.584279893427567e-07,0.25370962202404185,0.7246551739335875,0.05322591569333041,0.24520254496131388,0.3751807930670842,0.4131060660466227,0.5789048435598674,0.8828069576643272,0.6779158965617724,0.8445474668577233,0.8997605958921453,0.7955476601383507,0.9034818893516885,0.948617286070341,0.892925309234134,0.9878729250514727,0.9942192199810179,0.8005163611942607,0.8065935434419851,0.9519096819838659,0.3399539054758377,0.4405005446788629,0.692573950366988,0.31621404460271313,0.2746358440979704,0.408986607378272,0.26836704516229326,0.31437198707242014,0.3433623647827659,0.7081724877139234,0.7875512215528215,0.8378461644786211,0.8202360840950287,0.9071572757690327,0.8674626960966145,0.8308317931681262,0.9241257425931925,0.9434164028500678,0.7112770070974308,0.7763271209131234,0.7795032290527452,0.8390377632073046,0.794012048347985,0.8125059879528201
pcr,gtex_v9,0.8435292131643916,0.9632791842135654,0.6839218325929817,0.6162275432607348,0.8271566365303369,0.894093685161513,0.0,0.34958546483807945,0.6789390606824479,0.0,0.2904504670033318,0.5340008733071409,0.0173954280708419,0.25502676410178204,0.4537826570282856,0.0,0.3248312669951899,0.644471059755874,0.5641943945907967,0.730037845379797,0.814484193977823,0.7668063898779186,0.8539003200756616,0.938973633829597,0.8992071786018525,0.9360973404772632,0.9517299596480927,0.48557172327496684,0.5481216076881734,0.8631935940380199,0.2545852665391974,0.0,0.5779027358280546,0.3624983799532961,0.4392463662695065,0.447190399257484,0.34650363251501276,0.3517023730763954,0.4130511383249901,0.38133782441053793,0.46266405541815103,0.5787148724371326,0.6876575508698849,0.7527852360665688,0.773564088359768,0.7969754770736422,0.7937157181629608,0.9333807204075428,0.806650056281536,0.8149742145426869,0.8537414353579863,0.8900671526345094,0.8194782809123033,0.8716658332087085
pcr,hypomap,0.8563770342765401,0.9783857773180481,0.5719285211945996,0.8148803108084576,0.8790048126601071,0.9527694552984762,0.2267071512496909,0.6476600249510402,0.8023087628971011,0.0,0.3065421344486317,0.783326710134822,0.027283213698519975,0.2644552507309544,0.6351592989188015,0.3010803529869605,0.5552337662337019,0.7642884893291808,0.34851215340101427,0.5451052867364905,0.7457464500600035,0.6578837198952632,0.8589281096687857,0.9868352845833034,0.8754924347681303,0.9554399683120425,0.9654943566009319,0.8163695990825927,0.826131785357569,0.9270039001909625,0.3359211656261362,0.5791087985163679,0.7272431042638465,0.2024028676164329,0.5143528471917486,0.6058888203190196,0.2147499320793022,0.3218913933921595,0.27207705687423256,0.4466372319510397,0.5651793684586809,0.6686476839051467,0.5631750111785889,0.6383935170779164,0.6751009191474401,0.8114833984461394,0.9518680224930363,0.9810415613344278,0.23304463203513384,0.425955192210614,0.4983647412469432,0.737859305541378,0.38077336751957963,0.6558166515837166
pcr,immune_cell_atlas,0.8752937272627868,0.9948453296846453,0.647760060866103,0.8060038800016085,0.9292336619591938,0.9777667335881762,0.1260982569886029,0.3542690591524838,0.6805121598865603,9.575254689652372e-08,0.35308840405697683,0.7543731761472592,0.0,0.30437804305234284,0.601996059507668,0.3938282773237712,0.7181750941495499,0.9086315410910416,0.6555469515368084,0.7553091217764538,0.8404307037309181,0.6724184740371082,0.8779547959366472,0.9569961797186485,0.9264875549632621,0.9619664701465633,0.9926050007131694,0.8247177990506173,0.8558546380817886,0.9653722054316652,0.3006297146588314,0.5355145383453748,0.6385744442277511,0.4220529946748957,0.5792653073095629,0.6614787123052088,0.2225388944019283,0.24843148526283879,0.38011178895446635,0.6646809371397795,0.8450669918486047,0.8953003890586457,0.7384284437836708,0.7919960943038682,0.8088776558631604,0.8762210687559668,0.9255543804663289,0.9479596375557915,0.8901870097833339,0.9014782736737792,0.9216046353293413,0.9408064272256824,0.8973825815081345,0.9277720509036014
pcr,mouse_pancreas_atlas,0.8289928595956795,0.948066816254654,0.4446410181839882,0.8172010807361402,0.8916731948287232,0.94182633164347,0.3548871361226633,0.6407299619844219,0.7358905763042861,3.8272501313003706e-08,0.43704382141323517,0.7417237549943153,0.0,0.31483200519389976,0.6075001341985449,0.0,0.47086673730492273,0.741296369174991,0.544622301554553,0.6544620851736045,0.7595553054732708,0.8407849261518374,0.9354137978981997,0.9667440548125306,0.752989941330306,0.9259859539722369,0.9377883402201116,0.8170758923685969,0.8439989002592524,0.9102308431724775,0.5430052212068363,0.650618762599347,0.6938914330696807,0.4951209728843743,0.6018536228969277,0.6959238369943891,0.4042365411685764,0.5164305720460631,0.5042822578018837,0.48299167277440413,0.6007541725827458,0.6932003611670654,0.6584639438189998,0.7118292645430565,0.715611006621653,0.9242091428600621,0.945476967114476,0.9602875187992633,0.7486934752803428,0.7775279847355981,0.8291858397694515,0.8533127048757898,0.7835980480823508,0.8268030722254285
pcr,tabula_sapiens,0.8644911454303373,0.9623025947285055,0.5405750403575699,0.6761362488210073,0.8172318995488983,0.8973305557287901,0.0,0.4221777868075127,0.6738154716594948,0.0,0.1441111488203402,0.3467386826097807,0.015112013036940899,0.18503054637662295,0.2342303647513571,0.01823627681400493,0.3247814228257063,0.6100707068806311,0.4394265573109573,0.5992194773696571,0.6344347490131309,0.698855277206184,0.8653358509320386,0.9581839601208536,0.8584677551448029,0.9383737999463618,0.9541985422408715,0.7709301305355918,0.807868439474882,0.8751346569267502,0.05756180274017163,0.35747732272563243,0.5956340319524556,0.11236710924343705,0.0817754101767493,0.17924358940631993,0.009934123581424663,0.0,0.15560662400312575,0.23599253008096657,0.377873255012139,0.5245052832152792,0.5260036856667589,0.5629268939593297,0.5875777838206847,0.8947742693813433,0.9144805937673425,0.9492712538377229,0.7832906167082541,0.8282210942972164,0.8397328393301564,0.8894261841617895,0.8420144375192429,0.8746464451041903
pcr,celegans_embryo,0.8836636809042477,0.994615927282387,0.7719506152547153,0.8360378929585044,0.9093776641958544,0.9649212220430603,0.29213407656523194,0.428977055059363,0.7271449192856427,0.0,0.605421060260772,0.7866063188854704,0.03539289026833443,0.5838392292009962,0.7005019138818808,0.21473390901259676,0.704825860013611,0.9327129628865707,0.6267627759145065,0.8029913849490132,0.9339047286553646,0.5942301898017903,0.8101811979957912,0.9793498292985277,0.8940339357830134,0.9808197610204781,0.9924358779453297,0.8838464945150295,0.8990972650488949,0.9435514927300027,0.48650999300088177,0.5291474654713366,0.6492533810113447,0.5783294800698416,0.7592372714135142,0.7239051008254663,0.4147621832161919,0.5889619694427938,0.673127825136811,0.7229386566341269,0.884778639963201,0.8819590574207335,0.8101834650579628,0.7447293402572547,0.9118368414041669,0.868479475350133,0.9358663948591059,0.9685818280924382,0.9059294092906748,0.925404819044829,0.9378218382457951,0.9664489239254075,0.9326358608660418,0.9558757068235737
pcr,ocular_atlas,0.6461457739571641,0.936343745178705,0.23902583916048764,0.6472229095769476,0.7610195347070396,0.8516344776684465,0.218278217606131,0.4093723368424689,0.6855602143043465,2.663952687464201e-07,0.42353732530115334,0.6484796853774344,0.003734611892198991,0.31491307124146056,0.6228315014384987,0.0,0.38776354108045524,0.7191792530725862,0.32962132269772254,0.49085723124490066,0.6430504085045992,0.8707680127776057,0.9303650240608426,0.9781389373343791,0.7101648569069293,0.8552094740113583,0.9039347831262282,0.7037583447453433,0.7110188757414908,0.8111988249467237,0.3121184007721594,0.5240787540264275,0.6157922017301555,0.3928987604172705,0.5289441090684712,0.5552870162658156,0.39804881353669513,0.4898085399181489,0.4971911818391262,0.5148532683132814,0.6138384576533632,0.670049673059949,0.4547007455084129,0.31781908198268566,0.5772561761465107,0.9226970591341029,0.9381972136890742,0.9650526294557568,0.643992235050899,0.7144828019129608,0.7186065588731791,0.7775416479544894,0.7209725376121998,0.7523863113032383
pcr,tabula_muris,0.7723501770582272,0.9560145241244946,0.10302751786644956,0.6627553641081982,0.8053010787545013,0.9488502088586048,0.3445385819163945,0.6431528013507063,0.8149019453411674,3.3549009941793186e-07,0.4528094569056248,0.8352535215804293,0.0,0.29141418153238496,0.7290459746255622,0.010484172476947357,0.554895394026612,0.7255450308463247,0.5614756637710702,0.6762015892336658,0.7814680927436878,0.6044447132485627,0.8444681736881419,0.9473212720156913,0.815364238309049,0.9250381463467218,0.938789509492025,0.56238168047548,0.614840648092374,0.9319770672702041,0.4855388132332037,0.5186014231256832,0.7649177380062014,0.5199542805349158,0.6945754652754734,0.7742170445602182,0.3691393630463009,0.5867059615138348,0.5756404645191777,0.3922328987903562,0.6961323150894586,0.667889972842326,0.6348805480377346,0.6181693632851791,0.7181310521640607,0.8353247592967313,0.9201053378054111,0.9264243861519164,0.7850546215981132,0.8431008713340844,0.8564442930888465,0.9025102911137386,0.8326429129155156,0.8838242467374898
